ISO-10303-21;
HEADER;
/* Generated by software containing ST-Developer
 * from STEP Tools, Inc. (www.steptools.com) 
 */

FILE_DESCRIPTION(
/* description */ (''),
/* implementation_level */ '2;1');

FILE_NAME(
/* name */ 'FanShroud(Xbox360S).step',
/* time_stamp */ '2026-06-24T14:57:38+03:00',
/* author */ (''),
/* organization */ (''),
/* preprocessor_version */ 'ST-DEVELOPER v20.1',
/* originating_system */ 'Autodesk Translation Framework v15.8.0.0',
/* authorisation */ '');

FILE_SCHEMA (('AUTOMOTIVE_DESIGN { 1 0 10303 214 3 1 1 }'));
ENDSEC;

DATA;
#10=MECHANICAL_DESIGN_GEOMETRIC_PRESENTATION_REPRESENTATION('',(#100,#101,
#102,#103,#104,#105,#106,#107),#2013);
#11=ITEM_DEFINED_TRANSFORMATION($,$,#1237,#1335);
#12=ITEM_DEFINED_TRANSFORMATION($,$,#1243,#1336);
#13=ITEM_DEFINED_TRANSFORMATION($,$,#1251,#1337);
#14=ITEM_DEFINED_TRANSFORMATION($,$,#1257,#1338);
#15=ITEM_DEFINED_TRANSFORMATION($,$,#1271,#1339);
#16=ITEM_DEFINED_TRANSFORMATION($,$,#1279,#1340);
#17=ITEM_DEFINED_TRANSFORMATION($,$,#1286,#1341);
#18=(
REPRESENTATION_RELATIONSHIP($,$,#2042,#2041)
REPRESENTATION_RELATIONSHIP_WITH_TRANSFORMATION(#11)
SHAPE_REPRESENTATION_RELATIONSHIP()
);
#19=(
REPRESENTATION_RELATIONSHIP($,$,#2043,#2041)
REPRESENTATION_RELATIONSHIP_WITH_TRANSFORMATION(#12)
SHAPE_REPRESENTATION_RELATIONSHIP()
);
#20=(
REPRESENTATION_RELATIONSHIP($,$,#2044,#2041)
REPRESENTATION_RELATIONSHIP_WITH_TRANSFORMATION(#13)
SHAPE_REPRESENTATION_RELATIONSHIP()
);
#21=(
REPRESENTATION_RELATIONSHIP($,$,#2045,#2041)
REPRESENTATION_RELATIONSHIP_WITH_TRANSFORMATION(#14)
SHAPE_REPRESENTATION_RELATIONSHIP()
);
#22=(
REPRESENTATION_RELATIONSHIP($,$,#2046,#2041)
REPRESENTATION_RELATIONSHIP_WITH_TRANSFORMATION(#15)
SHAPE_REPRESENTATION_RELATIONSHIP()
);
#23=(
REPRESENTATION_RELATIONSHIP($,$,#2047,#2041)
REPRESENTATION_RELATIONSHIP_WITH_TRANSFORMATION(#16)
SHAPE_REPRESENTATION_RELATIONSHIP()
);
#24=(
REPRESENTATION_RELATIONSHIP($,$,#2048,#2041)
REPRESENTATION_RELATIONSHIP_WITH_TRANSFORMATION(#17)
SHAPE_REPRESENTATION_RELATIONSHIP()
);
#25=CONTEXT_DEPENDENT_SHAPE_REPRESENTATION(#18,#2034);
#26=CONTEXT_DEPENDENT_SHAPE_REPRESENTATION(#19,#2035);
#27=CONTEXT_DEPENDENT_SHAPE_REPRESENTATION(#20,#2036);
#28=CONTEXT_DEPENDENT_SHAPE_REPRESENTATION(#21,#2037);
#29=CONTEXT_DEPENDENT_SHAPE_REPRESENTATION(#22,#2038);
#30=CONTEXT_DEPENDENT_SHAPE_REPRESENTATION(#23,#2039);
#31=CONTEXT_DEPENDENT_SHAPE_REPRESENTATION(#24,#2040);
#32=NEXT_ASSEMBLY_USAGE_OCCURRENCE('Bile\X2\015F\X0\en6:1',
'Bile\X2\015F\X0\en6:1','Bile\X2\015F\X0\en6:1',#2050,#2051,
'Bile\X2\015F\X0\en6:1');
#33=NEXT_ASSEMBLY_USAGE_OCCURRENCE('Bile\X2\015F\X0\en8:1',
'Bile\X2\015F\X0\en8:1','Bile\X2\015F\X0\en8:1',#2050,#2052,
'Bile\X2\015F\X0\en8:1');
#34=NEXT_ASSEMBLY_USAGE_OCCURRENCE('Bile\X2\015F\X0\en5:1',
'Bile\X2\015F\X0\en5:1','Bile\X2\015F\X0\en5:1',#2050,#2053,
'Bile\X2\015F\X0\en5:1');
#35=NEXT_ASSEMBLY_USAGE_OCCURRENCE('Bile\X2\015F\X0\en4:1',
'Bile\X2\015F\X0\en4:1','Bile\X2\015F\X0\en4:1',#2050,#2054,
'Bile\X2\015F\X0\en4:1');
#36=NEXT_ASSEMBLY_USAGE_OCCURRENCE('Bile\X2\015F\X0\en3:1',
'Bile\X2\015F\X0\en3:1','Bile\X2\015F\X0\en3:1',#2050,#2055,
'Bile\X2\015F\X0\en3:1');
#37=NEXT_ASSEMBLY_USAGE_OCCURRENCE('Bile\X2\015F\X0\en2:1',
'Bile\X2\015F\X0\en2:1','Bile\X2\015F\X0\en2:1',#2050,#2056,
'Bile\X2\015F\X0\en2:1');
#38=NEXT_ASSEMBLY_USAGE_OCCURRENCE('Bile\X2\015F\X0\en1:1',
'Bile\X2\015F\X0\en1:1','Bile\X2\015F\X0\en1:1',#2050,#2057,
'Bile\X2\015F\X0\en1:1');
#39=FACE_BOUND('',#224,.T.);
#40=FACE_BOUND('',#225,.T.);
#41=FACE_BOUND('',#231,.T.);
#42=FACE_BOUND('',#232,.T.);
#43=FACE_BOUND('',#242,.T.);
#44=FACE_BOUND('',#249,.T.);
#45=FACE_BOUND('',#252,.T.);
#46=FACE_BOUND('',#253,.T.);
#47=CIRCLE('',#1259,47.6000000088331);
#48=CIRCLE('',#1260,47.6000000088331);
#49=CIRCLE('',#1262,47.6000000088331);
#50=CIRCLE('',#1265,47.6000000088331);
#51=CIRCLE('',#1288,47.6000000088331);
#52=CIRCLE('',#1289,47.6000000088331);
#53=CIRCLE('',#1293,47.6000000088331);
#54=CIRCLE('',#1294,2.20000000040826);
#55=CIRCLE('',#1295,2.20000000040828);
#56=CIRCLE('',#1298,47.6000000088331);
#57=CIRCLE('',#1300,2.20000000040826);
#58=CIRCLE('',#1302,2.20000000040828);
#59=CIRCLE('',#1309,2.20000000000001);
#60=CIRCLE('',#1310,2.20000000000001);
#61=CIRCLE('',#1313,3.21520263026233);
#62=CIRCLE('',#1314,3.21520263026233);
#63=CIRCLE('',#1317,47.6);
#64=CIRCLE('',#1319,47.6);
#65=CIRCLE('',#1320,47.6);
#66=CIRCLE('',#1321,47.6);
#67=CIRCLE('',#1322,47.6);
#68=CIRCLE('',#1323,47.6);
#69=CIRCLE('',#1325,2.20000000000001);
#70=CIRCLE('',#1326,2.20000000000001);
#71=CIRCLE('',#1328,3.21520263026233);
#72=CIRCLE('',#1329,3.21520263026233);
#73=CYLINDRICAL_SURFACE('',#1258,47.6);
#74=CYLINDRICAL_SURFACE('',#1264,47.6);
#75=CYLINDRICAL_SURFACE('',#1287,47.6);
#76=CYLINDRICAL_SURFACE('',#1297,47.6);
#77=CYLINDRICAL_SURFACE('',#1299,2.20000000000001);
#78=CYLINDRICAL_SURFACE('',#1301,2.20000000000002);
#79=CYLINDRICAL_SURFACE('',#1308,2.20000000000001);
#80=CYLINDRICAL_SURFACE('',#1312,3.21520263026233);
#81=CYLINDRICAL_SURFACE('',#1318,47.6);
#82=CYLINDRICAL_SURFACE('',#1324,2.20000000000001);
#83=CYLINDRICAL_SURFACE('',#1327,3.21520263026233);
#84=SHAPE_REPRESENTATION_RELATIONSHIP('SRR','None',#2042,#92);
#85=SHAPE_REPRESENTATION_RELATIONSHIP('SRR','None',#2043,#93);
#86=SHAPE_REPRESENTATION_RELATIONSHIP('SRR','None',#2044,#94);
#87=SHAPE_REPRESENTATION_RELATIONSHIP('SRR','None',#2045,#95);
#88=SHAPE_REPRESENTATION_RELATIONSHIP('SRR','None',#2046,#96);
#89=SHAPE_REPRESENTATION_RELATIONSHIP('SRR','None',#2047,#97);
#90=SHAPE_REPRESENTATION_RELATIONSHIP('SRR','None',#2048,#98);
#91=SHAPE_REPRESENTATION_RELATIONSHIP('SRR','None',#2041,#99);
#92=ADVANCED_BREP_SHAPE_REPRESENTATION('',(#108),#2006);
#93=ADVANCED_BREP_SHAPE_REPRESENTATION('',(#109),#2007);
#94=ADVANCED_BREP_SHAPE_REPRESENTATION('',(#110),#2008);
#95=ADVANCED_BREP_SHAPE_REPRESENTATION('',(#111),#2009);
#96=ADVANCED_BREP_SHAPE_REPRESENTATION('',(#112),#2010);
#97=ADVANCED_BREP_SHAPE_REPRESENTATION('',(#113),#2011);
#98=ADVANCED_BREP_SHAPE_REPRESENTATION('',(#114),#2012);
#99=ADVANCED_BREP_SHAPE_REPRESENTATION('',(#115),#2005);
#100=STYLED_ITEM('',(#2087),#108);
#101=STYLED_ITEM('',(#2087),#109);
#102=STYLED_ITEM('',(#2087),#110);
#103=STYLED_ITEM('',(#2087),#111);
#104=STYLED_ITEM('',(#2087),#112);
#105=STYLED_ITEM('',(#2087),#113);
#106=STYLED_ITEM('',(#2087),#114);
#107=STYLED_ITEM('',(#2086),#115);
#108=MANIFOLD_SOLID_BREP('G\X\F6vde1',#1150);
#109=MANIFOLD_SOLID_BREP('G\X\F6vde1',#1151);
#110=MANIFOLD_SOLID_BREP('G\X\F6vde1',#1152);
#111=MANIFOLD_SOLID_BREP('G\X\F6vde1',#1153);
#112=MANIFOLD_SOLID_BREP('G\X\F6vde1',#1154);
#113=MANIFOLD_SOLID_BREP('G\X\F6vde1',#1155);
#114=MANIFOLD_SOLID_BREP('G\X\F6vde1',#1156);
#115=MANIFOLD_SOLID_BREP('Fan',#1157);
#116=FACE_OUTER_BOUND('',#181,.T.);
#117=FACE_OUTER_BOUND('',#182,.T.);
#118=FACE_OUTER_BOUND('',#183,.T.);
#119=FACE_OUTER_BOUND('',#184,.T.);
#120=FACE_OUTER_BOUND('',#185,.T.);
#121=FACE_OUTER_BOUND('',#186,.T.);
#122=FACE_OUTER_BOUND('',#187,.T.);
#123=FACE_OUTER_BOUND('',#188,.T.);
#124=FACE_OUTER_BOUND('',#189,.T.);
#125=FACE_OUTER_BOUND('',#190,.T.);
#126=FACE_OUTER_BOUND('',#191,.T.);
#127=FACE_OUTER_BOUND('',#192,.T.);
#128=FACE_OUTER_BOUND('',#193,.T.);
#129=FACE_OUTER_BOUND('',#194,.T.);
#130=FACE_OUTER_BOUND('',#195,.T.);
#131=FACE_OUTER_BOUND('',#196,.T.);
#132=FACE_OUTER_BOUND('',#197,.T.);
#133=FACE_OUTER_BOUND('',#198,.T.);
#134=FACE_OUTER_BOUND('',#199,.T.);
#135=FACE_OUTER_BOUND('',#200,.T.);
#136=FACE_OUTER_BOUND('',#201,.T.);
#137=FACE_OUTER_BOUND('',#202,.T.);
#138=FACE_OUTER_BOUND('',#203,.T.);
#139=FACE_OUTER_BOUND('',#204,.T.);
#140=FACE_OUTER_BOUND('',#205,.T.);
#141=FACE_OUTER_BOUND('',#206,.T.);
#142=FACE_OUTER_BOUND('',#207,.T.);
#143=FACE_OUTER_BOUND('',#208,.T.);
#144=FACE_OUTER_BOUND('',#209,.T.);
#145=FACE_OUTER_BOUND('',#210,.T.);
#146=FACE_OUTER_BOUND('',#211,.T.);
#147=FACE_OUTER_BOUND('',#212,.T.);
#148=FACE_OUTER_BOUND('',#213,.T.);
#149=FACE_OUTER_BOUND('',#214,.T.);
#150=FACE_OUTER_BOUND('',#215,.T.);
#151=FACE_OUTER_BOUND('',#216,.T.);
#152=FACE_OUTER_BOUND('',#217,.T.);
#153=FACE_OUTER_BOUND('',#218,.T.);
#154=FACE_OUTER_BOUND('',#219,.T.);
#155=FACE_OUTER_BOUND('',#220,.T.);
#156=FACE_OUTER_BOUND('',#221,.T.);
#157=FACE_OUTER_BOUND('',#222,.T.);
#158=FACE_OUTER_BOUND('',#223,.T.);
#159=FACE_OUTER_BOUND('',#226,.T.);
#160=FACE_OUTER_BOUND('',#227,.T.);
#161=FACE_OUTER_BOUND('',#228,.T.);
#162=FACE_OUTER_BOUND('',#229,.T.);
#163=FACE_OUTER_BOUND('',#230,.T.);
#164=FACE_OUTER_BOUND('',#233,.T.);
#165=FACE_OUTER_BOUND('',#234,.T.);
#166=FACE_OUTER_BOUND('',#235,.T.);
#167=FACE_OUTER_BOUND('',#236,.T.);
#168=FACE_OUTER_BOUND('',#237,.T.);
#169=FACE_OUTER_BOUND('',#238,.T.);
#170=FACE_OUTER_BOUND('',#239,.T.);
#171=FACE_OUTER_BOUND('',#240,.T.);
#172=FACE_OUTER_BOUND('',#241,.T.);
#173=FACE_OUTER_BOUND('',#243,.T.);
#174=FACE_OUTER_BOUND('',#244,.T.);
#175=FACE_OUTER_BOUND('',#245,.T.);
#176=FACE_OUTER_BOUND('',#246,.T.);
#177=FACE_OUTER_BOUND('',#247,.T.);
#178=FACE_OUTER_BOUND('',#248,.T.);
#179=FACE_OUTER_BOUND('',#250,.T.);
#180=FACE_OUTER_BOUND('',#251,.T.);
#181=EDGE_LOOP('',(#737,#738,#739,#740));
#182=EDGE_LOOP('',(#741,#742,#743));
#183=EDGE_LOOP('',(#744,#745,#746));
#184=EDGE_LOOP('',(#747,#748,#749,#750));
#185=EDGE_LOOP('',(#751,#752,#753,#754));
#186=EDGE_LOOP('',(#755,#756,#757,#758));
#187=EDGE_LOOP('',(#759,#760,#761,#762));
#188=EDGE_LOOP('',(#763,#764,#765,#766));
#189=EDGE_LOOP('',(#767,#768,#769,#770));
#190=EDGE_LOOP('',(#771,#772,#773,#774));
#191=EDGE_LOOP('',(#775,#776,#777,#778,#779));
#192=EDGE_LOOP('',(#780,#781,#782,#783,#784));
#193=EDGE_LOOP('',(#785,#786,#787,#788));
#194=EDGE_LOOP('',(#789,#790,#791));
#195=EDGE_LOOP('',(#792,#793,#794,#795));
#196=EDGE_LOOP('',(#796,#797,#798));
#197=EDGE_LOOP('',(#799,#800,#801,#802));
#198=EDGE_LOOP('',(#803,#804,#805,#806));
#199=EDGE_LOOP('',(#807,#808,#809,#810,#811,#812,#813));
#200=EDGE_LOOP('',(#814,#815,#816,#817));
#201=EDGE_LOOP('',(#818,#819,#820,#821));
#202=EDGE_LOOP('',(#822,#823,#824,#825));
#203=EDGE_LOOP('',(#826,#827,#828,#829));
#204=EDGE_LOOP('',(#830,#831,#832,#833,#834,#835,#836));
#205=EDGE_LOOP('',(#837,#838,#839,#840));
#206=EDGE_LOOP('',(#841,#842,#843,#844));
#207=EDGE_LOOP('',(#845,#846,#847,#848,#849));
#208=EDGE_LOOP('',(#850,#851,#852,#853));
#209=EDGE_LOOP('',(#854,#855,#856,#857));
#210=EDGE_LOOP('',(#858,#859,#860,#861));
#211=EDGE_LOOP('',(#862,#863,#864,#865));
#212=EDGE_LOOP('',(#866,#867,#868,#869));
#213=EDGE_LOOP('',(#870,#871,#872,#873,#874));
#214=EDGE_LOOP('',(#875,#876,#877,#878));
#215=EDGE_LOOP('',(#879,#880,#881,#882));
#216=EDGE_LOOP('',(#883,#884,#885,#886));
#217=EDGE_LOOP('',(#887,#888,#889,#890));
#218=EDGE_LOOP('',(#891,#892,#893,#894));
#219=EDGE_LOOP('',(#895,#896,#897,#898));
#220=EDGE_LOOP('',(#899,#900,#901,#902));
#221=EDGE_LOOP('',(#903,#904,#905,#906));
#222=EDGE_LOOP('',(#907,#908,#909,#910));
#223=EDGE_LOOP('',(#911,#912,#913,#914,#915,#916,#917));
#224=EDGE_LOOP('',(#918));
#225=EDGE_LOOP('',(#919));
#226=EDGE_LOOP('',(#920,#921,#922,#923,#924));
#227=EDGE_LOOP('',(#925,#926,#927,#928));
#228=EDGE_LOOP('',(#929,#930,#931,#932));
#229=EDGE_LOOP('',(#933,#934,#935,#936));
#230=EDGE_LOOP('',(#937,#938,#939,#940,#941,#942,#943));
#231=EDGE_LOOP('',(#944));
#232=EDGE_LOOP('',(#945));
#233=EDGE_LOOP('',(#946,#947,#948,#949,#950));
#234=EDGE_LOOP('',(#951,#952,#953,#954));
#235=EDGE_LOOP('',(#955,#956,#957,#958));
#236=EDGE_LOOP('',(#959,#960,#961,#962,#963,#964));
#237=EDGE_LOOP('',(#965,#966,#967,#968));
#238=EDGE_LOOP('',(#969,#970,#971,#972));
#239=EDGE_LOOP('',(#973,#974,#975,#976));
#240=EDGE_LOOP('',(#977,#978,#979,#980));
#241=EDGE_LOOP('',(#981,#982,#983,#984));
#242=EDGE_LOOP('',(#985));
#243=EDGE_LOOP('',(#986,#987,#988,#989,#990,#991,#992,#993,#994,#995,#996,
#997));
#244=EDGE_LOOP('',(#998,#999,#1000,#1001));
#245=EDGE_LOOP('',(#1002,#1003,#1004,#1005));
#246=EDGE_LOOP('',(#1006,#1007,#1008,#1009));
#247=EDGE_LOOP('',(#1010,#1011,#1012,#1013));
#248=EDGE_LOOP('',(#1014,#1015,#1016,#1017,#1018));
#249=EDGE_LOOP('',(#1019));
#250=EDGE_LOOP('',(#1020));
#251=EDGE_LOOP('',(#1021,#1022,#1023,#1024,#1025,#1026,#1027,#1028));
#252=EDGE_LOOP('',(#1029));
#253=EDGE_LOOP('',(#1030));
#254=LINE('',#1680,#375);
#255=LINE('',#1682,#376);
#256=LINE('',#1684,#377);
#257=LINE('',#1685,#378);
#258=LINE('',#1688,#379);
#259=LINE('',#1689,#380);
#260=LINE('',#1692,#381);
#261=LINE('',#1693,#382);
#262=LINE('',#1695,#383);
#263=LINE('',#1701,#384);
#264=LINE('',#1703,#385);
#265=LINE('',#1705,#386);
#266=LINE('',#1706,#387);
#267=LINE('',#1710,#388);
#268=LINE('',#1712,#389);
#269=LINE('',#1714,#390);
#270=LINE('',#1715,#391);
#271=LINE('',#1717,#392);
#272=LINE('',#1718,#393);
#273=LINE('',#1721,#394);
#274=LINE('',#1723,#395);
#275=LINE('',#1724,#396);
#276=LINE('',#1726,#397);
#277=LINE('',#1727,#398);
#278=LINE('',#1734,#399);
#279=LINE('',#1736,#400);
#280=LINE('',#1738,#401);
#281=LINE('',#1739,#402);
#282=LINE('',#1742,#403);
#283=LINE('',#1743,#404);
#284=LINE('',#1746,#405);
#285=LINE('',#1747,#406);
#286=LINE('',#1749,#407);
#287=LINE('',#1755,#408);
#288=LINE('',#1759,#409);
#289=LINE('',#1764,#410);
#290=LINE('',#1765,#411);
#291=LINE('',#1768,#412);
#292=LINE('',#1770,#413);
#293=LINE('',#1771,#414);
#294=LINE('',#1774,#415);
#295=LINE('',#1775,#416);
#296=LINE('',#1778,#417);
#297=LINE('',#1781,#418);
#298=LINE('',#1782,#419);
#299=LINE('',#1785,#420);
#300=LINE('',#1786,#421);
#301=LINE('',#1789,#422);
#302=LINE('',#1790,#423);
#303=LINE('',#1792,#424);
#304=LINE('',#1798,#425);
#305=LINE('',#1800,#426);
#306=LINE('',#1802,#427);
#307=LINE('',#1804,#428);
#308=LINE('',#1805,#429);
#309=LINE('',#1808,#430);
#310=LINE('',#1810,#431);
#311=LINE('',#1811,#432);
#312=LINE('',#1814,#433);
#313=LINE('',#1815,#434);
#314=LINE('',#1818,#435);
#315=LINE('',#1819,#436);
#316=LINE('',#1822,#437);
#317=LINE('',#1823,#438);
#318=LINE('',#1825,#439);
#319=LINE('',#1831,#440);
#320=LINE('',#1833,#441);
#321=LINE('',#1835,#442);
#322=LINE('',#1836,#443);
#323=LINE('',#1839,#444);
#324=LINE('',#1841,#445);
#325=LINE('',#1842,#446);
#326=LINE('',#1845,#447);
#327=LINE('',#1846,#448);
#328=LINE('',#1849,#449);
#329=LINE('',#1850,#450);
#330=LINE('',#1852,#451);
#331=LINE('',#1858,#452);
#332=LINE('',#1862,#453);
#333=LINE('',#1867,#454);
#334=LINE('',#1869,#455);
#335=LINE('',#1871,#456);
#336=LINE('',#1872,#457);
#337=LINE('',#1876,#458);
#338=LINE('',#1878,#459);
#339=LINE('',#1880,#460);
#340=LINE('',#1881,#461);
#341=LINE('',#1883,#462);
#342=LINE('',#1885,#463);
#343=LINE('',#1886,#464);
#344=LINE('',#1892,#465);
#345=LINE('',#1894,#466);
#346=LINE('',#1895,#467);
#347=LINE('',#1900,#468);
#348=LINE('',#1904,#469);
#349=LINE('',#1909,#470);
#350=LINE('',#1911,#471);
#351=LINE('',#1912,#472);
#352=LINE('',#1913,#473);
#353=LINE('',#1915,#474);
#354=LINE('',#1917,#475);
#355=LINE('',#1919,#476);
#356=LINE('',#1925,#477);
#357=LINE('',#1930,#478);
#358=LINE('',#1932,#479);
#359=LINE('',#1934,#480);
#360=LINE('',#1935,#481);
#361=LINE('',#1941,#482);
#362=LINE('',#1944,#483);
#363=LINE('',#1946,#484);
#364=LINE('',#1947,#485);
#365=LINE('',#1954,#486);
#366=LINE('',#1958,#487);
#367=LINE('',#1963,#488);
#368=LINE('',#1969,#489);
#369=LINE('',#1976,#490);
#370=LINE('',#1979,#491);
#371=LINE('',#1981,#492);
#372=LINE('',#1982,#493);
#373=LINE('',#1984,#494);
#374=LINE('',#1985,#495);
#375=VECTOR('',#1348,10.);
#376=VECTOR('',#1349,10.);
#377=VECTOR('',#1350,10.);
#378=VECTOR('',#1351,10.);
#379=VECTOR('',#1354,10.);
#380=VECTOR('',#1355,10.);
#381=VECTOR('',#1358,10.);
#382=VECTOR('',#1359,10.);
#383=VECTOR('',#1362,10.);
#384=VECTOR('',#1369,10.);
#385=VECTOR('',#1370,10.);
#386=VECTOR('',#1371,10.);
#387=VECTOR('',#1372,10.);
#388=VECTOR('',#1375,10.);
#389=VECTOR('',#1376,10.);
#390=VECTOR('',#1377,10.);
#391=VECTOR('',#1378,10.);
#392=VECTOR('',#1381,10.);
#393=VECTOR('',#1382,10.);
#394=VECTOR('',#1385,10.);
#395=VECTOR('',#1386,10.);
#396=VECTOR('',#1387,10.);
#397=VECTOR('',#1390,10.);
#398=VECTOR('',#1391,10.);
#399=VECTOR('',#1400,10.);
#400=VECTOR('',#1401,10.);
#401=VECTOR('',#1402,10.);
#402=VECTOR('',#1403,10.);
#403=VECTOR('',#1406,10.);
#404=VECTOR('',#1407,10.);
#405=VECTOR('',#1410,10.);
#406=VECTOR('',#1411,10.);
#407=VECTOR('',#1414,10.);
#408=VECTOR('',#1421,47.6);
#409=VECTOR('',#1424,10.);
#410=VECTOR('',#1429,10.);
#411=VECTOR('',#1430,10.);
#412=VECTOR('',#1433,10.);
#413=VECTOR('',#1434,10.);
#414=VECTOR('',#1435,10.);
#415=VECTOR('',#1438,10.);
#416=VECTOR('',#1439,10.);
#417=VECTOR('',#1444,10.);
#418=VECTOR('',#1447,10.);
#419=VECTOR('',#1448,10.);
#420=VECTOR('',#1451,10.);
#421=VECTOR('',#1452,10.);
#422=VECTOR('',#1455,10.);
#423=VECTOR('',#1456,10.);
#424=VECTOR('',#1459,10.);
#425=VECTOR('',#1466,10.);
#426=VECTOR('',#1467,10.);
#427=VECTOR('',#1468,10.);
#428=VECTOR('',#1469,10.);
#429=VECTOR('',#1470,10.);
#430=VECTOR('',#1473,10.);
#431=VECTOR('',#1474,10.);
#432=VECTOR('',#1475,10.);
#433=VECTOR('',#1478,10.);
#434=VECTOR('',#1479,10.);
#435=VECTOR('',#1482,10.);
#436=VECTOR('',#1483,10.);
#437=VECTOR('',#1486,10.);
#438=VECTOR('',#1487,10.);
#439=VECTOR('',#1490,10.);
#440=VECTOR('',#1497,10.);
#441=VECTOR('',#1498,10.);
#442=VECTOR('',#1499,10.);
#443=VECTOR('',#1500,10.);
#444=VECTOR('',#1503,10.);
#445=VECTOR('',#1504,10.);
#446=VECTOR('',#1505,10.);
#447=VECTOR('',#1508,10.);
#448=VECTOR('',#1509,10.);
#449=VECTOR('',#1512,10.);
#450=VECTOR('',#1513,10.);
#451=VECTOR('',#1516,10.);
#452=VECTOR('',#1523,47.6);
#453=VECTOR('',#1526,10.);
#454=VECTOR('',#1531,10.);
#455=VECTOR('',#1532,10.);
#456=VECTOR('',#1533,10.);
#457=VECTOR('',#1534,10.);
#458=VECTOR('',#1537,10.);
#459=VECTOR('',#1538,10.);
#460=VECTOR('',#1539,10.);
#461=VECTOR('',#1540,10.);
#462=VECTOR('',#1543,10.);
#463=VECTOR('',#1546,10.);
#464=VECTOR('',#1547,10.);
#465=VECTOR('',#1554,10.);
#466=VECTOR('',#1555,10.);
#467=VECTOR('',#1556,10.);
#468=VECTOR('',#1563,2.20000000000001);
#469=VECTOR('',#1568,2.20000000000002);
#470=VECTOR('',#1573,10.);
#471=VECTOR('',#1574,10.);
#472=VECTOR('',#1575,10.);
#473=VECTOR('',#1576,10.);
#474=VECTOR('',#1579,10.);
#475=VECTOR('',#1582,10.);
#476=VECTOR('',#1585,10.);
#477=VECTOR('',#1592,2.20000000000001);
#478=VECTOR('',#1597,10.);
#479=VECTOR('',#1598,10.);
#480=VECTOR('',#1599,10.);
#481=VECTOR('',#1600,10.);
#482=VECTOR('',#1607,10.);
#483=VECTOR('',#1610,10.);
#484=VECTOR('',#1611,10.);
#485=VECTOR('',#1612,10.);
#486=VECTOR('',#1621,47.6);
#487=VECTOR('',#1624,10.);
#488=VECTOR('',#1629,10.);
#489=VECTOR('',#1636,2.20000000000001);
#490=VECTOR('',#1643,10.);
#491=VECTOR('',#1646,10.);
#492=VECTOR('',#1649,10.);
#493=VECTOR('',#1650,10.);
#494=VECTOR('',#1653,10.);
#495=VECTOR('',#1654,10.);
#496=VERTEX_POINT('',#1678);
#497=VERTEX_POINT('',#1679);
#498=VERTEX_POINT('',#1681);
#499=VERTEX_POINT('',#1683);
#500=VERTEX_POINT('',#1687);
#501=VERTEX_POINT('',#1691);
#502=VERTEX_POINT('',#1699);
#503=VERTEX_POINT('',#1700);
#504=VERTEX_POINT('',#1702);
#505=VERTEX_POINT('',#1704);
#506=VERTEX_POINT('',#1708);
#507=VERTEX_POINT('',#1709);
#508=VERTEX_POINT('',#1711);
#509=VERTEX_POINT('',#1713);
#510=VERTEX_POINT('',#1720);
#511=VERTEX_POINT('',#1722);
#512=VERTEX_POINT('',#1732);
#513=VERTEX_POINT('',#1733);
#514=VERTEX_POINT('',#1735);
#515=VERTEX_POINT('',#1737);
#516=VERTEX_POINT('',#1741);
#517=VERTEX_POINT('',#1745);
#518=VERTEX_POINT('',#1753);
#519=VERTEX_POINT('',#1754);
#520=VERTEX_POINT('',#1756);
#521=VERTEX_POINT('',#1758);
#522=VERTEX_POINT('',#1762);
#523=VERTEX_POINT('',#1763);
#524=VERTEX_POINT('',#1767);
#525=VERTEX_POINT('',#1769);
#526=VERTEX_POINT('',#1773);
#527=VERTEX_POINT('',#1780);
#528=VERTEX_POINT('',#1784);
#529=VERTEX_POINT('',#1788);
#530=VERTEX_POINT('',#1796);
#531=VERTEX_POINT('',#1797);
#532=VERTEX_POINT('',#1799);
#533=VERTEX_POINT('',#1801);
#534=VERTEX_POINT('',#1803);
#535=VERTEX_POINT('',#1807);
#536=VERTEX_POINT('',#1809);
#537=VERTEX_POINT('',#1813);
#538=VERTEX_POINT('',#1817);
#539=VERTEX_POINT('',#1821);
#540=VERTEX_POINT('',#1829);
#541=VERTEX_POINT('',#1830);
#542=VERTEX_POINT('',#1832);
#543=VERTEX_POINT('',#1834);
#544=VERTEX_POINT('',#1838);
#545=VERTEX_POINT('',#1840);
#546=VERTEX_POINT('',#1844);
#547=VERTEX_POINT('',#1848);
#548=VERTEX_POINT('',#1856);
#549=VERTEX_POINT('',#1857);
#550=VERTEX_POINT('',#1859);
#551=VERTEX_POINT('',#1861);
#552=VERTEX_POINT('',#1865);
#553=VERTEX_POINT('',#1866);
#554=VERTEX_POINT('',#1868);
#555=VERTEX_POINT('',#1870);
#556=VERTEX_POINT('',#1874);
#557=VERTEX_POINT('',#1875);
#558=VERTEX_POINT('',#1877);
#559=VERTEX_POINT('',#1879);
#560=VERTEX_POINT('',#1887);
#561=VERTEX_POINT('',#1889);
#562=VERTEX_POINT('',#1893);
#563=VERTEX_POINT('',#1899);
#564=VERTEX_POINT('',#1903);
#565=VERTEX_POINT('',#1907);
#566=VERTEX_POINT('',#1908);
#567=VERTEX_POINT('',#1910);
#568=VERTEX_POINT('',#1922);
#569=VERTEX_POINT('',#1924);
#570=VERTEX_POINT('',#1928);
#571=VERTEX_POINT('',#1929);
#572=VERTEX_POINT('',#1931);
#573=VERTEX_POINT('',#1933);
#574=VERTEX_POINT('',#1937);
#575=VERTEX_POINT('',#1939);
#576=VERTEX_POINT('',#1943);
#577=VERTEX_POINT('',#1945);
#578=VERTEX_POINT('',#1951);
#579=VERTEX_POINT('',#1953);
#580=VERTEX_POINT('',#1955);
#581=VERTEX_POINT('',#1957);
#582=VERTEX_POINT('',#1960);
#583=VERTEX_POINT('',#1962);
#584=VERTEX_POINT('',#1966);
#585=VERTEX_POINT('',#1968);
#586=VERTEX_POINT('',#1972);
#587=VERTEX_POINT('',#1973);
#588=VERTEX_POINT('',#1975);
#589=VERTEX_POINT('',#1977);
#590=EDGE_CURVE('',#496,#497,#254,.T.);
#591=EDGE_CURVE('',#497,#498,#255,.T.);
#592=EDGE_CURVE('',#499,#498,#256,.T.);
#593=EDGE_CURVE('',#496,#499,#257,.T.);
#594=EDGE_CURVE('',#500,#498,#258,.T.);
#595=EDGE_CURVE('',#500,#499,#259,.T.);
#596=EDGE_CURVE('',#497,#501,#260,.T.);
#597=EDGE_CURVE('',#496,#501,#261,.T.);
#598=EDGE_CURVE('',#501,#500,#262,.T.);
#599=EDGE_CURVE('',#502,#503,#263,.T.);
#600=EDGE_CURVE('',#502,#504,#264,.T.);
#601=EDGE_CURVE('',#505,#504,#265,.T.);
#602=EDGE_CURVE('',#503,#505,#266,.T.);
#603=EDGE_CURVE('',#506,#507,#267,.T.);
#604=EDGE_CURVE('',#507,#508,#268,.T.);
#605=EDGE_CURVE('',#509,#508,#269,.T.);
#606=EDGE_CURVE('',#506,#509,#270,.T.);
#607=EDGE_CURVE('',#504,#509,#271,.T.);
#608=EDGE_CURVE('',#508,#505,#272,.T.);
#609=EDGE_CURVE('',#510,#502,#273,.T.);
#610=EDGE_CURVE('',#511,#503,#274,.T.);
#611=EDGE_CURVE('',#510,#511,#275,.T.);
#612=EDGE_CURVE('',#506,#510,#276,.T.);
#613=EDGE_CURVE('',#507,#511,#277,.T.);
#614=EDGE_CURVE('',#512,#513,#278,.T.);
#615=EDGE_CURVE('',#514,#513,#279,.T.);
#616=EDGE_CURVE('',#515,#514,#280,.T.);
#617=EDGE_CURVE('',#512,#515,#281,.T.);
#618=EDGE_CURVE('',#515,#516,#282,.T.);
#619=EDGE_CURVE('',#516,#512,#283,.T.);
#620=EDGE_CURVE('',#517,#514,#284,.T.);
#621=EDGE_CURVE('',#516,#517,#285,.T.);
#622=EDGE_CURVE('',#513,#517,#286,.T.);
#623=EDGE_CURVE('',#518,#519,#287,.T.);
#624=EDGE_CURVE('',#518,#520,#47,.T.);
#625=EDGE_CURVE('',#520,#521,#288,.T.);
#626=EDGE_CURVE('',#519,#521,#48,.T.);
#627=EDGE_CURVE('',#522,#523,#289,.T.);
#628=EDGE_CURVE('',#520,#522,#290,.T.);
#629=EDGE_CURVE('',#520,#518,#49,.T.);
#630=EDGE_CURVE('',#524,#520,#291,.T.);
#631=EDGE_CURVE('',#525,#524,#292,.T.);
#632=EDGE_CURVE('',#523,#525,#293,.T.);
#633=EDGE_CURVE('',#522,#526,#294,.T.);
#634=EDGE_CURVE('',#521,#526,#295,.T.);
#635=EDGE_CURVE('',#521,#519,#50,.T.);
#636=EDGE_CURVE('',#520,#521,#296,.T.);
#637=EDGE_CURVE('',#527,#523,#297,.T.);
#638=EDGE_CURVE('',#526,#527,#298,.T.);
#639=EDGE_CURVE('',#525,#528,#299,.T.);
#640=EDGE_CURVE('',#527,#528,#300,.T.);
#641=EDGE_CURVE('',#529,#528,#301,.T.);
#642=EDGE_CURVE('',#529,#521,#302,.T.);
#643=EDGE_CURVE('',#529,#524,#303,.T.);
#644=EDGE_CURVE('',#530,#531,#304,.T.);
#645=EDGE_CURVE('',#531,#532,#305,.T.);
#646=EDGE_CURVE('',#532,#533,#306,.T.);
#647=EDGE_CURVE('',#533,#534,#307,.T.);
#648=EDGE_CURVE('',#534,#530,#308,.T.);
#649=EDGE_CURVE('',#531,#535,#309,.T.);
#650=EDGE_CURVE('',#535,#536,#310,.T.);
#651=EDGE_CURVE('',#536,#532,#311,.T.);
#652=EDGE_CURVE('',#537,#536,#312,.T.);
#653=EDGE_CURVE('',#537,#533,#313,.T.);
#654=EDGE_CURVE('',#538,#537,#314,.T.);
#655=EDGE_CURVE('',#534,#538,#315,.T.);
#656=EDGE_CURVE('',#539,#530,#316,.T.);
#657=EDGE_CURVE('',#539,#535,#317,.T.);
#658=EDGE_CURVE('',#539,#538,#318,.T.);
#659=EDGE_CURVE('',#540,#541,#319,.T.);
#660=EDGE_CURVE('',#541,#542,#320,.T.);
#661=EDGE_CURVE('',#542,#543,#321,.T.);
#662=EDGE_CURVE('',#543,#540,#322,.T.);
#663=EDGE_CURVE('',#544,#540,#323,.T.);
#664=EDGE_CURVE('',#543,#545,#324,.T.);
#665=EDGE_CURVE('',#545,#544,#325,.T.);
#666=EDGE_CURVE('',#546,#542,#326,.T.);
#667=EDGE_CURVE('',#545,#546,#327,.T.);
#668=EDGE_CURVE('',#547,#541,#328,.T.);
#669=EDGE_CURVE('',#547,#546,#329,.T.);
#670=EDGE_CURVE('',#547,#544,#330,.T.);
#671=EDGE_CURVE('',#548,#549,#331,.T.);
#672=EDGE_CURVE('',#548,#550,#51,.T.);
#673=EDGE_CURVE('',#550,#551,#332,.T.);
#674=EDGE_CURVE('',#549,#551,#52,.T.);
#675=EDGE_CURVE('',#552,#553,#333,.T.);
#676=EDGE_CURVE('',#554,#553,#334,.T.);
#677=EDGE_CURVE('',#554,#555,#335,.T.);
#678=EDGE_CURVE('',#552,#555,#336,.T.);
#679=EDGE_CURVE('',#556,#557,#337,.T.);
#680=EDGE_CURVE('',#558,#557,#338,.T.);
#681=EDGE_CURVE('',#558,#559,#339,.T.);
#682=EDGE_CURVE('',#556,#559,#340,.T.);
#683=EDGE_CURVE('',#550,#558,#341,.T.);
#684=EDGE_CURVE('',#550,#548,#53,.T.);
#685=EDGE_CURVE('',#555,#550,#342,.T.);
#686=EDGE_CURVE('',#559,#554,#343,.T.);
#687=EDGE_CURVE('',#560,#560,#54,.T.);
#688=EDGE_CURVE('',#561,#561,#55,.T.);
#689=EDGE_CURVE('',#550,#551,#344,.T.);
#690=EDGE_CURVE('',#562,#551,#345,.T.);
#691=EDGE_CURVE('',#562,#552,#346,.T.);
#692=EDGE_CURVE('',#551,#549,#56,.T.);
#693=EDGE_CURVE('',#560,#563,#347,.T.);
#694=EDGE_CURVE('',#563,#563,#57,.T.);
#695=EDGE_CURVE('',#561,#564,#348,.T.);
#696=EDGE_CURVE('',#564,#564,#58,.T.);
#697=EDGE_CURVE('',#565,#566,#349,.T.);
#698=EDGE_CURVE('',#567,#566,#350,.T.);
#699=EDGE_CURVE('',#567,#562,#351,.T.);
#700=EDGE_CURVE('',#551,#565,#352,.T.);
#701=EDGE_CURVE('',#557,#565,#353,.T.);
#702=EDGE_CURVE('',#566,#556,#354,.T.);
#703=EDGE_CURVE('',#553,#567,#355,.T.);
#704=EDGE_CURVE('',#568,#568,#59,.T.);
#705=EDGE_CURVE('',#568,#569,#356,.T.);
#706=EDGE_CURVE('',#569,#569,#60,.T.);
#707=EDGE_CURVE('',#570,#571,#357,.T.);
#708=EDGE_CURVE('',#572,#571,#358,.T.);
#709=EDGE_CURVE('',#573,#572,#359,.T.);
#710=EDGE_CURVE('',#570,#573,#360,.T.);
#711=EDGE_CURVE('',#574,#570,#61,.T.);
#712=EDGE_CURVE('',#575,#573,#62,.T.);
#713=EDGE_CURVE('',#574,#575,#361,.T.);
#714=EDGE_CURVE('',#574,#576,#362,.T.);
#715=EDGE_CURVE('',#577,#575,#363,.T.);
#716=EDGE_CURVE('',#576,#577,#364,.T.);
#717=EDGE_CURVE('',#577,#572,#63,.T.);
#718=EDGE_CURVE('',#578,#578,#64,.T.);
#719=EDGE_CURVE('',#578,#579,#365,.T.);
#720=EDGE_CURVE('',#579,#580,#65,.T.);
#721=EDGE_CURVE('',#580,#581,#366,.T.);
#722=EDGE_CURVE('',#581,#576,#66,.T.);
#723=EDGE_CURVE('',#571,#582,#67,.T.);
#724=EDGE_CURVE('',#582,#583,#367,.T.);
#725=EDGE_CURVE('',#583,#579,#68,.T.);
#726=EDGE_CURVE('',#584,#584,#69,.T.);
#727=EDGE_CURVE('',#584,#585,#368,.T.);
#728=EDGE_CURVE('',#585,#585,#70,.T.);
#729=EDGE_CURVE('',#586,#587,#71,.T.);
#730=EDGE_CURVE('',#587,#588,#369,.T.);
#731=EDGE_CURVE('',#589,#588,#72,.T.);
#732=EDGE_CURVE('',#586,#589,#370,.T.);
#733=EDGE_CURVE('',#586,#582,#371,.T.);
#734=EDGE_CURVE('',#583,#589,#372,.T.);
#735=EDGE_CURVE('',#587,#581,#373,.T.);
#736=EDGE_CURVE('',#588,#580,#374,.T.);
#737=ORIENTED_EDGE('',*,*,#590,.T.);
#738=ORIENTED_EDGE('',*,*,#591,.T.);
#739=ORIENTED_EDGE('',*,*,#592,.F.);
#740=ORIENTED_EDGE('',*,*,#593,.F.);
#741=ORIENTED_EDGE('',*,*,#594,.F.);
#742=ORIENTED_EDGE('',*,*,#595,.T.);
#743=ORIENTED_EDGE('',*,*,#592,.T.);
#744=ORIENTED_EDGE('',*,*,#596,.F.);
#745=ORIENTED_EDGE('',*,*,#590,.F.);
#746=ORIENTED_EDGE('',*,*,#597,.T.);
#747=ORIENTED_EDGE('',*,*,#598,.F.);
#748=ORIENTED_EDGE('',*,*,#597,.F.);
#749=ORIENTED_EDGE('',*,*,#593,.T.);
#750=ORIENTED_EDGE('',*,*,#595,.F.);
#751=ORIENTED_EDGE('',*,*,#596,.T.);
#752=ORIENTED_EDGE('',*,*,#598,.T.);
#753=ORIENTED_EDGE('',*,*,#594,.T.);
#754=ORIENTED_EDGE('',*,*,#591,.F.);
#755=ORIENTED_EDGE('',*,*,#599,.F.);
#756=ORIENTED_EDGE('',*,*,#600,.T.);
#757=ORIENTED_EDGE('',*,*,#601,.F.);
#758=ORIENTED_EDGE('',*,*,#602,.F.);
#759=ORIENTED_EDGE('',*,*,#603,.T.);
#760=ORIENTED_EDGE('',*,*,#604,.T.);
#761=ORIENTED_EDGE('',*,*,#605,.F.);
#762=ORIENTED_EDGE('',*,*,#606,.F.);
#763=ORIENTED_EDGE('',*,*,#607,.T.);
#764=ORIENTED_EDGE('',*,*,#605,.T.);
#765=ORIENTED_EDGE('',*,*,#608,.T.);
#766=ORIENTED_EDGE('',*,*,#601,.T.);
#767=ORIENTED_EDGE('',*,*,#609,.T.);
#768=ORIENTED_EDGE('',*,*,#599,.T.);
#769=ORIENTED_EDGE('',*,*,#610,.F.);
#770=ORIENTED_EDGE('',*,*,#611,.F.);
#771=ORIENTED_EDGE('',*,*,#612,.T.);
#772=ORIENTED_EDGE('',*,*,#611,.T.);
#773=ORIENTED_EDGE('',*,*,#613,.F.);
#774=ORIENTED_EDGE('',*,*,#603,.F.);
#775=ORIENTED_EDGE('',*,*,#613,.T.);
#776=ORIENTED_EDGE('',*,*,#610,.T.);
#777=ORIENTED_EDGE('',*,*,#602,.T.);
#778=ORIENTED_EDGE('',*,*,#608,.F.);
#779=ORIENTED_EDGE('',*,*,#604,.F.);
#780=ORIENTED_EDGE('',*,*,#612,.F.);
#781=ORIENTED_EDGE('',*,*,#606,.T.);
#782=ORIENTED_EDGE('',*,*,#607,.F.);
#783=ORIENTED_EDGE('',*,*,#600,.F.);
#784=ORIENTED_EDGE('',*,*,#609,.F.);
#785=ORIENTED_EDGE('',*,*,#614,.T.);
#786=ORIENTED_EDGE('',*,*,#615,.F.);
#787=ORIENTED_EDGE('',*,*,#616,.F.);
#788=ORIENTED_EDGE('',*,*,#617,.F.);
#789=ORIENTED_EDGE('',*,*,#617,.T.);
#790=ORIENTED_EDGE('',*,*,#618,.T.);
#791=ORIENTED_EDGE('',*,*,#619,.T.);
#792=ORIENTED_EDGE('',*,*,#616,.T.);
#793=ORIENTED_EDGE('',*,*,#620,.F.);
#794=ORIENTED_EDGE('',*,*,#621,.F.);
#795=ORIENTED_EDGE('',*,*,#618,.F.);
#796=ORIENTED_EDGE('',*,*,#615,.T.);
#797=ORIENTED_EDGE('',*,*,#622,.T.);
#798=ORIENTED_EDGE('',*,*,#620,.T.);
#799=ORIENTED_EDGE('',*,*,#621,.T.);
#800=ORIENTED_EDGE('',*,*,#622,.F.);
#801=ORIENTED_EDGE('',*,*,#614,.F.);
#802=ORIENTED_EDGE('',*,*,#619,.F.);
#803=ORIENTED_EDGE('',*,*,#623,.F.);
#804=ORIENTED_EDGE('',*,*,#624,.T.);
#805=ORIENTED_EDGE('',*,*,#625,.T.);
#806=ORIENTED_EDGE('',*,*,#626,.F.);
#807=ORIENTED_EDGE('',*,*,#627,.F.);
#808=ORIENTED_EDGE('',*,*,#628,.F.);
#809=ORIENTED_EDGE('',*,*,#624,.F.);
#810=ORIENTED_EDGE('',*,*,#629,.F.);
#811=ORIENTED_EDGE('',*,*,#630,.F.);
#812=ORIENTED_EDGE('',*,*,#631,.F.);
#813=ORIENTED_EDGE('',*,*,#632,.F.);
#814=ORIENTED_EDGE('',*,*,#628,.T.);
#815=ORIENTED_EDGE('',*,*,#633,.T.);
#816=ORIENTED_EDGE('',*,*,#634,.F.);
#817=ORIENTED_EDGE('',*,*,#625,.F.);
#818=ORIENTED_EDGE('',*,*,#623,.T.);
#819=ORIENTED_EDGE('',*,*,#635,.F.);
#820=ORIENTED_EDGE('',*,*,#636,.F.);
#821=ORIENTED_EDGE('',*,*,#629,.T.);
#822=ORIENTED_EDGE('',*,*,#627,.T.);
#823=ORIENTED_EDGE('',*,*,#637,.F.);
#824=ORIENTED_EDGE('',*,*,#638,.F.);
#825=ORIENTED_EDGE('',*,*,#633,.F.);
#826=ORIENTED_EDGE('',*,*,#632,.T.);
#827=ORIENTED_EDGE('',*,*,#639,.T.);
#828=ORIENTED_EDGE('',*,*,#640,.F.);
#829=ORIENTED_EDGE('',*,*,#637,.T.);
#830=ORIENTED_EDGE('',*,*,#640,.T.);
#831=ORIENTED_EDGE('',*,*,#641,.F.);
#832=ORIENTED_EDGE('',*,*,#642,.T.);
#833=ORIENTED_EDGE('',*,*,#635,.T.);
#834=ORIENTED_EDGE('',*,*,#626,.T.);
#835=ORIENTED_EDGE('',*,*,#634,.T.);
#836=ORIENTED_EDGE('',*,*,#638,.T.);
#837=ORIENTED_EDGE('',*,*,#631,.T.);
#838=ORIENTED_EDGE('',*,*,#643,.F.);
#839=ORIENTED_EDGE('',*,*,#641,.T.);
#840=ORIENTED_EDGE('',*,*,#639,.F.);
#841=ORIENTED_EDGE('',*,*,#630,.T.);
#842=ORIENTED_EDGE('',*,*,#636,.T.);
#843=ORIENTED_EDGE('',*,*,#642,.F.);
#844=ORIENTED_EDGE('',*,*,#643,.T.);
#845=ORIENTED_EDGE('',*,*,#644,.T.);
#846=ORIENTED_EDGE('',*,*,#645,.T.);
#847=ORIENTED_EDGE('',*,*,#646,.T.);
#848=ORIENTED_EDGE('',*,*,#647,.T.);
#849=ORIENTED_EDGE('',*,*,#648,.T.);
#850=ORIENTED_EDGE('',*,*,#649,.T.);
#851=ORIENTED_EDGE('',*,*,#650,.T.);
#852=ORIENTED_EDGE('',*,*,#651,.T.);
#853=ORIENTED_EDGE('',*,*,#645,.F.);
#854=ORIENTED_EDGE('',*,*,#652,.F.);
#855=ORIENTED_EDGE('',*,*,#653,.T.);
#856=ORIENTED_EDGE('',*,*,#646,.F.);
#857=ORIENTED_EDGE('',*,*,#651,.F.);
#858=ORIENTED_EDGE('',*,*,#653,.F.);
#859=ORIENTED_EDGE('',*,*,#654,.F.);
#860=ORIENTED_EDGE('',*,*,#655,.F.);
#861=ORIENTED_EDGE('',*,*,#647,.F.);
#862=ORIENTED_EDGE('',*,*,#644,.F.);
#863=ORIENTED_EDGE('',*,*,#656,.F.);
#864=ORIENTED_EDGE('',*,*,#657,.T.);
#865=ORIENTED_EDGE('',*,*,#649,.F.);
#866=ORIENTED_EDGE('',*,*,#655,.T.);
#867=ORIENTED_EDGE('',*,*,#658,.F.);
#868=ORIENTED_EDGE('',*,*,#656,.T.);
#869=ORIENTED_EDGE('',*,*,#648,.F.);
#870=ORIENTED_EDGE('',*,*,#657,.F.);
#871=ORIENTED_EDGE('',*,*,#658,.T.);
#872=ORIENTED_EDGE('',*,*,#654,.T.);
#873=ORIENTED_EDGE('',*,*,#652,.T.);
#874=ORIENTED_EDGE('',*,*,#650,.F.);
#875=ORIENTED_EDGE('',*,*,#659,.T.);
#876=ORIENTED_EDGE('',*,*,#660,.T.);
#877=ORIENTED_EDGE('',*,*,#661,.T.);
#878=ORIENTED_EDGE('',*,*,#662,.T.);
#879=ORIENTED_EDGE('',*,*,#663,.T.);
#880=ORIENTED_EDGE('',*,*,#662,.F.);
#881=ORIENTED_EDGE('',*,*,#664,.T.);
#882=ORIENTED_EDGE('',*,*,#665,.T.);
#883=ORIENTED_EDGE('',*,*,#664,.F.);
#884=ORIENTED_EDGE('',*,*,#661,.F.);
#885=ORIENTED_EDGE('',*,*,#666,.F.);
#886=ORIENTED_EDGE('',*,*,#667,.F.);
#887=ORIENTED_EDGE('',*,*,#666,.T.);
#888=ORIENTED_EDGE('',*,*,#660,.F.);
#889=ORIENTED_EDGE('',*,*,#668,.F.);
#890=ORIENTED_EDGE('',*,*,#669,.T.);
#891=ORIENTED_EDGE('',*,*,#670,.F.);
#892=ORIENTED_EDGE('',*,*,#668,.T.);
#893=ORIENTED_EDGE('',*,*,#659,.F.);
#894=ORIENTED_EDGE('',*,*,#663,.F.);
#895=ORIENTED_EDGE('',*,*,#670,.T.);
#896=ORIENTED_EDGE('',*,*,#665,.F.);
#897=ORIENTED_EDGE('',*,*,#667,.T.);
#898=ORIENTED_EDGE('',*,*,#669,.F.);
#899=ORIENTED_EDGE('',*,*,#671,.F.);
#900=ORIENTED_EDGE('',*,*,#672,.T.);
#901=ORIENTED_EDGE('',*,*,#673,.T.);
#902=ORIENTED_EDGE('',*,*,#674,.F.);
#903=ORIENTED_EDGE('',*,*,#675,.T.);
#904=ORIENTED_EDGE('',*,*,#676,.F.);
#905=ORIENTED_EDGE('',*,*,#677,.T.);
#906=ORIENTED_EDGE('',*,*,#678,.F.);
#907=ORIENTED_EDGE('',*,*,#679,.T.);
#908=ORIENTED_EDGE('',*,*,#680,.F.);
#909=ORIENTED_EDGE('',*,*,#681,.T.);
#910=ORIENTED_EDGE('',*,*,#682,.F.);
#911=ORIENTED_EDGE('',*,*,#681,.F.);
#912=ORIENTED_EDGE('',*,*,#683,.F.);
#913=ORIENTED_EDGE('',*,*,#672,.F.);
#914=ORIENTED_EDGE('',*,*,#684,.F.);
#915=ORIENTED_EDGE('',*,*,#685,.F.);
#916=ORIENTED_EDGE('',*,*,#677,.F.);
#917=ORIENTED_EDGE('',*,*,#686,.F.);
#918=ORIENTED_EDGE('',*,*,#687,.F.);
#919=ORIENTED_EDGE('',*,*,#688,.F.);
#920=ORIENTED_EDGE('',*,*,#678,.T.);
#921=ORIENTED_EDGE('',*,*,#685,.T.);
#922=ORIENTED_EDGE('',*,*,#689,.T.);
#923=ORIENTED_EDGE('',*,*,#690,.F.);
#924=ORIENTED_EDGE('',*,*,#691,.T.);
#925=ORIENTED_EDGE('',*,*,#671,.T.);
#926=ORIENTED_EDGE('',*,*,#692,.F.);
#927=ORIENTED_EDGE('',*,*,#689,.F.);
#928=ORIENTED_EDGE('',*,*,#684,.T.);
#929=ORIENTED_EDGE('',*,*,#687,.T.);
#930=ORIENTED_EDGE('',*,*,#693,.T.);
#931=ORIENTED_EDGE('',*,*,#694,.F.);
#932=ORIENTED_EDGE('',*,*,#693,.F.);
#933=ORIENTED_EDGE('',*,*,#688,.T.);
#934=ORIENTED_EDGE('',*,*,#695,.T.);
#935=ORIENTED_EDGE('',*,*,#696,.F.);
#936=ORIENTED_EDGE('',*,*,#695,.F.);
#937=ORIENTED_EDGE('',*,*,#697,.T.);
#938=ORIENTED_EDGE('',*,*,#698,.F.);
#939=ORIENTED_EDGE('',*,*,#699,.T.);
#940=ORIENTED_EDGE('',*,*,#690,.T.);
#941=ORIENTED_EDGE('',*,*,#692,.T.);
#942=ORIENTED_EDGE('',*,*,#674,.T.);
#943=ORIENTED_EDGE('',*,*,#700,.T.);
#944=ORIENTED_EDGE('',*,*,#694,.T.);
#945=ORIENTED_EDGE('',*,*,#696,.T.);
#946=ORIENTED_EDGE('',*,*,#680,.T.);
#947=ORIENTED_EDGE('',*,*,#701,.T.);
#948=ORIENTED_EDGE('',*,*,#700,.F.);
#949=ORIENTED_EDGE('',*,*,#673,.F.);
#950=ORIENTED_EDGE('',*,*,#683,.T.);
#951=ORIENTED_EDGE('',*,*,#679,.F.);
#952=ORIENTED_EDGE('',*,*,#702,.F.);
#953=ORIENTED_EDGE('',*,*,#697,.F.);
#954=ORIENTED_EDGE('',*,*,#701,.F.);
#955=ORIENTED_EDGE('',*,*,#699,.F.);
#956=ORIENTED_EDGE('',*,*,#703,.F.);
#957=ORIENTED_EDGE('',*,*,#675,.F.);
#958=ORIENTED_EDGE('',*,*,#691,.F.);
#959=ORIENTED_EDGE('',*,*,#676,.T.);
#960=ORIENTED_EDGE('',*,*,#703,.T.);
#961=ORIENTED_EDGE('',*,*,#698,.T.);
#962=ORIENTED_EDGE('',*,*,#702,.T.);
#963=ORIENTED_EDGE('',*,*,#682,.T.);
#964=ORIENTED_EDGE('',*,*,#686,.T.);
#965=ORIENTED_EDGE('',*,*,#704,.F.);
#966=ORIENTED_EDGE('',*,*,#705,.T.);
#967=ORIENTED_EDGE('',*,*,#706,.T.);
#968=ORIENTED_EDGE('',*,*,#705,.F.);
#969=ORIENTED_EDGE('',*,*,#707,.T.);
#970=ORIENTED_EDGE('',*,*,#708,.F.);
#971=ORIENTED_EDGE('',*,*,#709,.F.);
#972=ORIENTED_EDGE('',*,*,#710,.F.);
#973=ORIENTED_EDGE('',*,*,#711,.T.);
#974=ORIENTED_EDGE('',*,*,#710,.T.);
#975=ORIENTED_EDGE('',*,*,#712,.F.);
#976=ORIENTED_EDGE('',*,*,#713,.F.);
#977=ORIENTED_EDGE('',*,*,#714,.F.);
#978=ORIENTED_EDGE('',*,*,#713,.T.);
#979=ORIENTED_EDGE('',*,*,#715,.F.);
#980=ORIENTED_EDGE('',*,*,#716,.F.);
#981=ORIENTED_EDGE('',*,*,#715,.T.);
#982=ORIENTED_EDGE('',*,*,#712,.T.);
#983=ORIENTED_EDGE('',*,*,#709,.T.);
#984=ORIENTED_EDGE('',*,*,#717,.F.);
#985=ORIENTED_EDGE('',*,*,#704,.T.);
#986=ORIENTED_EDGE('',*,*,#718,.F.);
#987=ORIENTED_EDGE('',*,*,#719,.T.);
#988=ORIENTED_EDGE('',*,*,#720,.T.);
#989=ORIENTED_EDGE('',*,*,#721,.T.);
#990=ORIENTED_EDGE('',*,*,#722,.T.);
#991=ORIENTED_EDGE('',*,*,#716,.T.);
#992=ORIENTED_EDGE('',*,*,#717,.T.);
#993=ORIENTED_EDGE('',*,*,#708,.T.);
#994=ORIENTED_EDGE('',*,*,#723,.T.);
#995=ORIENTED_EDGE('',*,*,#724,.T.);
#996=ORIENTED_EDGE('',*,*,#725,.T.);
#997=ORIENTED_EDGE('',*,*,#719,.F.);
#998=ORIENTED_EDGE('',*,*,#726,.F.);
#999=ORIENTED_EDGE('',*,*,#727,.T.);
#1000=ORIENTED_EDGE('',*,*,#728,.T.);
#1001=ORIENTED_EDGE('',*,*,#727,.F.);
#1002=ORIENTED_EDGE('',*,*,#729,.T.);
#1003=ORIENTED_EDGE('',*,*,#730,.T.);
#1004=ORIENTED_EDGE('',*,*,#731,.F.);
#1005=ORIENTED_EDGE('',*,*,#732,.F.);
#1006=ORIENTED_EDGE('',*,*,#733,.F.);
#1007=ORIENTED_EDGE('',*,*,#732,.T.);
#1008=ORIENTED_EDGE('',*,*,#734,.F.);
#1009=ORIENTED_EDGE('',*,*,#724,.F.);
#1010=ORIENTED_EDGE('',*,*,#735,.T.);
#1011=ORIENTED_EDGE('',*,*,#721,.F.);
#1012=ORIENTED_EDGE('',*,*,#736,.F.);
#1013=ORIENTED_EDGE('',*,*,#730,.F.);
#1014=ORIENTED_EDGE('',*,*,#736,.T.);
#1015=ORIENTED_EDGE('',*,*,#720,.F.);
#1016=ORIENTED_EDGE('',*,*,#725,.F.);
#1017=ORIENTED_EDGE('',*,*,#734,.T.);
#1018=ORIENTED_EDGE('',*,*,#731,.T.);
#1019=ORIENTED_EDGE('',*,*,#726,.T.);
#1020=ORIENTED_EDGE('',*,*,#718,.T.);
#1021=ORIENTED_EDGE('',*,*,#722,.F.);
#1022=ORIENTED_EDGE('',*,*,#735,.F.);
#1023=ORIENTED_EDGE('',*,*,#729,.F.);
#1024=ORIENTED_EDGE('',*,*,#733,.T.);
#1025=ORIENTED_EDGE('',*,*,#723,.F.);
#1026=ORIENTED_EDGE('',*,*,#707,.F.);
#1027=ORIENTED_EDGE('',*,*,#711,.F.);
#1028=ORIENTED_EDGE('',*,*,#714,.T.);
#1029=ORIENTED_EDGE('',*,*,#706,.F.);
#1030=ORIENTED_EDGE('',*,*,#728,.F.);
#1031=PLANE('',#1238);
#1032=PLANE('',#1239);
#1033=PLANE('',#1240);
#1034=PLANE('',#1241);
#1035=PLANE('',#1242);
#1036=PLANE('',#1244);
#1037=PLANE('',#1245);
#1038=PLANE('',#1246);
#1039=PLANE('',#1247);
#1040=PLANE('',#1248);
#1041=PLANE('',#1249);
#1042=PLANE('',#1250);
#1043=PLANE('',#1252);
#1044=PLANE('',#1253);
#1045=PLANE('',#1254);
#1046=PLANE('',#1255);
#1047=PLANE('',#1256);
#1048=PLANE('',#1261);
#1049=PLANE('',#1263);
#1050=PLANE('',#1266);
#1051=PLANE('',#1267);
#1052=PLANE('',#1268);
#1053=PLANE('',#1269);
#1054=PLANE('',#1270);
#1055=PLANE('',#1272);
#1056=PLANE('',#1273);
#1057=PLANE('',#1274);
#1058=PLANE('',#1275);
#1059=PLANE('',#1276);
#1060=PLANE('',#1277);
#1061=PLANE('',#1278);
#1062=PLANE('',#1280);
#1063=PLANE('',#1281);
#1064=PLANE('',#1282);
#1065=PLANE('',#1283);
#1066=PLANE('',#1284);
#1067=PLANE('',#1285);
#1068=PLANE('',#1290);
#1069=PLANE('',#1291);
#1070=PLANE('',#1292);
#1071=PLANE('',#1296);
#1072=PLANE('',#1303);
#1073=PLANE('',#1304);
#1074=PLANE('',#1305);
#1075=PLANE('',#1306);
#1076=PLANE('',#1307);
#1077=PLANE('',#1311);
#1078=PLANE('',#1315);
#1079=PLANE('',#1316);
#1080=PLANE('',#1330);
#1081=PLANE('',#1331);
#1082=PLANE('',#1332);
#1083=PLANE('',#1333);
#1084=PLANE('',#1334);
#1085=ADVANCED_FACE('',(#116),#1031,.T.);
#1086=ADVANCED_FACE('',(#117),#1032,.T.);
#1087=ADVANCED_FACE('',(#118),#1033,.F.);
#1088=ADVANCED_FACE('',(#119),#1034,.T.);
#1089=ADVANCED_FACE('',(#120),#1035,.T.);
#1090=ADVANCED_FACE('',(#121),#1036,.T.);
#1091=ADVANCED_FACE('',(#122),#1037,.T.);
#1092=ADVANCED_FACE('',(#123),#1038,.T.);
#1093=ADVANCED_FACE('',(#124),#1039,.T.);
#1094=ADVANCED_FACE('',(#125),#1040,.T.);
#1095=ADVANCED_FACE('',(#126),#1041,.T.);
#1096=ADVANCED_FACE('',(#127),#1042,.F.);
#1097=ADVANCED_FACE('',(#128),#1043,.F.);
#1098=ADVANCED_FACE('',(#129),#1044,.F.);
#1099=ADVANCED_FACE('',(#130),#1045,.T.);
#1100=ADVANCED_FACE('',(#131),#1046,.T.);
#1101=ADVANCED_FACE('',(#132),#1047,.T.);
#1102=ADVANCED_FACE('',(#133),#73,.F.);
#1103=ADVANCED_FACE('',(#134),#1048,.T.);
#1104=ADVANCED_FACE('',(#135),#1049,.F.);
#1105=ADVANCED_FACE('',(#136),#74,.F.);
#1106=ADVANCED_FACE('',(#137),#1050,.T.);
#1107=ADVANCED_FACE('',(#138),#1051,.T.);
#1108=ADVANCED_FACE('',(#139),#1052,.T.);
#1109=ADVANCED_FACE('',(#140),#1053,.T.);
#1110=ADVANCED_FACE('',(#141),#1054,.F.);
#1111=ADVANCED_FACE('',(#142),#1055,.T.);
#1112=ADVANCED_FACE('',(#143),#1056,.T.);
#1113=ADVANCED_FACE('',(#144),#1057,.T.);
#1114=ADVANCED_FACE('',(#145),#1058,.F.);
#1115=ADVANCED_FACE('',(#146),#1059,.T.);
#1116=ADVANCED_FACE('',(#147),#1060,.T.);
#1117=ADVANCED_FACE('',(#148),#1061,.T.);
#1118=ADVANCED_FACE('',(#149),#1062,.T.);
#1119=ADVANCED_FACE('',(#150),#1063,.T.);
#1120=ADVANCED_FACE('',(#151),#1064,.F.);
#1121=ADVANCED_FACE('',(#152),#1065,.T.);
#1122=ADVANCED_FACE('',(#153),#1066,.T.);
#1123=ADVANCED_FACE('',(#154),#1067,.T.);
#1124=ADVANCED_FACE('',(#155),#75,.F.);
#1125=ADVANCED_FACE('',(#156),#1068,.F.);
#1126=ADVANCED_FACE('',(#157),#1069,.F.);
#1127=ADVANCED_FACE('',(#158,#39,#40),#1070,.T.);
#1128=ADVANCED_FACE('',(#159),#1071,.F.);
#1129=ADVANCED_FACE('',(#160),#76,.F.);
#1130=ADVANCED_FACE('',(#161),#77,.F.);
#1131=ADVANCED_FACE('',(#162),#78,.F.);
#1132=ADVANCED_FACE('',(#163,#41,#42),#1072,.T.);
#1133=ADVANCED_FACE('',(#164),#1073,.F.);
#1134=ADVANCED_FACE('',(#165),#1074,.T.);
#1135=ADVANCED_FACE('',(#166),#1075,.T.);
#1136=ADVANCED_FACE('',(#167),#1076,.T.);
#1137=ADVANCED_FACE('',(#168),#79,.F.);
#1138=ADVANCED_FACE('',(#169),#1077,.T.);
#1139=ADVANCED_FACE('',(#170),#80,.T.);
#1140=ADVANCED_FACE('',(#171),#1078,.T.);
#1141=ADVANCED_FACE('',(#172,#43),#1079,.T.);
#1142=ADVANCED_FACE('',(#173),#81,.T.);
#1143=ADVANCED_FACE('',(#174),#82,.F.);
#1144=ADVANCED_FACE('',(#175),#83,.T.);
#1145=ADVANCED_FACE('',(#176),#1080,.T.);
#1146=ADVANCED_FACE('',(#177),#1081,.T.);
#1147=ADVANCED_FACE('',(#178,#44),#1082,.T.);
#1148=ADVANCED_FACE('',(#179),#1083,.T.);
#1149=ADVANCED_FACE('',(#180,#45,#46),#1084,.F.);
#1150=CLOSED_SHELL('',(#1085,#1086,#1087,#1088,#1089));
#1151=CLOSED_SHELL('',(#1090,#1091,#1092,#1093,#1094,#1095,#1096));
#1152=CLOSED_SHELL('',(#1097,#1098,#1099,#1100,#1101));
#1153=CLOSED_SHELL('',(#1102,#1103,#1104,#1105,#1106,#1107,#1108,#1109,
#1110));
#1154=CLOSED_SHELL('',(#1111,#1112,#1113,#1114,#1115,#1116,#1117));
#1155=CLOSED_SHELL('',(#1118,#1119,#1120,#1121,#1122,#1123));
#1156=CLOSED_SHELL('',(#1124,#1125,#1126,#1127,#1128,#1129,#1130,#1131,
#1132,#1133,#1134,#1135,#1136));
#1157=CLOSED_SHELL('',(#1137,#1138,#1139,#1140,#1141,#1142,#1143,#1144,
#1145,#1146,#1147,#1148,#1149));
#1158=DERIVED_UNIT_ELEMENT(#1172,1.);
#1159=DERIVED_UNIT_ELEMENT(#2015,-3.);
#1160=DERIVED_UNIT_ELEMENT(#1172,1.);
#1161=DERIVED_UNIT_ELEMENT(#2015,-3.);
#1162=DERIVED_UNIT_ELEMENT(#1172,1.);
#1163=DERIVED_UNIT_ELEMENT(#2015,-3.);
#1164=DERIVED_UNIT_ELEMENT(#1172,1.);
#1165=DERIVED_UNIT_ELEMENT(#2015,-3.);
#1166=DERIVED_UNIT_ELEMENT(#1172,1.);
#1167=DERIVED_UNIT_ELEMENT(#2015,-3.);
#1168=DERIVED_UNIT_ELEMENT(#1172,1.);
#1169=DERIVED_UNIT_ELEMENT(#2015,-3.);
#1170=DERIVED_UNIT_ELEMENT(#1172,1.);
#1171=DERIVED_UNIT_ELEMENT(#2015,-3.);
#1172=(
MASS_UNIT()
NAMED_UNIT(*)
SI_UNIT(.KILO.,.GRAM.)
);
#1173=DERIVED_UNIT((#1158,#1159));
#1174=DERIVED_UNIT((#1160,#1161));
#1175=DERIVED_UNIT((#1162,#1163));
#1176=DERIVED_UNIT((#1164,#1165));
#1177=DERIVED_UNIT((#1166,#1167));
#1178=DERIVED_UNIT((#1168,#1169));
#1179=DERIVED_UNIT((#1170,#1171));
#1180=MEASURE_REPRESENTATION_ITEM('density measure',
POSITIVE_RATIO_MEASURE(7850.),#1173);
#1181=MEASURE_REPRESENTATION_ITEM('density measure',
POSITIVE_RATIO_MEASURE(7850.),#1174);
#1182=MEASURE_REPRESENTATION_ITEM('density measure',
POSITIVE_RATIO_MEASURE(7850.),#1175);
#1183=MEASURE_REPRESENTATION_ITEM('density measure',
POSITIVE_RATIO_MEASURE(7850.),#1176);
#1184=MEASURE_REPRESENTATION_ITEM('density measure',
POSITIVE_RATIO_MEASURE(7850.),#1177);
#1185=MEASURE_REPRESENTATION_ITEM('density measure',
POSITIVE_RATIO_MEASURE(7850.),#1178);
#1186=MEASURE_REPRESENTATION_ITEM('density measure',
POSITIVE_RATIO_MEASURE(7850.),#1179);
#1187=PROPERTY_DEFINITION_REPRESENTATION(#1222,#1201);
#1188=PROPERTY_DEFINITION_REPRESENTATION(#1223,#1202);
#1189=PROPERTY_DEFINITION_REPRESENTATION(#1224,#1203);
#1190=PROPERTY_DEFINITION_REPRESENTATION(#1225,#1204);
#1191=PROPERTY_DEFINITION_REPRESENTATION(#1226,#1205);
#1192=PROPERTY_DEFINITION_REPRESENTATION(#1227,#1206);
#1193=PROPERTY_DEFINITION_REPRESENTATION(#1228,#1207);
#1194=PROPERTY_DEFINITION_REPRESENTATION(#1229,#1208);
#1195=PROPERTY_DEFINITION_REPRESENTATION(#1230,#1209);
#1196=PROPERTY_DEFINITION_REPRESENTATION(#1231,#1210);
#1197=PROPERTY_DEFINITION_REPRESENTATION(#1232,#1211);
#1198=PROPERTY_DEFINITION_REPRESENTATION(#1233,#1212);
#1199=PROPERTY_DEFINITION_REPRESENTATION(#1234,#1213);
#1200=PROPERTY_DEFINITION_REPRESENTATION(#1235,#1214);
#1201=REPRESENTATION('material name',(#1215),#2006);
#1202=REPRESENTATION('density',(#1180),#2006);
#1203=REPRESENTATION('material name',(#1216),#2007);
#1204=REPRESENTATION('density',(#1181),#2007);
#1205=REPRESENTATION('material name',(#1217),#2008);
#1206=REPRESENTATION('density',(#1182),#2008);
#1207=REPRESENTATION('material name',(#1218),#2009);
#1208=REPRESENTATION('density',(#1183),#2009);
#1209=REPRESENTATION('material name',(#1219),#2010);
#1210=REPRESENTATION('density',(#1184),#2010);
#1211=REPRESENTATION('material name',(#1220),#2011);
#1212=REPRESENTATION('density',(#1185),#2011);
#1213=REPRESENTATION('material name',(#1221),#2012);
#1214=REPRESENTATION('density',(#1186),#2012);
#1215=DESCRIPTIVE_REPRESENTATION_ITEM('\X\C7elik','\X\C7elik');
#1216=DESCRIPTIVE_REPRESENTATION_ITEM('\X\C7elik','\X\C7elik');
#1217=DESCRIPTIVE_REPRESENTATION_ITEM('\X\C7elik','\X\C7elik');
#1218=DESCRIPTIVE_REPRESENTATION_ITEM('\X\C7elik','\X\C7elik');
#1219=DESCRIPTIVE_REPRESENTATION_ITEM('\X\C7elik','\X\C7elik');
#1220=DESCRIPTIVE_REPRESENTATION_ITEM('\X\C7elik','\X\C7elik');
#1221=DESCRIPTIVE_REPRESENTATION_ITEM('\X\C7elik','\X\C7elik');
#1222=PROPERTY_DEFINITION('material property','material name',#2051);
#1223=PROPERTY_DEFINITION('material property','density of part',#2051);
#1224=PROPERTY_DEFINITION('material property','material name',#2052);
#1225=PROPERTY_DEFINITION('material property','density of part',#2052);
#1226=PROPERTY_DEFINITION('material property','material name',#2053);
#1227=PROPERTY_DEFINITION('material property','density of part',#2053);
#1228=PROPERTY_DEFINITION('material property','material name',#2054);
#1229=PROPERTY_DEFINITION('material property','density of part',#2054);
#1230=PROPERTY_DEFINITION('material property','material name',#2055);
#1231=PROPERTY_DEFINITION('material property','density of part',#2055);
#1232=PROPERTY_DEFINITION('material property','material name',#2056);
#1233=PROPERTY_DEFINITION('material property','density of part',#2056);
#1234=PROPERTY_DEFINITION('material property','material name',#2057);
#1235=PROPERTY_DEFINITION('material property','density of part',#2057);
#1236=AXIS2_PLACEMENT_3D('',#1675,#1342,#1343);
#1237=AXIS2_PLACEMENT_3D('',#1676,#1344,#1345);
#1238=AXIS2_PLACEMENT_3D('',#1677,#1346,#1347);
#1239=AXIS2_PLACEMENT_3D('',#1686,#1352,#1353);
#1240=AXIS2_PLACEMENT_3D('',#1690,#1356,#1357);
#1241=AXIS2_PLACEMENT_3D('',#1694,#1360,#1361);
#1242=AXIS2_PLACEMENT_3D('',#1696,#1363,#1364);
#1243=AXIS2_PLACEMENT_3D('',#1697,#1365,#1366);
#1244=AXIS2_PLACEMENT_3D('',#1698,#1367,#1368);
#1245=AXIS2_PLACEMENT_3D('',#1707,#1373,#1374);
#1246=AXIS2_PLACEMENT_3D('',#1716,#1379,#1380);
#1247=AXIS2_PLACEMENT_3D('',#1719,#1383,#1384);
#1248=AXIS2_PLACEMENT_3D('',#1725,#1388,#1389);
#1249=AXIS2_PLACEMENT_3D('',#1728,#1392,#1393);
#1250=AXIS2_PLACEMENT_3D('',#1729,#1394,#1395);
#1251=AXIS2_PLACEMENT_3D('',#1730,#1396,#1397);
#1252=AXIS2_PLACEMENT_3D('',#1731,#1398,#1399);
#1253=AXIS2_PLACEMENT_3D('',#1740,#1404,#1405);
#1254=AXIS2_PLACEMENT_3D('',#1744,#1408,#1409);
#1255=AXIS2_PLACEMENT_3D('',#1748,#1412,#1413);
#1256=AXIS2_PLACEMENT_3D('',#1750,#1415,#1416);
#1257=AXIS2_PLACEMENT_3D('',#1751,#1417,#1418);
#1258=AXIS2_PLACEMENT_3D('',#1752,#1419,#1420);
#1259=AXIS2_PLACEMENT_3D('',#1757,#1422,#1423);
#1260=AXIS2_PLACEMENT_3D('',#1760,#1425,#1426);
#1261=AXIS2_PLACEMENT_3D('',#1761,#1427,#1428);
#1262=AXIS2_PLACEMENT_3D('',#1766,#1431,#1432);
#1263=AXIS2_PLACEMENT_3D('',#1772,#1436,#1437);
#1264=AXIS2_PLACEMENT_3D('',#1776,#1440,#1441);
#1265=AXIS2_PLACEMENT_3D('',#1777,#1442,#1443);
#1266=AXIS2_PLACEMENT_3D('',#1779,#1445,#1446);
#1267=AXIS2_PLACEMENT_3D('',#1783,#1449,#1450);
#1268=AXIS2_PLACEMENT_3D('',#1787,#1453,#1454);
#1269=AXIS2_PLACEMENT_3D('',#1791,#1457,#1458);
#1270=AXIS2_PLACEMENT_3D('',#1793,#1460,#1461);
#1271=AXIS2_PLACEMENT_3D('',#1794,#1462,#1463);
#1272=AXIS2_PLACEMENT_3D('',#1795,#1464,#1465);
#1273=AXIS2_PLACEMENT_3D('',#1806,#1471,#1472);
#1274=AXIS2_PLACEMENT_3D('',#1812,#1476,#1477);
#1275=AXIS2_PLACEMENT_3D('',#1816,#1480,#1481);
#1276=AXIS2_PLACEMENT_3D('',#1820,#1484,#1485);
#1277=AXIS2_PLACEMENT_3D('',#1824,#1488,#1489);
#1278=AXIS2_PLACEMENT_3D('',#1826,#1491,#1492);
#1279=AXIS2_PLACEMENT_3D('',#1827,#1493,#1494);
#1280=AXIS2_PLACEMENT_3D('',#1828,#1495,#1496);
#1281=AXIS2_PLACEMENT_3D('',#1837,#1501,#1502);
#1282=AXIS2_PLACEMENT_3D('',#1843,#1506,#1507);
#1283=AXIS2_PLACEMENT_3D('',#1847,#1510,#1511);
#1284=AXIS2_PLACEMENT_3D('',#1851,#1514,#1515);
#1285=AXIS2_PLACEMENT_3D('',#1853,#1517,#1518);
#1286=AXIS2_PLACEMENT_3D('',#1854,#1519,#1520);
#1287=AXIS2_PLACEMENT_3D('',#1855,#1521,#1522);
#1288=AXIS2_PLACEMENT_3D('',#1860,#1524,#1525);
#1289=AXIS2_PLACEMENT_3D('',#1863,#1527,#1528);
#1290=AXIS2_PLACEMENT_3D('',#1864,#1529,#1530);
#1291=AXIS2_PLACEMENT_3D('',#1873,#1535,#1536);
#1292=AXIS2_PLACEMENT_3D('',#1882,#1541,#1542);
#1293=AXIS2_PLACEMENT_3D('',#1884,#1544,#1545);
#1294=AXIS2_PLACEMENT_3D('',#1888,#1548,#1549);
#1295=AXIS2_PLACEMENT_3D('',#1890,#1550,#1551);
#1296=AXIS2_PLACEMENT_3D('',#1891,#1552,#1553);
#1297=AXIS2_PLACEMENT_3D('',#1896,#1557,#1558);
#1298=AXIS2_PLACEMENT_3D('',#1897,#1559,#1560);
#1299=AXIS2_PLACEMENT_3D('',#1898,#1561,#1562);
#1300=AXIS2_PLACEMENT_3D('',#1901,#1564,#1565);
#1301=AXIS2_PLACEMENT_3D('',#1902,#1566,#1567);
#1302=AXIS2_PLACEMENT_3D('',#1905,#1569,#1570);
#1303=AXIS2_PLACEMENT_3D('',#1906,#1571,#1572);
#1304=AXIS2_PLACEMENT_3D('',#1914,#1577,#1578);
#1305=AXIS2_PLACEMENT_3D('',#1916,#1580,#1581);
#1306=AXIS2_PLACEMENT_3D('',#1918,#1583,#1584);
#1307=AXIS2_PLACEMENT_3D('',#1920,#1586,#1587);
#1308=AXIS2_PLACEMENT_3D('',#1921,#1588,#1589);
#1309=AXIS2_PLACEMENT_3D('',#1923,#1590,#1591);
#1310=AXIS2_PLACEMENT_3D('',#1926,#1593,#1594);
#1311=AXIS2_PLACEMENT_3D('',#1927,#1595,#1596);
#1312=AXIS2_PLACEMENT_3D('',#1936,#1601,#1602);
#1313=AXIS2_PLACEMENT_3D('',#1938,#1603,#1604);
#1314=AXIS2_PLACEMENT_3D('',#1940,#1605,#1606);
#1315=AXIS2_PLACEMENT_3D('',#1942,#1608,#1609);
#1316=AXIS2_PLACEMENT_3D('',#1948,#1613,#1614);
#1317=AXIS2_PLACEMENT_3D('',#1949,#1615,#1616);
#1318=AXIS2_PLACEMENT_3D('',#1950,#1617,#1618);
#1319=AXIS2_PLACEMENT_3D('',#1952,#1619,#1620);
#1320=AXIS2_PLACEMENT_3D('',#1956,#1622,#1623);
#1321=AXIS2_PLACEMENT_3D('',#1959,#1625,#1626);
#1322=AXIS2_PLACEMENT_3D('',#1961,#1627,#1628);
#1323=AXIS2_PLACEMENT_3D('',#1964,#1630,#1631);
#1324=AXIS2_PLACEMENT_3D('',#1965,#1632,#1633);
#1325=AXIS2_PLACEMENT_3D('',#1967,#1634,#1635);
#1326=AXIS2_PLACEMENT_3D('',#1970,#1637,#1638);
#1327=AXIS2_PLACEMENT_3D('',#1971,#1639,#1640);
#1328=AXIS2_PLACEMENT_3D('',#1974,#1641,#1642);
#1329=AXIS2_PLACEMENT_3D('',#1978,#1644,#1645);
#1330=AXIS2_PLACEMENT_3D('',#1980,#1647,#1648);
#1331=AXIS2_PLACEMENT_3D('',#1983,#1651,#1652);
#1332=AXIS2_PLACEMENT_3D('',#1986,#1655,#1656);
#1333=AXIS2_PLACEMENT_3D('',#1987,#1657,#1658);
#1334=AXIS2_PLACEMENT_3D('',#1988,#1659,#1660);
#1335=AXIS2_PLACEMENT_3D('',#1989,#1661,#1662);
#1336=AXIS2_PLACEMENT_3D('',#1990,#1663,#1664);
#1337=AXIS2_PLACEMENT_3D('',#1991,#1665,#1666);
#1338=AXIS2_PLACEMENT_3D('',#1992,#1667,#1668);
#1339=AXIS2_PLACEMENT_3D('',#1993,#1669,#1670);
#1340=AXIS2_PLACEMENT_3D('',#1994,#1671,#1672);
#1341=AXIS2_PLACEMENT_3D('',#1995,#1673,#1674);
#1342=DIRECTION('axis',(0.,0.,1.));
#1343=DIRECTION('refdir',(1.,0.,0.));
#1344=DIRECTION('axis',(0.,0.,1.));
#1345=DIRECTION('refdir',(1.,0.,0.));
#1346=DIRECTION('center_axis',(-0.990853386508411,0.134942826577824,0.));
#1347=DIRECTION('ref_axis',(-0.134942826577824,-0.990853386508411,0.));
#1348=DIRECTION('',(-0.134942826577824,-0.990853386508411,0.));
#1349=DIRECTION('',(0.,0.,1.));
#1350=DIRECTION('',(-0.134942826577824,-0.990853386508411,0.));
#1351=DIRECTION('',(0.,0.,1.));
#1352=DIRECTION('center_axis',(0.,0.,1.));
#1353=DIRECTION('ref_axis',(1.,0.,0.));
#1354=DIRECTION('',(-0.765772144824275,0.643111982636951,0.));
#1355=DIRECTION('',(0.,1.,0.));
#1356=DIRECTION('center_axis',(0.,0.,1.));
#1357=DIRECTION('ref_axis',(-1.,0.,0.));
#1358=DIRECTION('',(0.765772144824275,-0.643111982636951,0.));
#1359=DIRECTION('',(0.,-1.,0.));
#1360=DIRECTION('center_axis',(1.,0.,0.));
#1361=DIRECTION('ref_axis',(0.,1.,0.));
#1362=DIRECTION('',(0.,0.,1.));
#1363=DIRECTION('center_axis',(-0.643111982636951,-0.765772144824275,0.));
#1364=DIRECTION('ref_axis',(0.765772144824275,-0.643111982636951,0.));
#1365=DIRECTION('axis',(0.,0.,1.));
#1366=DIRECTION('refdir',(1.,0.,0.));
#1367=DIRECTION('center_axis',(0.,-1.,0.));
#1368=DIRECTION('ref_axis',(0.,0.,-1.));
#1369=DIRECTION('',(0.,0.,1.));
#1370=DIRECTION('',(1.,0.,0.));
#1371=DIRECTION('',(0.,0.,-1.));
#1372=DIRECTION('',(1.,0.,0.));
#1373=DIRECTION('center_axis',(0.,1.,0.));
#1374=DIRECTION('ref_axis',(0.,0.,1.));
#1375=DIRECTION('',(0.,0.,1.));
#1376=DIRECTION('',(1.,0.,0.));
#1377=DIRECTION('',(0.,0.,1.));
#1378=DIRECTION('',(1.,0.,0.));
#1379=DIRECTION('center_axis',(1.,0.,0.));
#1380=DIRECTION('ref_axis',(0.,0.,-1.));
#1381=DIRECTION('',(0.,1.,0.));
#1382=DIRECTION('',(0.,-1.,0.));
#1383=DIRECTION('center_axis',(-0.64311198263695,-0.765772144824275,0.));
#1384=DIRECTION('ref_axis',(0.765772144824275,-0.64311198263695,0.));
#1385=DIRECTION('',(0.765772144824275,-0.64311198263695,0.));
#1386=DIRECTION('',(0.765772144824275,-0.64311198263695,0.));
#1387=DIRECTION('',(0.,0.,1.));
#1388=DIRECTION('center_axis',(-0.000680633645622568,0.999999768368893,
0.));
#1389=DIRECTION('ref_axis',(-0.999999768368893,-0.000680633645622568,0.));
#1390=DIRECTION('',(-0.999999768368893,-0.000680633645622568,0.));
#1391=DIRECTION('',(-0.999999768368893,-0.000680633645622568,0.));
#1392=DIRECTION('center_axis',(0.,0.,1.));
#1393=DIRECTION('ref_axis',(1.,0.,0.));
#1394=DIRECTION('center_axis',(0.,0.,1.));
#1395=DIRECTION('ref_axis',(-1.,0.,0.));
#1396=DIRECTION('axis',(0.,0.,1.));
#1397=DIRECTION('refdir',(1.,0.,0.));
#1398=DIRECTION('center_axis',(0.64311198263695,0.765772144824275,0.));
#1399=DIRECTION('ref_axis',(-0.765772144824275,0.64311198263695,0.));
#1400=DIRECTION('',(0.,0.,1.));
#1401=DIRECTION('',(0.765772144824275,-0.64311198263695,0.));
#1402=DIRECTION('',(0.,0.,1.));
#1403=DIRECTION('',(-0.765772144824275,0.64311198263695,0.));
#1404=DIRECTION('center_axis',(0.,0.,1.));
#1405=DIRECTION('ref_axis',(-1.,0.,0.));
#1406=DIRECTION('',(1.,0.,0.));
#1407=DIRECTION('',(-0.953245572803369,-0.30219675367346,0.));
#1408=DIRECTION('center_axis',(0.,1.,0.));
#1409=DIRECTION('ref_axis',(0.,0.,1.));
#1410=DIRECTION('',(-1.,0.,0.));
#1411=DIRECTION('',(0.,0.,1.));
#1412=DIRECTION('center_axis',(0.,0.,1.));
#1413=DIRECTION('ref_axis',(1.,0.,0.));
#1414=DIRECTION('',(0.953245572803369,0.30219675367346,0.));
#1415=DIRECTION('center_axis',(0.30219675367346,-0.953245572803369,0.));
#1416=DIRECTION('ref_axis',(0.953245572803369,0.30219675367346,0.));
#1417=DIRECTION('axis',(0.,0.,1.));
#1418=DIRECTION('refdir',(1.,0.,0.));
#1419=DIRECTION('center_axis',(0.643097229963059,0.765784534196036,0.));
#1420=DIRECTION('ref_axis',(-0.765784534196036,0.643097229963059,-5.55111512312578E-17));
#1421=DIRECTION('',(0.643097229963059,0.765784534196036,0.));
#1422=DIRECTION('center_axis',(-0.643111982636951,-0.765772144824275,0.));
#1423=DIRECTION('ref_axis',(-0.765772144824275,0.643111982636951,-5.55111512209567E-17));
#1424=DIRECTION('',(0.643097229963059,0.765784534196036,0.));
#1425=DIRECTION('center_axis',(-0.643111982636951,-0.765772144824275,0.));
#1426=DIRECTION('ref_axis',(-0.765772144824275,0.643111982636951,-5.55111512209567E-17));
#1427=DIRECTION('center_axis',(-0.643111982636951,-0.765772144824275,0.));
#1428=DIRECTION('ref_axis',(0.765772144824275,-0.643111982636951,0.));
#1429=DIRECTION('',(0.,0.,1.));
#1430=DIRECTION('',(-0.765772144824275,0.643111982636951,0.));
#1431=DIRECTION('center_axis',(-0.643111982636951,-0.765772144824275,0.));
#1432=DIRECTION('ref_axis',(-0.765772144824275,0.643111982636951,-5.55111512209567E-17));
#1433=DIRECTION('',(-0.765772144824275,0.643111982636951,0.));
#1434=DIRECTION('',(0.,0.,-1.));
#1435=DIRECTION('',(0.765772144824275,-0.643111982636951,0.));
#1436=DIRECTION('center_axis',(0.,0.,1.));
#1437=DIRECTION('ref_axis',(-1.,0.,0.));
#1438=DIRECTION('',(1.,0.,0.));
#1439=DIRECTION('',(-0.765772144824275,0.64311198263695,0.));
#1440=DIRECTION('center_axis',(0.643097229963059,0.765784534196036,0.));
#1441=DIRECTION('ref_axis',(-0.765784534196036,0.643097229963059,-5.55111512312578E-17));
#1442=DIRECTION('center_axis',(-0.643111982636951,-0.765772144824275,0.));
#1443=DIRECTION('ref_axis',(-0.765772144824275,0.643111982636951,-5.55111512209567E-17));
#1444=DIRECTION('',(0.643097229963059,0.765784534196036,0.));
#1445=DIRECTION('center_axis',(0.,1.,0.));
#1446=DIRECTION('ref_axis',(0.,0.,1.));
#1447=DIRECTION('',(-1.,0.,0.));
#1448=DIRECTION('',(0.,0.,1.));
#1449=DIRECTION('center_axis',(0.,0.,1.));
#1450=DIRECTION('ref_axis',(1.,0.,0.));
#1451=DIRECTION('',(0.,1.,0.));
#1452=DIRECTION('',(0.765772144824275,-0.64311198263695,0.));
#1453=DIRECTION('center_axis',(0.643111982636951,0.765772144824275,0.));
#1454=DIRECTION('ref_axis',(-0.765772144824275,0.643111982636951,0.));
#1455=DIRECTION('',(0.,0.,1.));
#1456=DIRECTION('',(-0.765772144824275,0.64311198263695,0.));
#1457=DIRECTION('center_axis',(1.,0.,0.));
#1458=DIRECTION('ref_axis',(0.,1.,0.));
#1459=DIRECTION('',(0.,-1.,0.));
#1460=DIRECTION('center_axis',(0.,0.,1.));
#1461=DIRECTION('ref_axis',(-1.,0.,0.));
#1462=DIRECTION('axis',(0.,0.,1.));
#1463=DIRECTION('refdir',(1.,0.,0.));
#1464=DIRECTION('center_axis',(0.,0.,-1.));
#1465=DIRECTION('ref_axis',(-1.,0.,0.));
#1466=DIRECTION('',(0.765772144824275,-0.643111982636951,0.));
#1467=DIRECTION('',(0.743294146247166,-0.66896473162245,0.));
#1468=DIRECTION('',(-0.977232492176226,-0.212171289846298,0.));
#1469=DIRECTION('',(-0.765772144824274,0.643111982636952,0.));
#1470=DIRECTION('',(1.,0.,0.));
#1471=DIRECTION('center_axis',(0.66896473162245,0.743294146247166,0.));
#1472=DIRECTION('ref_axis',(0.743294146247166,-0.66896473162245,0.));
#1473=DIRECTION('',(0.,0.,1.));
#1474=DIRECTION('',(0.743294146247166,-0.66896473162245,0.));
#1475=DIRECTION('',(0.,0.,-1.));
#1476=DIRECTION('center_axis',(0.212171289846298,-0.977232492176226,0.));
#1477=DIRECTION('ref_axis',(-0.977232492176226,-0.212171289846298,0.));
#1478=DIRECTION('',(0.977232492176226,0.212171289846298,0.));
#1479=DIRECTION('',(0.,0.,-1.));
#1480=DIRECTION('center_axis',(0.643111982636952,0.765772144824274,0.));
#1481=DIRECTION('ref_axis',(-0.765772144824274,0.643111982636952,0.));
#1482=DIRECTION('',(0.765772144824274,-0.643111982636952,0.));
#1483=DIRECTION('',(0.,0.,1.));
#1484=DIRECTION('center_axis',(0.643111982636952,0.765772144824274,0.));
#1485=DIRECTION('ref_axis',(0.765772144824274,-0.643111982636951,0.));
#1486=DIRECTION('',(0.,0.,-1.));
#1487=DIRECTION('',(0.765772144824274,-0.643111982636951,0.));
#1488=DIRECTION('center_axis',(0.,1.,0.));
#1489=DIRECTION('ref_axis',(1.,0.,0.));
#1490=DIRECTION('',(-1.,0.,0.));
#1491=DIRECTION('center_axis',(0.,0.,1.));
#1492=DIRECTION('ref_axis',(-1.,0.,0.));
#1493=DIRECTION('axis',(0.,0.,1.));
#1494=DIRECTION('refdir',(1.,0.,0.));
#1495=DIRECTION('center_axis',(0.,0.,-1.));
#1496=DIRECTION('ref_axis',(-1.,0.,0.));
#1497=DIRECTION('',(0.765772144824276,-0.643111982636949,0.));
#1498=DIRECTION('',(5.50542954341084E-16,-1.,0.));
#1499=DIRECTION('',(-0.765772144824274,0.643111982636952,0.));
#1500=DIRECTION('',(0.21995810697596,0.975509318856336,0.));
#1501=DIRECTION('center_axis',(-0.975509318856336,0.21995810697596,0.));
#1502=DIRECTION('ref_axis',(0.21995810697596,0.975509318856336,0.));
#1503=DIRECTION('',(0.,0.,-1.));
#1504=DIRECTION('',(0.,0.,1.));
#1505=DIRECTION('',(0.21995810697596,0.975509318856336,0.));
#1506=DIRECTION('center_axis',(0.643111982636952,0.765772144824274,0.));
#1507=DIRECTION('ref_axis',(-0.765772144824274,0.643111982636952,0.));
#1508=DIRECTION('',(0.,0.,-1.));
#1509=DIRECTION('',(0.765772144824274,-0.643111982636952,0.));
#1510=DIRECTION('center_axis',(1.,5.50542954341084E-16,0.));
#1511=DIRECTION('ref_axis',(5.50542954341084E-16,-1.,0.));
#1512=DIRECTION('',(0.,0.,-1.));
#1513=DIRECTION('',(5.50542954341084E-16,-1.,0.));
#1514=DIRECTION('center_axis',(0.643111982636949,0.765772144824276,0.));
#1515=DIRECTION('ref_axis',(0.765772144824276,-0.643111982636949,0.));
#1516=DIRECTION('',(-0.765772144824275,0.643111982636951,0.));
#1517=DIRECTION('center_axis',(0.,0.,1.));
#1518=DIRECTION('ref_axis',(-1.,0.,0.));
#1519=DIRECTION('axis',(0.,0.,1.));
#1520=DIRECTION('refdir',(1.,0.,0.));
#1521=DIRECTION('center_axis',(-0.643097229963025,-0.765784534196065,0.));
#1522=DIRECTION('ref_axis',(0.765784534196065,-0.643097229963025,0.));
#1523=DIRECTION('',(-0.643097229963025,-0.765784534196065,0.));
#1524=DIRECTION('center_axis',(0.643111982636952,0.765772144824274,0.));
#1525=DIRECTION('ref_axis',(0.765772144824274,-0.643111982636952,0.));
#1526=DIRECTION('',(-0.643097229963025,-0.765784534196065,0.));
#1527=DIRECTION('center_axis',(0.643111982636951,0.765772144824275,0.));
#1528=DIRECTION('ref_axis',(0.765772144824275,-0.64311198263695,0.));
#1529=DIRECTION('center_axis',(-0.765772144824266,0.643111982636962,0.));
#1530=DIRECTION('ref_axis',(0.,0.,-1.));
#1531=DIRECTION('',(0.,0.,1.));
#1532=DIRECTION('',(0.643111982636962,0.765772144824266,0.));
#1533=DIRECTION('',(0.,0.,-1.));
#1534=DIRECTION('',(-0.643111982636962,-0.765772144824266,0.));
#1535=DIRECTION('center_axis',(0.765772144824266,-0.643111982636962,0.));
#1536=DIRECTION('ref_axis',(0.,0.,1.));
#1537=DIRECTION('',(0.,0.,-1.));
#1538=DIRECTION('',(0.643111982636962,0.765772144824266,0.));
#1539=DIRECTION('',(0.,0.,1.));
#1540=DIRECTION('',(-0.643111982636962,-0.765772144824266,0.));
#1541=DIRECTION('center_axis',(0.643111982636952,0.765772144824274,0.));
#1542=DIRECTION('ref_axis',(-0.765772144824274,0.643111982636952,0.));
#1543=DIRECTION('',(0.765772144824274,-0.643111982636952,0.));
#1544=DIRECTION('center_axis',(0.643111982636952,0.765772144824274,0.));
#1545=DIRECTION('ref_axis',(0.765772144824274,-0.643111982636952,0.));
#1546=DIRECTION('',(0.765772144824274,-0.643111982636952,0.));
#1547=DIRECTION('',(-0.765772144824274,0.643111982636952,0.));
#1548=DIRECTION('center_axis',(0.643111982636952,0.765772144824274,0.));
#1549=DIRECTION('ref_axis',(0.765772144824274,-0.643111982636952,0.));
#1550=DIRECTION('center_axis',(0.643111982636952,0.765772144824274,0.));
#1551=DIRECTION('ref_axis',(0.765772144824274,-0.643111982636952,0.));
#1552=DIRECTION('center_axis',(0.,0.,1.));
#1553=DIRECTION('ref_axis',(-1.,0.,0.));
#1554=DIRECTION('',(-0.643097229963025,-0.765784534196065,0.));
#1555=DIRECTION('',(0.765772144824275,-0.64311198263695,0.));
#1556=DIRECTION('',(1.,0.,0.));
#1557=DIRECTION('center_axis',(-0.643097229963025,-0.765784534196065,0.));
#1558=DIRECTION('ref_axis',(0.765784534196065,-0.643097229963025,0.));
#1559=DIRECTION('center_axis',(0.643111982636951,0.765772144824275,0.));
#1560=DIRECTION('ref_axis',(0.765772144824275,-0.64311198263695,0.));
#1561=DIRECTION('center_axis',(-0.643097229963025,-0.765784534196065,0.));
#1562=DIRECTION('ref_axis',(0.765784534196065,-0.643097229963025,0.));
#1563=DIRECTION('',(-0.643097229963025,-0.765784534196065,0.));
#1564=DIRECTION('center_axis',(0.643111982636951,0.765772144824275,0.));
#1565=DIRECTION('ref_axis',(0.765772144824275,-0.64311198263695,0.));
#1566=DIRECTION('center_axis',(-0.643097229963025,-0.765784534196065,0.));
#1567=DIRECTION('ref_axis',(0.765784534196065,-0.643097229963025,0.));
#1568=DIRECTION('',(-0.643097229963025,-0.765784534196065,0.));
#1569=DIRECTION('center_axis',(0.643111982636951,0.765772144824275,0.));
#1570=DIRECTION('ref_axis',(0.765772144824275,-0.643111982636951,0.));
#1571=DIRECTION('center_axis',(-0.643111982636951,-0.765772144824275,0.));
#1572=DIRECTION('ref_axis',(0.765772144824275,-0.64311198263695,0.));
#1573=DIRECTION('',(0.,0.,1.));
#1574=DIRECTION('',(0.765772144824275,-0.64311198263695,0.));
#1575=DIRECTION('',(0.,0.,-1.));
#1576=DIRECTION('',(0.765772144824275,-0.64311198263695,0.));
#1577=DIRECTION('center_axis',(0.,0.,1.));
#1578=DIRECTION('ref_axis',(-1.,0.,0.));
#1579=DIRECTION('',(0.,-1.,0.));
#1580=DIRECTION('center_axis',(1.,0.,0.));
#1581=DIRECTION('ref_axis',(0.,0.,-1.));
#1582=DIRECTION('',(0.,1.,0.));
#1583=DIRECTION('center_axis',(0.,1.,0.));
#1584=DIRECTION('ref_axis',(0.,0.,1.));
#1585=DIRECTION('',(-1.,0.,0.));
#1586=DIRECTION('center_axis',(0.,0.,1.));
#1587=DIRECTION('ref_axis',(1.,0.,0.));
#1588=DIRECTION('center_axis',(0.643097229963025,0.765784534196065,7.82086486771966E-17));
#1589=DIRECTION('ref_axis',(-0.765784534196065,0.643097229963025,-5.55111512312578E-17));
#1590=DIRECTION('center_axis',(-0.643097229963025,-0.765784534196065,-7.82086486771966E-17));
#1591=DIRECTION('ref_axis',(-0.765784534196065,0.643097229963025,-5.55111512312578E-17));
#1592=DIRECTION('',(-0.643097229963025,-0.765784534196065,-7.82086486771966E-17));
#1593=DIRECTION('center_axis',(-0.643097229963025,-0.765784534196065,-7.82086486771966E-17));
#1594=DIRECTION('ref_axis',(-0.765784534196065,0.643097229963025,-5.55111512312578E-17));
#1595=DIRECTION('center_axis',(-0.539235396445909,0.452843814763685,0.710040609155629));
#1596=DIRECTION('ref_axis',(0.543738117142533,-0.456625148909244,0.704160729769776));
#1597=DIRECTION('',(0.543738117142533,-0.456625148909244,0.704160729769776));
#1598=DIRECTION('',(-0.643097229963025,-0.765784534196065,-7.82086486771965E-17));
#1599=DIRECTION('',(0.543738117142533,-0.456625148909244,0.704160729769776));
#1600=DIRECTION('',(0.643097229963025,0.765784534196065,7.82086486771965E-17));
#1601=DIRECTION('center_axis',(0.643097229963025,0.765784534196065,7.82086486771966E-17));
#1602=DIRECTION('ref_axis',(-0.599594487034392,0.503532699465818,-0.62204603662963));
#1603=DIRECTION('center_axis',(0.643097229963025,0.765784534196065,7.82086486771966E-17));
#1604=DIRECTION('ref_axis',(-0.599594487034392,0.503532699465818,-0.62204603662963));
#1605=DIRECTION('center_axis',(0.643097229963025,0.765784534196065,7.82086486771966E-17));
#1606=DIRECTION('ref_axis',(-0.599594487034392,0.503532699465818,-0.62204603662963));
#1607=DIRECTION('',(0.643097229963025,0.765784534196065,7.82086486771965E-17));
#1608=DIRECTION('center_axis',(-0.539235396445909,0.452843814763685,-0.710040609155629));
#1609=DIRECTION('ref_axis',(-0.543738117142533,0.456625148909244,0.704160729769776));
#1610=DIRECTION('',(0.543738117142533,-0.456625148909244,-0.704160729769776));
#1611=DIRECTION('',(-0.543738117142533,0.456625148909244,0.704160729769776));
#1612=DIRECTION('',(0.643097229963025,0.765784534196065,7.82086486771965E-17));
#1613=DIRECTION('center_axis',(0.643097229963025,0.765784534196065,7.82086486771966E-17));
#1614=DIRECTION('ref_axis',(-0.765784534196065,0.643097229963025,-5.55111512312578E-17));
#1615=DIRECTION('center_axis',(0.643097229963025,0.765784534196065,7.82086486771966E-17));
#1616=DIRECTION('ref_axis',(-0.765784534196065,0.643097229963025,-5.55111512312578E-17));
#1617=DIRECTION('center_axis',(0.643097229963025,0.765784534196065,7.82086486771966E-17));
#1618=DIRECTION('ref_axis',(-0.765784534196065,0.643097229963025,-5.55111512312578E-17));
#1619=DIRECTION('center_axis',(0.643097229963025,0.765784534196065,7.82086486771966E-17));
#1620=DIRECTION('ref_axis',(-0.765784534196065,0.643097229963025,-5.55111512312578E-17));
#1621=DIRECTION('',(-0.643097229963025,-0.765784534196065,-7.82086486771966E-17));
#1622=DIRECTION('center_axis',(0.643097229963025,0.765784534196065,7.82086486771966E-17));
#1623=DIRECTION('ref_axis',(-0.765784534196065,0.643097229963025,-5.55111512312578E-17));
#1624=DIRECTION('',(-0.643097229963025,-0.765784534196065,-7.82086486771965E-17));
#1625=DIRECTION('center_axis',(0.643097229963025,0.765784534196065,7.82086486771966E-17));
#1626=DIRECTION('ref_axis',(-0.765784534196065,0.643097229963025,-5.55111512312578E-17));
#1627=DIRECTION('center_axis',(0.643097229963025,0.765784534196065,7.82086486771966E-17));
#1628=DIRECTION('ref_axis',(-0.765784534196065,0.643097229963025,-5.55111512312578E-17));
#1629=DIRECTION('',(0.643097229963025,0.765784534196065,7.82086486771965E-17));
#1630=DIRECTION('center_axis',(0.643097229963025,0.765784534196065,7.82086486771966E-17));
#1631=DIRECTION('ref_axis',(-0.765784534196065,0.643097229963025,-5.55111512312578E-17));
#1632=DIRECTION('center_axis',(0.643097229963025,0.765784534196065,7.82086486771966E-17));
#1633=DIRECTION('ref_axis',(-0.765784534196065,0.643097229963025,-5.55111512312578E-17));
#1634=DIRECTION('center_axis',(-0.643097229963025,-0.765784534196065,-7.82086486771966E-17));
#1635=DIRECTION('ref_axis',(-0.765784534196065,0.643097229963025,-5.55111512312578E-17));
#1636=DIRECTION('',(-0.643097229963025,-0.765784534196065,-7.82086486771966E-17));
#1637=DIRECTION('center_axis',(-0.643097229963025,-0.765784534196065,-7.82086486771966E-17));
#1638=DIRECTION('ref_axis',(-0.765784534196065,0.643097229963025,-5.55111512312578E-17));
#1639=DIRECTION('center_axis',(0.643097229963025,0.765784534196065,7.82086486771966E-17));
#1640=DIRECTION('ref_axis',(0.599594487034392,-0.503532699465818,0.62204603662963));
#1641=DIRECTION('center_axis',(0.643097229963025,0.765784534196065,7.82086486771966E-17));
#1642=DIRECTION('ref_axis',(0.599594487034392,-0.503532699465818,0.62204603662963));
#1643=DIRECTION('',(0.643097229963025,0.765784534196065,7.82086486771965E-17));
#1644=DIRECTION('center_axis',(0.643097229963025,0.765784534196065,7.82086486771966E-17));
#1645=DIRECTION('ref_axis',(0.599594487034392,-0.503532699465818,0.62204603662963));
#1646=DIRECTION('',(0.643097229963025,0.765784534196065,7.82086486771965E-17));
#1647=DIRECTION('center_axis',(0.539235396445909,-0.452843814763685,0.710040609155629));
#1648=DIRECTION('ref_axis',(0.543738117142533,-0.456625148909244,-0.704160729769776));
#1649=DIRECTION('',(-0.543738117142533,0.456625148909244,0.704160729769776));
#1650=DIRECTION('',(0.543738117142533,-0.456625148909244,-0.704160729769776));
#1651=DIRECTION('center_axis',(0.539235396445909,-0.452843814763685,-0.710040609155629));
#1652=DIRECTION('ref_axis',(-0.543738117142533,0.456625148909244,-0.704160729769776));
#1653=DIRECTION('',(-0.543738117142533,0.456625148909244,-0.704160729769776));
#1654=DIRECTION('',(-0.543738117142533,0.456625148909244,-0.704160729769776));
#1655=DIRECTION('center_axis',(0.643097229963025,0.765784534196065,7.82086486771966E-17));
#1656=DIRECTION('ref_axis',(-0.765784534196065,0.643097229963025,-5.55111512312578E-17));
#1657=DIRECTION('center_axis',(0.643097229963025,0.765784534196065,7.82086486771966E-17));
#1658=DIRECTION('ref_axis',(-0.765784534196065,0.643097229963025,-5.55111512312578E-17));
#1659=DIRECTION('center_axis',(0.643097229963025,0.765784534196065,7.82086486771966E-17));
#1660=DIRECTION('ref_axis',(-0.765784534196065,0.643097229963025,-5.55111512312578E-17));
#1661=DIRECTION('',(0.,0.,1.));
#1662=DIRECTION('',(1.,0.,0.));
#1663=DIRECTION('',(0.,0.,1.));
#1664=DIRECTION('',(1.,0.,0.));
#1665=DIRECTION('',(0.,0.,1.));
#1666=DIRECTION('',(1.,0.,0.));
#1667=DIRECTION('',(0.,0.,1.));
#1668=DIRECTION('',(1.,0.,0.));
#1669=DIRECTION('',(0.,0.,1.));
#1670=DIRECTION('',(1.,0.,0.));
#1671=DIRECTION('',(0.,0.,1.));
#1672=DIRECTION('',(1.,0.,0.));
#1673=DIRECTION('',(0.,0.,1.));
#1674=DIRECTION('',(1.,0.,0.));
#1675=CARTESIAN_POINT('',(0.,0.,0.));
#1676=CARTESIAN_POINT('',(0.,0.,0.));
#1677=CARTESIAN_POINT('Origin',(18.50001298343,-203.100069237558,22.1));
#1678=CARTESIAN_POINT('',(18.50001298343,-203.100069237558,22.1));
#1679=CARTESIAN_POINT('',(9.00726073372834,-272.803112759309,22.1));
#1680=CARTESIAN_POINT('',(18.50001298343,-203.100069237558,22.1));
#1681=CARTESIAN_POINT('',(9.00726073372835,-272.803112759309,121.1));
#1682=CARTESIAN_POINT('',(9.00726073372834,-272.803112759309,22.1));
#1683=CARTESIAN_POINT('',(18.50001298343,-203.100069237558,121.1));
#1684=CARTESIAN_POINT('',(18.50001298343,-203.100069237558,121.1));
#1685=CARTESIAN_POINT('',(18.50001298343,-203.100069237558,22.1));
#1686=CARTESIAN_POINT('Origin',(-31.1783328553256,-252.113098277084,121.1));
#1687=CARTESIAN_POINT('',(18.5000049695374,-280.775324346553,121.1));
#1688=CARTESIAN_POINT('',(-7.86997614761384,-258.629244794075,121.1));
#1689=CARTESIAN_POINT('',(18.5000049695374,-207.556551820751,121.1));
#1690=CARTESIAN_POINT('Origin',(-31.1783328553256,-252.113098277084,22.1));
#1691=CARTESIAN_POINT('',(18.5000049695374,-280.775324346553,22.1));
#1692=CARTESIAN_POINT('',(-7.86997614761384,-258.629244794075,22.1));
#1693=CARTESIAN_POINT('',(18.5000049695374,-207.556551820751,22.1));
#1694=CARTESIAN_POINT('Origin',(18.50001298343,-280.775331076793,22.1));
#1695=CARTESIAN_POINT('',(18.50001298343,-280.775331076793,71.6));
#1696=CARTESIAN_POINT('Origin',(9.00726073372835,-272.803112759309,121.1));
#1697=CARTESIAN_POINT('',(0.,0.,0.));
#1698=CARTESIAN_POINT('Origin',(18.5000049695374,-326.491518845419,124.2));
#1699=CARTESIAN_POINT('',(18.5000049695374,-326.491518845419,121.1));
#1700=CARTESIAN_POINT('',(18.5000049695374,-326.491518845419,124.2));
#1701=CARTESIAN_POINT('',(18.5000049695374,-326.491518845419,121.1));
#1702=CARTESIAN_POINT('',(36.5000049695374,-326.491518845419,121.1));
#1703=CARTESIAN_POINT('',(18.5000049695374,-326.491518845419,121.1));
#1704=CARTESIAN_POINT('',(36.5000049695374,-326.491518845419,124.2));
#1705=CARTESIAN_POINT('',(36.5000049695374,-326.491518845419,121.1));
#1706=CARTESIAN_POINT('',(18.5000049695374,-326.491518845419,124.2));
#1707=CARTESIAN_POINT('Origin',(18.5000049695374,-203.,121.1));
#1708=CARTESIAN_POINT('',(18.5000049695374,-203.,121.1));
#1709=CARTESIAN_POINT('',(18.5000049695374,-203.,124.2));
#1710=CARTESIAN_POINT('',(18.5000049695374,-203.,121.1));
#1711=CARTESIAN_POINT('',(36.5000049695374,-203.,124.2));
#1712=CARTESIAN_POINT('',(18.5000049695374,-203.,124.2));
#1713=CARTESIAN_POINT('',(36.5000049695374,-203.,121.1));
#1714=CARTESIAN_POINT('',(36.5000049695374,-203.,121.1));
#1715=CARTESIAN_POINT('',(18.5000049695374,-203.,121.1));
#1716=CARTESIAN_POINT('Origin',(36.5000049695374,-326.491518845419,121.1));
#1717=CARTESIAN_POINT('',(36.5000049695374,-326.491518845419,121.1));
#1718=CARTESIAN_POINT('',(36.5000049695374,-326.491518845419,124.2));
#1719=CARTESIAN_POINT('Origin',(-128.425862552262,-203.100002712011,121.1));
#1720=CARTESIAN_POINT('',(-128.425862552262,-203.100002712011,121.1));
#1721=CARTESIAN_POINT('',(-128.425862552262,-203.100002712011,121.1));
#1722=CARTESIAN_POINT('',(-128.425862552262,-203.100002712011,124.2));
#1723=CARTESIAN_POINT('',(-128.425862552262,-203.100002712011,124.2));
#1724=CARTESIAN_POINT('',(-128.425862552262,-203.100002712011,121.1));
#1725=CARTESIAN_POINT('Origin',(18.5000049695374,-203.,121.1));
#1726=CARTESIAN_POINT('',(18.5000049695374,-203.,121.1));
#1727=CARTESIAN_POINT('',(18.5000049695374,-203.,124.2));
#1728=CARTESIAN_POINT('Origin',(-54.9629287913626,-264.745759422709,124.2));
#1729=CARTESIAN_POINT('Origin',(-54.9629287913626,-264.745759422709,121.1));
#1730=CARTESIAN_POINT('',(0.,0.,0.));
#1731=CARTESIAN_POINT('Origin',(-63.7499985750765,-211.699995335191,121.1));
#1732=CARTESIAN_POINT('',(-63.7499985750765,-211.699995335191,22.1));
#1733=CARTESIAN_POINT('',(-63.7499985750765,-211.699995335191,121.1));
#1734=CARTESIAN_POINT('',(-63.7499985750765,-211.699995335191,22.1));
#1735=CARTESIAN_POINT('',(-73.9902599515206,-203.100002712011,121.1));
#1736=CARTESIAN_POINT('',(-44.2486058020162,-228.077686082016,121.1));
#1737=CARTESIAN_POINT('',(-73.9902599515206,-203.100002712011,22.1));
#1738=CARTESIAN_POINT('',(-73.9902599515206,-203.100002712011,96.6));
#1739=CARTESIAN_POINT('',(-44.2486058020162,-228.077686082016,22.1));
#1740=CARTESIAN_POINT('Origin',(-31.1783328553256,-252.113098277084,22.1));
#1741=CARTESIAN_POINT('',(-36.6222918921437,-203.100002712011,22.1));
#1742=CARTESIAN_POINT('',(-48.3391675452499,-203.100002712011,22.1));
#1743=CARTESIAN_POINT('',(-36.6225017394754,-203.100069237558,22.1));
#1744=CARTESIAN_POINT('Origin',(-65.5000022351742,-203.100002712011,72.1));
#1745=CARTESIAN_POINT('',(-36.6222918921437,-203.100002712011,121.1));
#1746=CARTESIAN_POINT('',(-48.3391675452499,-203.100002712011,121.1));
#1747=CARTESIAN_POINT('',(-36.6222918921437,-203.100002712011,47.1));
#1748=CARTESIAN_POINT('Origin',(-31.1783328553256,-252.113098277084,121.1));
#1749=CARTESIAN_POINT('',(-36.6225017394754,-203.100069237558,121.1));
#1750=CARTESIAN_POINT('Origin',(-63.7499985750765,-211.699995335191,22.1));
#1751=CARTESIAN_POINT('',(0.,0.,0.));
#1752=CARTESIAN_POINT('Origin',(-27.4105752756097,-242.225268478481,69.7));
#1753=CARTESIAN_POINT('',(2.67678660236043,-280.414771488005,69.7));
#1754=CARTESIAN_POINT('',(9.04344918017616,-272.833504598058,69.7));
#1755=CARTESIAN_POINT('',(9.04076855212163,-272.836696624723,69.7));
#1756=CARTESIAN_POINT('',(-33.7739660227834,-249.802642347758,22.1));
#1757=CARTESIAN_POINT('Origin',(-33.7739674980392,-249.802641108806,69.7));
#1758=CARTESIAN_POINT('',(-27.4073049202234,-242.221374218858,22.1));
#1759=CARTESIAN_POINT('',(-27.4105752756097,-242.225268478481,22.1));
#1760=CARTESIAN_POINT('Origin',(-27.4073049202235,-242.221374218858,69.7));
#1761=CARTESIAN_POINT('Origin',(-91.3779349475468,-201.425585395049,22.1));
#1762=CARTESIAN_POINT('',(-89.3841575421191,-203.100002712011,22.1));
#1763=CARTESIAN_POINT('',(-89.3841575421191,-203.100002712011,121.1));
#1764=CARTESIAN_POINT('',(-89.3841575421191,-203.100002712011,47.1));
#1765=CARTESIAN_POINT('',(-61.2459783023043,-226.731053228825,22.1));
#1766=CARTESIAN_POINT('Origin',(-33.7739674980392,-249.802641108806,69.7));
#1767=CARTESIAN_POINT('',(18.50001298343,-293.70345867573,22.1));
#1768=CARTESIAN_POINT('',(-61.2459783023043,-226.731053228825,22.1));
#1769=CARTESIAN_POINT('',(18.50001298343,-293.70345867573,121.1));
#1770=CARTESIAN_POINT('',(18.50001298343,-293.70345867573,22.1));
#1771=CARTESIAN_POINT('',(-61.2459783023043,-226.731053228825,121.1));
#1772=CARTESIAN_POINT('Origin',(-31.1783328553256,-252.113098277084,22.1));
#1773=CARTESIAN_POINT('',(-73.9902599515206,-203.100002712011,22.1));
#1774=CARTESIAN_POINT('',(-48.3391675452499,-203.100002712011,22.1));
#1775=CARTESIAN_POINT('',(-44.2486058020162,-228.077686082016,22.1));
#1776=CARTESIAN_POINT('Origin',(-27.4105752756097,-242.225268478481,69.7));
#1777=CARTESIAN_POINT('Origin',(-27.4073049202235,-242.221374218858,69.7));
#1778=CARTESIAN_POINT('',(-27.4105752756097,-242.225268478481,22.1));
#1779=CARTESIAN_POINT('Origin',(-65.5000022351742,-203.100002712011,72.1));
#1780=CARTESIAN_POINT('',(-73.9902599515206,-203.100002712011,121.1));
#1781=CARTESIAN_POINT('',(-48.3391675452499,-203.100002712011,121.1));
#1782=CARTESIAN_POINT('',(-73.9902599515206,-203.100002712011,96.6));
#1783=CARTESIAN_POINT('Origin',(-31.1783328553256,-252.113098277084,121.1));
#1784=CARTESIAN_POINT('',(18.5000049695374,-280.775324346553,121.1));
#1785=CARTESIAN_POINT('',(18.5000049695374,-207.556551820751,121.1));
#1786=CARTESIAN_POINT('',(-44.2486058020162,-228.077686082016,121.1));
#1787=CARTESIAN_POINT('Origin',(9.00726073372837,-272.803112759309,22.1));
#1788=CARTESIAN_POINT('',(18.5000049695374,-280.775324346553,22.1));
#1789=CARTESIAN_POINT('',(18.50001298343,-280.775331076793,71.6));
#1790=CARTESIAN_POINT('',(-44.2486058020162,-228.077686082016,22.1));
#1791=CARTESIAN_POINT('Origin',(18.50001298343,-280.775331076793,22.1));
#1792=CARTESIAN_POINT('',(18.5000049695374,-207.556551820751,22.1));
#1793=CARTESIAN_POINT('Origin',(-31.1783328553256,-252.113098277084,22.1));
#1794=CARTESIAN_POINT('',(0.,0.,0.));
#1795=CARTESIAN_POINT('Origin',(-97.5189345777993,-212.379821369456,22.1));
#1796=CARTESIAN_POINT('',(-89.5396514571757,-203.100002712011,22.1));
#1797=CARTESIAN_POINT('',(-73.1602737568061,-216.855757786729,22.1));
#1798=CARTESIAN_POINT('',(-90.5454527005764,-202.255309109412,22.1));
#1799=CARTESIAN_POINT('',(-73.0000010877848,-217.000003188848,22.1));
#1800=CARTESIAN_POINT('',(-83.0000012367964,-208.000003054738,22.1));
#1801=CARTESIAN_POINT('',(-91.5338757517242,-221.023975093979,22.1));
#1802=CARTESIAN_POINT('',(-91.5338757517242,-221.023975093979,22.1));
#1803=CARTESIAN_POINT('',(-112.876471046607,-203.100002712011,22.1));
#1804=CARTESIAN_POINT('',(-34.6503024990668,-268.796028205659,22.1));
#1805=CARTESIAN_POINT('',(-89.5396514571757,-203.100002712011,22.1));
#1806=CARTESIAN_POINT('Origin',(-83.0000012367964,-208.000003054738,121.1));
#1807=CARTESIAN_POINT('',(-73.1602737568061,-216.855757786729,121.1));
#1808=CARTESIAN_POINT('',(-73.1602737568064,-216.855757786729,71.6));
#1809=CARTESIAN_POINT('',(-73.0000010877848,-217.000003188848,121.1));
#1810=CARTESIAN_POINT('',(-83.0000012367964,-208.000003054738,121.1));
#1811=CARTESIAN_POINT('',(-73.0000010877848,-217.000003188848,121.1));
#1812=CARTESIAN_POINT('Origin',(-73.0000010877848,-217.000003188848,121.1));
#1813=CARTESIAN_POINT('',(-91.5338757517242,-221.023975093979,121.1));
#1814=CARTESIAN_POINT('',(-91.5338757517242,-221.023975093979,121.1));
#1815=CARTESIAN_POINT('',(-91.5338757517242,-221.023975093979,71.6));
#1816=CARTESIAN_POINT('Origin',(30.,-323.090748246429,22.1));
#1817=CARTESIAN_POINT('',(-112.876471046607,-203.100002712011,121.1));
#1818=CARTESIAN_POINT('',(-34.6503024990668,-268.796028205659,121.1));
#1819=CARTESIAN_POINT('',(-112.876471046607,-203.100002712011,71.6));
#1820=CARTESIAN_POINT('Origin',(-89.5396514571757,-203.100002712011,121.1));
#1821=CARTESIAN_POINT('',(-89.5396514571757,-203.100002712011,121.1));
#1822=CARTESIAN_POINT('',(-89.5396514571757,-203.100002712011,121.1));
#1823=CARTESIAN_POINT('',(-89.5396514571757,-203.100002712011,121.1));
#1824=CARTESIAN_POINT('Origin',(-113.155939146666,-203.100002712011,121.1));
#1825=CARTESIAN_POINT('',(-89.5396514571757,-203.100002712011,121.1));
#1826=CARTESIAN_POINT('Origin',(-97.5189345777993,-212.379821369456,121.1));
#1827=CARTESIAN_POINT('',(0.,0.,0.));
#1828=CARTESIAN_POINT('Origin',(9.50127948097399,-300.701461950423,22.1));
#1829=CARTESIAN_POINT('',(4.90588477618495,-282.417403415042,22.1));
#1830=CARTESIAN_POINT('',(18.5000049695374,-293.834039092954,22.1));
#1831=CARTESIAN_POINT('',(18.5000049695374,-293.834039092954,22.1));
#1832=CARTESIAN_POINT('',(18.5000049695374,-313.432804099018,22.1));
#1833=CARTESIAN_POINT('',(18.5000049695374,-293.834039092954,22.1));
#1834=CARTESIAN_POINT('',(1.19033777850336,-298.895771822183,22.1));
#1835=CARTESIAN_POINT('',(18.4765966398214,-313.413145278263,22.1));
#1836=CARTESIAN_POINT('',(1.19033777850336,-298.895771822183,22.1));
#1837=CARTESIAN_POINT('Origin',(1.19033777850336,-298.895771822183,121.1));
#1838=CARTESIAN_POINT('',(4.90588477618495,-282.417403415042,121.1));
#1839=CARTESIAN_POINT('',(4.90588477618496,-282.417403415042,71.6));
#1840=CARTESIAN_POINT('',(1.19033777850336,-298.895771822183,121.1));
#1841=CARTESIAN_POINT('',(1.19033777850336,-298.895771822183,71.6));
#1842=CARTESIAN_POINT('',(1.19033777850336,-298.895771822183,121.1));
#1843=CARTESIAN_POINT('Origin',(30.,-323.090748246429,22.1));
#1844=CARTESIAN_POINT('',(18.5000049695374,-313.432804099018,121.1));
#1845=CARTESIAN_POINT('',(18.5000049695374,-313.432804099018,71.6));
#1846=CARTESIAN_POINT('',(18.4765966398214,-313.413145278263,121.1));
#1847=CARTESIAN_POINT('Origin',(18.5000049695374,-293.834039092954,121.1));
#1848=CARTESIAN_POINT('',(18.5000049695374,-293.834039092954,121.1));
#1849=CARTESIAN_POINT('',(18.5000049695374,-293.834039092954,121.1));
#1850=CARTESIAN_POINT('',(18.5000049695374,-293.834039092954,121.1));
#1851=CARTESIAN_POINT('Origin',(10.8422835212946,-287.402919266585,121.1));
#1852=CARTESIAN_POINT('',(-37.4185535616882,-246.872426182016,121.1));
#1853=CARTESIAN_POINT('Origin',(9.50127948097399,-300.701461950423,121.1));
#1854=CARTESIAN_POINT('',(0.,0.,0.));
#1855=CARTESIAN_POINT('Origin',(-43.4880060246852,-261.369881833383,69.6999999999999));
#1856=CARTESIAN_POINT('',(-80.0050653781287,-230.83670613623,69.6999999999999));
#1857=CARTESIAN_POINT('',(-86.3717279559442,-238.417973026178,69.6999999999999));
#1858=CARTESIAN_POINT('',(-79.9393498524179,-230.758453687143,69.6999999999999));
#1859=CARTESIAN_POINT('',(-43.5543127529846,-261.448835276478,22.1));
#1860=CARTESIAN_POINT('Origin',(-43.5543112777291,-261.44883651543,69.6999999999999));
#1861=CARTESIAN_POINT('',(-49.9209738555445,-269.030103405377,22.1));
#1862=CARTESIAN_POINT('',(-43.4880060246852,-261.369881833383,22.1));
#1863=CARTESIAN_POINT('Origin',(-49.9209738555445,-269.030103405377,69.6999999999999));
#1864=CARTESIAN_POINT('Origin',(-112.876471046607,-203.100002712011,121.1));
#1865=CARTESIAN_POINT('',(-112.876471046607,-203.100002712011,22.1));
#1866=CARTESIAN_POINT('',(-112.876471046607,-203.100002712011,121.1));
#1867=CARTESIAN_POINT('',(-112.876471046607,-203.100002712011,47.1));
#1868=CARTESIAN_POINT('',(-112.940782244871,-203.176579926494,121.1));
#1869=CARTESIAN_POINT('',(-115.88950909599,-206.687714761866,121.1));
#1870=CARTESIAN_POINT('',(-112.940782244871,-203.176579926494,22.1));
#1871=CARTESIAN_POINT('',(-112.940782244871,-203.176579926494,47.1));
#1872=CARTESIAN_POINT('',(-115.88950909599,-206.687714761866,22.1));
#1873=CARTESIAN_POINT('Origin',(18.5000049695374,-313.432804099018,22.1));
#1874=CARTESIAN_POINT('',(18.5000049695374,-313.432804099018,121.1));
#1875=CARTESIAN_POINT('',(18.5000049695374,-313.432804099018,22.1));
#1876=CARTESIAN_POINT('',(18.5000049695374,-313.432804099018,41.6));
#1877=CARTESIAN_POINT('',(18.4356937712737,-313.5093813135,22.1));
#1878=CARTESIAN_POINT('',(15.4869669201543,-317.020516148874,22.1));
#1879=CARTESIAN_POINT('',(18.4356937712737,-313.5093813135,121.1));
#1880=CARTESIAN_POINT('',(18.4356937712737,-313.5093813135,41.6));
#1881=CARTESIAN_POINT('',(15.4869669201543,-317.020516148874,121.1));
#1882=CARTESIAN_POINT('Origin',(29.9356888017363,-323.167325460911,22.1));
#1883=CARTESIAN_POINT('',(-6.86515010253678,-292.261186303994,22.1));
#1884=CARTESIAN_POINT('Origin',(-43.5543112777291,-261.44883651543,69.6999999999999));
#1885=CARTESIAN_POINT('',(-6.86515010253678,-292.261186303994,22.1));
#1886=CARTESIAN_POINT('',(-6.86515010253678,-292.261186303994,121.1));
#1887=CARTESIAN_POINT('',(-85.1223804393019,-226.539074449034,69.721052631579));
#1888=CARTESIAN_POINT('Origin',(-83.4376802451204,-227.953922050049,69.721052631579));
#1889=CARTESIAN_POINT('',(-5.35564250451958,-293.528903379795,69.721052631579));
#1890=CARTESIAN_POINT('Origin',(-3.67094231033804,-294.94375098081,69.721052631579));
#1891=CARTESIAN_POINT('Origin',(-49.6277539073116,-268.453894032305,22.1));
#1892=CARTESIAN_POINT('',(-43.4880060246852,-261.369881833383,22.1));
#1893=CARTESIAN_POINT('',(-128.425862552262,-203.100002712011,22.1));
#1894=CARTESIAN_POINT('',(-129.255507814623,-202.403248706047,22.1));
#1895=CARTESIAN_POINT('',(-57.5638780712429,-203.100002712011,22.1));
#1896=CARTESIAN_POINT('Origin',(-43.4880060246852,-261.369881833383,69.6999999999999));
#1897=CARTESIAN_POINT('Origin',(-49.9209738555445,-269.030103405377,69.6999999999999));
#1898=CARTESIAN_POINT('Origin',(-83.3720202547986,-227.875735731152,69.721052631579));
#1899=CARTESIAN_POINT('',(-91.4890415418619,-234.120342577933,69.721052631579));
#1900=CARTESIAN_POINT('',(-85.05674623003,-226.460921825233,69.721052631579));
#1901=CARTESIAN_POINT('Origin',(-89.8043428229359,-235.535188939997,69.721052631579));
#1902=CARTESIAN_POINT('Origin',(-3.60399179457195,-294.864027935613,69.721052631579));
#1903=CARTESIAN_POINT('',(-11.7223036070795,-301.110171508694,69.721052631579));
#1904=CARTESIAN_POINT('',(-5.28871776980331,-293.449214029695,69.721052631579));
#1905=CARTESIAN_POINT('Origin',(-10.0376048881534,-302.525017870758,69.721052631579));
#1906=CARTESIAN_POINT('Origin',(-129.255507814623,-202.403248706047,22.1));
#1907=CARTESIAN_POINT('',(18.5000049695374,-326.491518845419,22.1));
#1908=CARTESIAN_POINT('',(18.5000049695374,-326.491518845419,121.1));
#1909=CARTESIAN_POINT('',(18.5000049695374,-326.491518845419,41.6));
#1910=CARTESIAN_POINT('',(-128.425862552262,-203.100002712011,121.1));
#1911=CARTESIAN_POINT('',(-129.255507814623,-202.403248706047,121.1));
#1912=CARTESIAN_POINT('',(-128.425862552262,-203.100002712011,47.1));
#1913=CARTESIAN_POINT('',(-129.255507814623,-202.403248706047,22.1));
#1914=CARTESIAN_POINT('Origin',(-49.6277539073116,-268.453894032305,22.1));
#1915=CARTESIAN_POINT('',(18.5000049695374,-215.726949698361,22.1));
#1916=CARTESIAN_POINT('Origin',(18.5000049695374,-163.000005364418,61.1));
#1917=CARTESIAN_POINT('',(18.5000049695374,-215.726949698361,121.1));
#1918=CARTESIAN_POINT('Origin',(-65.5000022351742,-203.100002712011,72.1));
#1919=CARTESIAN_POINT('',(-57.5638780712429,-203.100002712011,121.1));
#1920=CARTESIAN_POINT('Origin',(-49.6277539073116,-268.453894032305,121.1));
#1921=CARTESIAN_POINT('Origin',(-83.3720202547987,-227.875735731152,69.7210526315789));
#1922=CARTESIAN_POINT('',(-79.1149053597152,-226.227411500286,69.7210526315789));
#1923=CARTESIAN_POINT('Origin',(-80.7996313349466,-224.812597594368,69.7210526315789));
#1924=CARTESIAN_POINT('',(-81.6872942795673,-229.29054963707,69.7210526315789));
#1925=CARTESIAN_POINT('',(-81.6872942795673,-229.29054963707,69.7210526315789));
#1926=CARTESIAN_POINT('Origin',(-83.3720202547987,-227.875735731152,69.7210526315789));
#1927=CARTESIAN_POINT('Origin',(-85.2998380266024,-226.256776071406,71.7210566846948));
#1928=CARTESIAN_POINT('',(-85.2998380266024,-226.256776071406,71.7210566846948));
#1929=CARTESIAN_POINT('',(-79.1224092814225,-231.444511180852,79.7210526315789));
#1930=CARTESIAN_POINT('',(-85.2998380266024,-226.256776071406,71.7210566846948));
#1931=CARTESIAN_POINT('',(-76.5500203615704,-228.381373044067,79.7210526315789));
#1932=CARTESIAN_POINT('',(-79.1224092814225,-231.444511180852,79.7210526315789));
#1933=CARTESIAN_POINT('',(-82.7274491067503,-223.193637934622,71.7210566846948));
#1934=CARTESIAN_POINT('',(-82.7274491067503,-223.193637934622,71.7210566846948));
#1935=CARTESIAN_POINT('',(-85.2998380266024,-226.256776071406,71.7210566846948));
#1936=CARTESIAN_POINT('Origin',(-83.3720202547986,-227.875735731152,69.7210526315789));
#1937=CARTESIAN_POINT('',(-85.2998380266024,-226.256776071406,67.7210485784631));
#1938=CARTESIAN_POINT('Origin',(-83.3720202547986,-227.875735731152,69.7210526315789));
#1939=CARTESIAN_POINT('',(-82.7274491067503,-223.193637934622,67.7210485784631));
#1940=CARTESIAN_POINT('Origin',(-80.7996313349465,-224.812597594368,69.7210526315789));
#1941=CARTESIAN_POINT('',(-85.2998380266024,-226.256776071406,67.7210485784631));
#1942=CARTESIAN_POINT('Origin',(-79.1312073910592,-231.437122627435,59.7324465050395));
#1943=CARTESIAN_POINT('',(-79.1312073910592,-231.437122627435,59.7324465050395));
#1944=CARTESIAN_POINT('',(-85.2998380266024,-226.256776071406,67.7210485784631));
#1945=CARTESIAN_POINT('',(-76.5588184712071,-228.373984490651,59.7324465050395));
#1946=CARTESIAN_POINT('',(-82.7274491067503,-223.193637934622,67.7210485784631));
#1947=CARTESIAN_POINT('',(-79.1312073910592,-231.437122627435,59.7324465050394));
#1948=CARTESIAN_POINT('Origin',(-79.9059020725392,-225.563141366572,69.7267495683092));
#1949=CARTESIAN_POINT('Origin',(-40.9156171048332,-258.306743696598,69.7));
#1950=CARTESIAN_POINT('Origin',(-43.4880060246853,-261.369881833383,69.7));
#1951=CARTESIAN_POINT('',(9.04076855212299,-272.836696624721,69.7));
#1952=CARTESIAN_POINT('Origin',(-27.4105752756097,-242.225268478481,69.7));
#1953=CARTESIAN_POINT('',(-4.46427327710051,-288.918171842838,69.7));
#1954=CARTESIAN_POINT('',(-7.03666219695263,-291.981309979623,69.7));
#1955=CARTESIAN_POINT('',(-5.27241573845932,-288.239502902546,59.7324465050395));
#1956=CARTESIAN_POINT('Origin',(-40.9156171048332,-258.306743696598,69.7));
#1957=CARTESIAN_POINT('',(-7.84480465831142,-291.30264103933,59.7324465050395));
#1958=CARTESIAN_POINT('',(-7.84480465831145,-291.30264103933,59.7324465050395));
#1959=CARTESIAN_POINT('Origin',(-43.4880060246853,-261.369881833383,69.7));
#1960=CARTESIAN_POINT('',(-7.85360276794817,-291.295252485914,79.7210526315789));
#1961=CARTESIAN_POINT('Origin',(-43.4880060246853,-261.369881833383,69.7));
#1962=CARTESIAN_POINT('',(-5.28121384809607,-288.232114349129,79.7210526315789));
#1963=CARTESIAN_POINT('',(-7.85360276794816,-291.295252485914,79.7210526315789));
#1964=CARTESIAN_POINT('Origin',(-40.9156171048332,-258.306743696598,69.7));
#1965=CARTESIAN_POINT('Origin',(-3.60399179457196,-294.864027935613,69.7210526315789));
#1966=CARTESIAN_POINT('',(0.653123100511487,-293.215703704748,69.7210526315789));
#1967=CARTESIAN_POINT('Origin',(-1.03160287471986,-291.800889798829,69.7210526315789));
#1968=CARTESIAN_POINT('',(-1.91926581934061,-296.278841841532,69.7210526315789));
#1969=CARTESIAN_POINT('',(-1.91926581934061,-296.278841841532,69.7210526315789));
#1970=CARTESIAN_POINT('Origin',(-3.60399179457196,-294.864027935613,69.7210526315789));
#1971=CARTESIAN_POINT('Origin',(-3.60399179457202,-294.864027935613,69.7210526315789));
#1972=CARTESIAN_POINT('',(-1.67617402276825,-296.482987595359,71.7210566846948));
#1973=CARTESIAN_POINT('',(-1.67617402276825,-296.482987595359,67.7210485784631));
#1974=CARTESIAN_POINT('Origin',(-3.60399179457202,-294.864027935613,69.7210526315789));
#1975=CARTESIAN_POINT('',(0.896214897083853,-293.419849458575,67.7210485784631));
#1976=CARTESIAN_POINT('',(-1.67617402276825,-296.482987595359,67.7210485784631));
#1977=CARTESIAN_POINT('',(0.896214897083853,-293.419849458575,71.7210566846948));
#1978=CARTESIAN_POINT('Origin',(-1.03160287471992,-291.800889798829,69.7210526315789));
#1979=CARTESIAN_POINT('',(-1.67617402276825,-296.482987595359,71.7210566846948));
#1980=CARTESIAN_POINT('Origin',(-7.85360276794817,-291.295252485914,79.7210526315789));
#1981=CARTESIAN_POINT('',(-1.67617402276825,-296.482987595359,71.7210566846948));
#1982=CARTESIAN_POINT('',(0.896214897083853,-293.419849458575,71.7210566846948));
#1983=CARTESIAN_POINT('Origin',(-1.67617402276825,-296.482987595359,67.7210485784631));
#1984=CARTESIAN_POINT('',(-1.67617402276825,-296.482987595359,67.7210485784631));
#1985=CARTESIAN_POINT('',(0.896214897083853,-293.419849458575,67.7210485784631));
#1986=CARTESIAN_POINT('Origin',(-1.92533213712729,-291.050346026625,69.7267495683092));
#1987=CARTESIAN_POINT('Origin',(-27.4105752756097,-242.225268478481,69.7));
#1988=CARTESIAN_POINT('Origin',(-43.4880060246853,-261.369881833383,69.7));
#1989=CARTESIAN_POINT('',(0.,0.,0.));
#1990=CARTESIAN_POINT('',(0.,0.,0.));
#1991=CARTESIAN_POINT('',(0.,0.,0.));
#1992=CARTESIAN_POINT('',(0.,0.,0.));
#1993=CARTESIAN_POINT('',(0.,0.,0.));
#1994=CARTESIAN_POINT('',(0.,0.,0.));
#1995=CARTESIAN_POINT('',(0.,0.,0.));
#1996=UNCERTAINTY_MEASURE_WITH_UNIT(LENGTH_MEASURE(0.01),#2014,
'DISTANCE_ACCURACY_VALUE',
'Maximum model space distance between geometric entities at asserted c
onnectivities');
#1997=UNCERTAINTY_MEASURE_WITH_UNIT(LENGTH_MEASURE(0.01),#2014,
'DISTANCE_ACCURACY_VALUE',
'Maximum model space distance between geometric entities at asserted c
onnectivities');
#1998=UNCERTAINTY_MEASURE_WITH_UNIT(LENGTH_MEASURE(0.01),#2014,
'DISTANCE_ACCURACY_VALUE',
'Maximum model space distance between geometric entities at asserted c
onnectivities');
#1999=UNCERTAINTY_MEASURE_WITH_UNIT(LENGTH_MEASURE(0.01),#2014,
'DISTANCE_ACCURACY_VALUE',
'Maximum model space distance between geometric entities at asserted c
onnectivities');
#2000=UNCERTAINTY_MEASURE_WITH_UNIT(LENGTH_MEASURE(0.01),#2014,
'DISTANCE_ACCURACY_VALUE',
'Maximum model space distance between geometric entities at asserted c
onnectivities');
#2001=UNCERTAINTY_MEASURE_WITH_UNIT(LENGTH_MEASURE(0.01),#2014,
'DISTANCE_ACCURACY_VALUE',
'Maximum model space distance between geometric entities at asserted c
onnectivities');
#2002=UNCERTAINTY_MEASURE_WITH_UNIT(LENGTH_MEASURE(0.01),#2014,
'DISTANCE_ACCURACY_VALUE',
'Maximum model space distance between geometric entities at asserted c
onnectivities');
#2003=UNCERTAINTY_MEASURE_WITH_UNIT(LENGTH_MEASURE(0.01),#2014,
'DISTANCE_ACCURACY_VALUE',
'Maximum model space distance between geometric entities at asserted c
onnectivities');
#2004=UNCERTAINTY_MEASURE_WITH_UNIT(LENGTH_MEASURE(0.01),#2014,
'DISTANCE_ACCURACY_VALUE',
'Maximum model space distance between geometric entities at asserted c
onnectivities');
#2005=(
GEOMETRIC_REPRESENTATION_CONTEXT(3)
GLOBAL_UNCERTAINTY_ASSIGNED_CONTEXT((#1996))
GLOBAL_UNIT_ASSIGNED_CONTEXT((#2014,#2016,#2017))
REPRESENTATION_CONTEXT('','3D')
);
#2006=(
GEOMETRIC_REPRESENTATION_CONTEXT(3)
GLOBAL_UNCERTAINTY_ASSIGNED_CONTEXT((#1997))
GLOBAL_UNIT_ASSIGNED_CONTEXT((#2014,#2016,#2017))
REPRESENTATION_CONTEXT('','3D')
);
#2007=(
GEOMETRIC_REPRESENTATION_CONTEXT(3)
GLOBAL_UNCERTAINTY_ASSIGNED_CONTEXT((#1998))
GLOBAL_UNIT_ASSIGNED_CONTEXT((#2014,#2016,#2017))
REPRESENTATION_CONTEXT('','3D')
);
#2008=(
GEOMETRIC_REPRESENTATION_CONTEXT(3)
GLOBAL_UNCERTAINTY_ASSIGNED_CONTEXT((#1999))
GLOBAL_UNIT_ASSIGNED_CONTEXT((#2014,#2016,#2017))
REPRESENTATION_CONTEXT('','3D')
);
#2009=(
GEOMETRIC_REPRESENTATION_CONTEXT(3)
GLOBAL_UNCERTAINTY_ASSIGNED_CONTEXT((#2000))
GLOBAL_UNIT_ASSIGNED_CONTEXT((#2014,#2016,#2017))
REPRESENTATION_CONTEXT('','3D')
);
#2010=(
GEOMETRIC_REPRESENTATION_CONTEXT(3)
GLOBAL_UNCERTAINTY_ASSIGNED_CONTEXT((#2001))
GLOBAL_UNIT_ASSIGNED_CONTEXT((#2014,#2016,#2017))
REPRESENTATION_CONTEXT('','3D')
);
#2011=(
GEOMETRIC_REPRESENTATION_CONTEXT(3)
GLOBAL_UNCERTAINTY_ASSIGNED_CONTEXT((#2002))
GLOBAL_UNIT_ASSIGNED_CONTEXT((#2014,#2016,#2017))
REPRESENTATION_CONTEXT('','3D')
);
#2012=(
GEOMETRIC_REPRESENTATION_CONTEXT(3)
GLOBAL_UNCERTAINTY_ASSIGNED_CONTEXT((#2003))
GLOBAL_UNIT_ASSIGNED_CONTEXT((#2014,#2016,#2017))
REPRESENTATION_CONTEXT('','3D')
);
#2013=(
GEOMETRIC_REPRESENTATION_CONTEXT(3)
GLOBAL_UNCERTAINTY_ASSIGNED_CONTEXT((#2004))
GLOBAL_UNIT_ASSIGNED_CONTEXT((#2014,#2016,#2017))
REPRESENTATION_CONTEXT('','3D')
);
#2014=(
LENGTH_UNIT()
NAMED_UNIT(*)
SI_UNIT(.MILLI.,.METRE.)
);
#2015=(
LENGTH_UNIT()
NAMED_UNIT(*)
SI_UNIT($,.METRE.)
);
#2016=(
NAMED_UNIT(*)
PLANE_ANGLE_UNIT()
SI_UNIT($,.RADIAN.)
);
#2017=(
NAMED_UNIT(*)
SI_UNIT($,.STERADIAN.)
SOLID_ANGLE_UNIT()
);
#2018=SHAPE_DEFINITION_REPRESENTATION(#2026,#2041);
#2019=SHAPE_DEFINITION_REPRESENTATION(#2027,#2042);
#2020=SHAPE_DEFINITION_REPRESENTATION(#2028,#2043);
#2021=SHAPE_DEFINITION_REPRESENTATION(#2029,#2044);
#2022=SHAPE_DEFINITION_REPRESENTATION(#2030,#2045);
#2023=SHAPE_DEFINITION_REPRESENTATION(#2031,#2046);
#2024=SHAPE_DEFINITION_REPRESENTATION(#2032,#2047);
#2025=SHAPE_DEFINITION_REPRESENTATION(#2033,#2048);
#2026=PRODUCT_DEFINITION_SHAPE('',$,#2050);
#2027=PRODUCT_DEFINITION_SHAPE('',$,#2051);
#2028=PRODUCT_DEFINITION_SHAPE('',$,#2052);
#2029=PRODUCT_DEFINITION_SHAPE('',$,#2053);
#2030=PRODUCT_DEFINITION_SHAPE('',$,#2054);
#2031=PRODUCT_DEFINITION_SHAPE('',$,#2055);
#2032=PRODUCT_DEFINITION_SHAPE('',$,#2056);
#2033=PRODUCT_DEFINITION_SHAPE('',$,#2057);
#2034=PRODUCT_DEFINITION_SHAPE($,$,#32);
#2035=PRODUCT_DEFINITION_SHAPE($,$,#33);
#2036=PRODUCT_DEFINITION_SHAPE($,$,#34);
#2037=PRODUCT_DEFINITION_SHAPE($,$,#35);
#2038=PRODUCT_DEFINITION_SHAPE($,$,#36);
#2039=PRODUCT_DEFINITION_SHAPE($,$,#37);
#2040=PRODUCT_DEFINITION_SHAPE($,$,#38);
#2041=SHAPE_REPRESENTATION('',(#1236,#1335,#1336,#1337,#1338,#1339,#1340,
#1341),#2005);
#2042=SHAPE_REPRESENTATION('',(#1237),#2006);
#2043=SHAPE_REPRESENTATION('',(#1243),#2007);
#2044=SHAPE_REPRESENTATION('',(#1251),#2008);
#2045=SHAPE_REPRESENTATION('',(#1257),#2009);
#2046=SHAPE_REPRESENTATION('',(#1271),#2010);
#2047=SHAPE_REPRESENTATION('',(#1279),#2011);
#2048=SHAPE_REPRESENTATION('',(#1286),#2012);
#2049=PRODUCT_DEFINITION_CONTEXT('part definition',#2075,'design');
#2050=PRODUCT_DEFINITION('2026-06-24-14-57-38-918','FanShroud',#2058,#2049);
#2051=PRODUCT_DEFINITION('2026-06-24-14-57-38-918_1','Bile\X2\015F\X0\e
n6',#2059,#2049);
#2052=PRODUCT_DEFINITION('2026-06-24-14-57-38-919','Bile\X2\015F\X0\en
8',#2060,#2049);
#2053=PRODUCT_DEFINITION('2026-06-24-14-57-38-918_2','Bile\X2\015F\X0\e
n5',#2061,#2049);
#2054=PRODUCT_DEFINITION('2026-06-24-14-57-38-918_3','Bile\X2\015F\X0\e
n4',#2062,#2049);
#2055=PRODUCT_DEFINITION('2026-06-24-14-57-38-918_4','Bile\X2\015F\X0\e
n3',#2063,#2049);
#2056=PRODUCT_DEFINITION('2026-06-24-14-57-38-917','Bile\X2\015F\X0\en
2',#2064,#2049);
#2057=PRODUCT_DEFINITION('2026-06-24-14-57-38-917_1','Bile\X2\015F\X0\e
n1',#2065,#2049);
#2058=PRODUCT_DEFINITION_FORMATION('',$,#2077);
#2059=PRODUCT_DEFINITION_FORMATION('',$,#2078);
#2060=PRODUCT_DEFINITION_FORMATION('',$,#2079);
#2061=PRODUCT_DEFINITION_FORMATION('',$,#2080);
#2062=PRODUCT_DEFINITION_FORMATION('',$,#2081);
#2063=PRODUCT_DEFINITION_FORMATION('',$,#2082);
#2064=PRODUCT_DEFINITION_FORMATION('',$,#2083);
#2065=PRODUCT_DEFINITION_FORMATION('',$,#2084);
#2066=PRODUCT_RELATED_PRODUCT_CATEGORY('FanShroud','FanShroud',(#2077));
#2067=PRODUCT_RELATED_PRODUCT_CATEGORY('Bile\X2\015F\X0\en6',
'Bile\X2\015F\X0\en6',(#2078));
#2068=PRODUCT_RELATED_PRODUCT_CATEGORY('Bile\X2\015F\X0\en8',
'Bile\X2\015F\X0\en8',(#2079));
#2069=PRODUCT_RELATED_PRODUCT_CATEGORY('Bile\X2\015F\X0\en5',
'Bile\X2\015F\X0\en5',(#2080));
#2070=PRODUCT_RELATED_PRODUCT_CATEGORY('Bile\X2\015F\X0\en4',
'Bile\X2\015F\X0\en4',(#2081));
#2071=PRODUCT_RELATED_PRODUCT_CATEGORY('Bile\X2\015F\X0\en3',
'Bile\X2\015F\X0\en3',(#2082));
#2072=PRODUCT_RELATED_PRODUCT_CATEGORY('Bile\X2\015F\X0\en2',
'Bile\X2\015F\X0\en2',(#2083));
#2073=PRODUCT_RELATED_PRODUCT_CATEGORY('Bile\X2\015F\X0\en1',
'Bile\X2\015F\X0\en1',(#2084));
#2074=APPLICATION_PROTOCOL_DEFINITION('international standard',
'automotive_design',2009,#2075);
#2075=APPLICATION_CONTEXT(
'Core Data for Automotive Mechanical Design Process');
#2076=PRODUCT_CONTEXT('part definition',#2075,'mechanical');
#2077=PRODUCT('2026-06-24-14-57-38-918','FanShroud',$,(#2076));
#2078=PRODUCT('2026-06-24-14-57-38-918_1','Bile\X2\015F\X0\en6',$,(#2076));
#2079=PRODUCT('2026-06-24-14-57-38-919','Bile\X2\015F\X0\en8',$,(#2076));
#2080=PRODUCT('2026-06-24-14-57-38-918_2','Bile\X2\015F\X0\en5',$,(#2076));
#2081=PRODUCT('2026-06-24-14-57-38-918_3','Bile\X2\015F\X0\en4',$,(#2076));
#2082=PRODUCT('2026-06-24-14-57-38-918_4','Bile\X2\015F\X0\en3',$,(#2076));
#2083=PRODUCT('2026-06-24-14-57-38-917','Bile\X2\015F\X0\en2',$,(#2076));
#2084=PRODUCT('2026-06-24-14-57-38-917_1','Bile\X2\015F\X0\en1',$,(#2076));
#2085=PRESENTATION_STYLE_ASSIGNMENT((#2088));
#2086=PRESENTATION_STYLE_ASSIGNMENT((#2089));
#2087=PRESENTATION_STYLE_ASSIGNMENT((#2090));
#2088=SURFACE_STYLE_USAGE(.BOTH.,#2091);
#2089=SURFACE_STYLE_USAGE(.BOTH.,#2092);
#2090=SURFACE_STYLE_USAGE(.BOTH.,#2093);
#2091=SURFACE_SIDE_STYLE('',(#2094));
#2092=SURFACE_SIDE_STYLE('',(#2095));
#2093=SURFACE_SIDE_STYLE('',(#2096));
#2094=SURFACE_STYLE_FILL_AREA(#2097);
#2095=SURFACE_STYLE_FILL_AREA(#2098);
#2096=SURFACE_STYLE_FILL_AREA(#2099);
#2097=FILL_AREA_STYLE('\X\C7elik - Saten',(#2100));
#2098=FILL_AREA_STYLE('ABS (Beyaz)',(#2101));
#2099=FILL_AREA_STYLE('Opaque(163,170,173)',(#2102));
#2100=FILL_AREA_STYLE_COLOUR('\X\C7elik - Saten',#2103);
#2101=FILL_AREA_STYLE_COLOUR('ABS (Beyaz)',#2104);
#2102=FILL_AREA_STYLE_COLOUR('Opaque(163,170,173)',#2105);
#2103=COLOUR_RGB('\X\C7elik - Saten',0.627450980392157,0.627450980392157,
0.627450980392157);
#2104=COLOUR_RGB('ABS (Beyaz)',0.,0.,0.);
#2105=COLOUR_RGB('Opaque(163,170,173)',0.63921568627451,0.666666666666667,
0.67843137254902);
ENDSEC;
END-ISO-10303-21;
