ISO-10303-21;
HEADER;
/* Generated by software containing ST-Developer
 * from STEP Tools, Inc. (www.steptools.com) 
 */

FILE_DESCRIPTION(
/* description */ (''),
/* implementation_level */ '2;1');

FILE_NAME(
/* name */ 'PaddleShift.step',
/* time_stamp */ '2026-06-24T20:51:46+03:00',
/* author */ (''),
/* organization */ (''),
/* preprocessor_version */ 'ST-DEVELOPER v20.1',
/* originating_system */ 'Autodesk Translation Framework v15.8.0.0',
/* authorisation */ '');

FILE_SCHEMA (('AUTOMOTIVE_DESIGN { 1 0 10303 214 3 1 1 }'));
ENDSEC;

DATA;
#10=MECHANICAL_DESIGN_GEOMETRIC_PRESENTATION_REPRESENTATION('',(#97,#98,
#99,#100,#101,#102,#103,#104,#105),#7390);
#11=ITEM_DEFINED_TRANSFORMATION($,$,#4334,#4710);
#12=ITEM_DEFINED_TRANSFORMATION($,$,#4351,#4711);
#13=ITEM_DEFINED_TRANSFORMATION($,$,#4410,#4712);
#14=ITEM_DEFINED_TRANSFORMATION($,$,#4469,#4713);
#15=ITEM_DEFINED_TRANSFORMATION($,$,#4486,#4714);
#16=ITEM_DEFINED_TRANSFORMATION($,$,#4518,#4715);
#17=ITEM_DEFINED_TRANSFORMATION($,$,#4550,#4716);
#18=ITEM_DEFINED_TRANSFORMATION($,$,#4592,#4717);
#19=(
REPRESENTATION_RELATIONSHIP($,$,#7422,#7421)
REPRESENTATION_RELATIONSHIP_WITH_TRANSFORMATION(#11)
SHAPE_REPRESENTATION_RELATIONSHIP()
);
#20=(
REPRESENTATION_RELATIONSHIP($,$,#7423,#7421)
REPRESENTATION_RELATIONSHIP_WITH_TRANSFORMATION(#12)
SHAPE_REPRESENTATION_RELATIONSHIP()
);
#21=(
REPRESENTATION_RELATIONSHIP($,$,#7424,#7421)
REPRESENTATION_RELATIONSHIP_WITH_TRANSFORMATION(#13)
SHAPE_REPRESENTATION_RELATIONSHIP()
);
#22=(
REPRESENTATION_RELATIONSHIP($,$,#7425,#7421)
REPRESENTATION_RELATIONSHIP_WITH_TRANSFORMATION(#14)
SHAPE_REPRESENTATION_RELATIONSHIP()
);
#23=(
REPRESENTATION_RELATIONSHIP($,$,#7426,#7421)
REPRESENTATION_RELATIONSHIP_WITH_TRANSFORMATION(#15)
SHAPE_REPRESENTATION_RELATIONSHIP()
);
#24=(
REPRESENTATION_RELATIONSHIP($,$,#7427,#7421)
REPRESENTATION_RELATIONSHIP_WITH_TRANSFORMATION(#16)
SHAPE_REPRESENTATION_RELATIONSHIP()
);
#25=(
REPRESENTATION_RELATIONSHIP($,$,#7428,#7421)
REPRESENTATION_RELATIONSHIP_WITH_TRANSFORMATION(#17)
SHAPE_REPRESENTATION_RELATIONSHIP()
);
#26=(
REPRESENTATION_RELATIONSHIP($,$,#7429,#7421)
REPRESENTATION_RELATIONSHIP_WITH_TRANSFORMATION(#18)
SHAPE_REPRESENTATION_RELATIONSHIP()
);
#27=CONTEXT_DEPENDENT_SHAPE_REPRESENTATION(#19,#7413);
#28=CONTEXT_DEPENDENT_SHAPE_REPRESENTATION(#20,#7414);
#29=CONTEXT_DEPENDENT_SHAPE_REPRESENTATION(#21,#7415);
#30=CONTEXT_DEPENDENT_SHAPE_REPRESENTATION(#22,#7416);
#31=CONTEXT_DEPENDENT_SHAPE_REPRESENTATION(#23,#7417);
#32=CONTEXT_DEPENDENT_SHAPE_REPRESENTATION(#24,#7418);
#33=CONTEXT_DEPENDENT_SHAPE_REPRESENTATION(#25,#7419);
#34=CONTEXT_DEPENDENT_SHAPE_REPRESENTATION(#26,#7420);
#35=NEXT_ASSEMBLY_USAGE_OCCURRENCE('Bile\X2\015F\X0\en2:1',
'Bile\X2\015F\X0\en2:1','Bile\X2\015F\X0\en2:1',#7431,#7432,
'Bile\X2\015F\X0\en2:1');
#36=NEXT_ASSEMBLY_USAGE_OCCURRENCE('Bile\X2\015F\X0\en3:1',
'Bile\X2\015F\X0\en3:1','Bile\X2\015F\X0\en3:1',#7431,#7433,
'Bile\X2\015F\X0\en3:1');
#37=NEXT_ASSEMBLY_USAGE_OCCURRENCE('Bile\X2\015F\X0\en4:1',
'Bile\X2\015F\X0\en4:1','Bile\X2\015F\X0\en4:1',#7431,#7434,
'Bile\X2\015F\X0\en4:1');
#38=NEXT_ASSEMBLY_USAGE_OCCURRENCE('Bile\X2\015F\X0\en6:1',
'Bile\X2\015F\X0\en6:1','Bile\X2\015F\X0\en6:1',#7431,#7435,
'Bile\X2\015F\X0\en6:1');
#39=NEXT_ASSEMBLY_USAGE_OCCURRENCE('Bile\X2\015F\X0\en7:1',
'Bile\X2\015F\X0\en7:1','Bile\X2\015F\X0\en7:1',#7431,#7436,
'Bile\X2\015F\X0\en7:1');
#40=NEXT_ASSEMBLY_USAGE_OCCURRENCE('Bile\X2\015F\X0\en8:1',
'Bile\X2\015F\X0\en8:1','Bile\X2\015F\X0\en8:1',#7431,#7437,
'Bile\X2\015F\X0\en8:1');
#41=NEXT_ASSEMBLY_USAGE_OCCURRENCE('Switch:1','Switch:1','Switch:1',#7431,
#7438,'Switch:1');
#42=NEXT_ASSEMBLY_USAGE_OCCURRENCE('Switch (2):1','Switch (2):1',
'Switch (2):1',#7431,#7439,'Switch (2):1');
#43=B_SPLINE_SURFACE_WITH_KNOTS('',3,3,((#7053,#7054,#7055,#7056),(#7057,
#7058,#7059,#7060),(#7061,#7062,#7063,#7064),(#7065,#7066,#7067,#7068)),
 .UNSPECIFIED.,.F.,.F.,.F.,(4,4),(4,4),(0.,1.),(0.239641273226319,2.34915246891338),
 .UNSPECIFIED.);
#44=B_SPLINE_SURFACE_WITH_KNOTS('',3,3,((#7107,#7108,#7109,#7110),(#7111,
#7112,#7113,#7114),(#7115,#7116,#7117,#7118),(#7119,#7120,#7121,#7122)),
 .UNSPECIFIED.,.F.,.F.,.F.,(4,4),(4,4),(0.,1.),(1.64604811798709,3.75555931392665),
 .UNSPECIFIED.);
#45=B_SPLINE_SURFACE_WITH_KNOTS('',3,3,((#7289,#7290,#7291,#7292),(#7293,
#7294,#7295,#7296),(#7297,#7298,#7299,#7300),(#7301,#7302,#7303,#7304)),
 .UNSPECIFIED.,.F.,.F.,.F.,(4,4),(4,4),(0.,1.),(0.239641273226319,2.34915246891293),
 .UNSPECIFIED.);
#46=B_SPLINE_SURFACE_WITH_KNOTS('',3,3,((#7316,#7317,#7318,#7319),(#7320,
#7321,#7322,#7323),(#7324,#7325,#7326,#7327),(#7328,#7329,#7330,#7331)),
 .UNSPECIFIED.,.F.,.F.,.F.,(4,4),(4,4),(0.,1.),(1.64604811798709,3.75555931392665),
 .UNSPECIFIED.);
#47=CONICAL_SURFACE('',#4638,37.9908289581767,0.0428309326687274);
#48=CONICAL_SURFACE('',#4707,28.1998165791635,0.0428309326687274);
#49=B_SPLINE_CURVE_WITH_KNOTS('',3,(#6844,#6845,#6846,#6847,#6848,#6849,
#6850,#6851,#6852,#6853),.UNSPECIFIED.,.F.,.F.,(4,2,2,2,4),(-0.278262684322114,
-0.22155757081225,-0.134143549938936,0.,0.000829405879464073),
 .UNSPECIFIED.);
#50=B_SPLINE_CURVE_WITH_KNOTS('',3,(#6859,#6860,#6861,#6862,#6863,#6864,
#6865,#6866,#6867,#6868,#6869,#6870),.UNSPECIFIED.,.F.,.F.,(4,2,2,2,2,4),
(-0.230040468245192,-0.229335933533863,-0.135789868780644,-0.0620993009333139,
-0.00862475459431778,-0.00620860914647125),.UNSPECIFIED.);
#51=B_SPLINE_CURVE_WITH_KNOTS('',3,(#6877,#6878,#6879,#6880),
 .UNSPECIFIED.,.F.,.F.,(4,4),(2.25329206972285,2.34915246891293),
 .UNSPECIFIED.);
#52=B_SPLINE_CURVE_WITH_KNOTS('',3,(#6882,#6883,#6884,#6885),
 .UNSPECIFIED.,.F.,.F.,(4,4),(-2.25329206972285,-0.250361222070771),
 .UNSPECIFIED.);
#53=B_SPLINE_CURVE_WITH_KNOTS('',3,(#6889,#6890,#6891,#6892),
 .UNSPECIFIED.,.F.,.F.,(4,4),(-2.25329206972285,-0.250361222070771),
 .UNSPECIFIED.);
#54=B_SPLINE_CURVE_WITH_KNOTS('',3,(#6894,#6895,#6896,#6897),
 .UNSPECIFIED.,.F.,.F.,(4,4),(2.25329206972285,2.34915246891338),
 .UNSPECIFIED.);
#55=B_SPLINE_CURVE_WITH_KNOTS('',3,(#6901,#6902,#6903,#6904),
 .UNSPECIFIED.,.F.,.F.,(4,4),(1.64604811798709,1.74190851718965),
 .UNSPECIFIED.);
#56=B_SPLINE_CURVE_WITH_KNOTS('',3,(#6906,#6907,#6908,#6909),
 .UNSPECIFIED.,.F.,.F.,(4,4),(-3.74483936508098,-1.74190851718965),
 .UNSPECIFIED.);
#57=B_SPLINE_CURVE_WITH_KNOTS('',3,(#6913,#6914,#6915,#6916),
 .UNSPECIFIED.,.F.,.F.,(4,4),(-3.74483936508098,-1.74190851718965),
 .UNSPECIFIED.);
#58=B_SPLINE_CURVE_WITH_KNOTS('',3,(#6917,#6918,#6919,#6920),
 .UNSPECIFIED.,.F.,.F.,(4,4),(1.64604811798709,1.74190851718965),
 .UNSPECIFIED.);
#59=B_SPLINE_CURVE_WITH_KNOTS('',3,(#6923,#6924,#6925,#6926,#6927,#6928,
#6929,#6930,#6931,#6932,#6933,#6934),.UNSPECIFIED.,.F.,.F.,(4,2,2,2,2,4),
(-0.230040476203711,-0.229335941503877,-0.135789854523599,-0.0620992961248581,
-0.00862475506932283,-0.00620862309336963),.UNSPECIFIED.);
#60=B_SPLINE_CURVE_WITH_KNOTS('',3,(#6937,#6938,#6939,#6940,#6941,#6942,
#6943,#6944,#6945,#6946),.UNSPECIFIED.,.F.,.F.,(4,2,2,2,4),(-0.278262681144371,
-0.221557546082331,-0.134143517995187,0.,0.000829405886683318),
 .UNSPECIFIED.);
#61=B_SPLINE_CURVE_WITH_KNOTS('',3,(#6949,#6950,#6951,#6952),
 .UNSPECIFIED.,.F.,.F.,(4,4),(0.,0.00621678568181364),.UNSPECIFIED.);
#62=B_SPLINE_CURVE_WITH_KNOTS('',3,(#6967,#6968,#6969,#6970),
 .UNSPECIFIED.,.F.,.F.,(4,4),(0.220880337146796,0.227095653405747),
 .UNSPECIFIED.);
#63=B_SPLINE_CURVE_WITH_KNOTS('',3,(#7070,#7071,#7072,#7073,#7074,#7075,
#7076,#7077,#7078,#7079,#7080,#7081,#7082,#7083,#7084,#7085,#7086,#7087,
#7088,#7089,#7090,#7091,#7092,#7093,#7094,#7095,#7096,#7097,#7098,#7099,
#7100),.UNSPECIFIED.,.F.,.F.,(4,3,3,3,3,3,3,3,3,3,4),(-0.231233806651052,
-0.20521247752795,-0.178585378821617,-0.164460019762032,-0.13787664037243,
-0.111148690952262,-0.0977021868678457,-0.0709203996716499,-0.0442948344518722,
-0.0183819081626511,0.),.UNSPECIFIED.);
#64=B_SPLINE_CURVE_WITH_KNOTS('',3,(#7101,#7102,#7103,#7104),
 .UNSPECIFIED.,.F.,.F.,(4,4),(0.239641273226319,2.24257172072119),
 .UNSPECIFIED.);
#65=B_SPLINE_CURVE_WITH_KNOTS('',3,(#7124,#7125,#7126,#7127),
 .UNSPECIFIED.,.F.,.F.,(4,4),(1.75262886619266,3.75555931392665),
 .UNSPECIFIED.);
#66=B_SPLINE_CURVE_WITH_KNOTS('',3,(#7128,#7129,#7130,#7131,#7132,#7133,
#7134,#7135,#7136,#7137,#7138,#7139,#7140,#7141,#7142,#7143,#7144,#7145,
#7146,#7147,#7148,#7149,#7150,#7151,#7152,#7153,#7154,#7155,#7156,#7157,
#7158),.UNSPECIFIED.,.F.,.F.,(4,3,3,3,3,3,3,3,3,3,4),(-0.231240324271993,
-0.205268808234886,-0.178674373784986,-0.164598326999359,-0.138041120432721,
-0.111307740900345,-0.0979308062633949,-0.0711311457586747,-0.0444696396464959,
-0.0185029730659621,0.),.UNSPECIFIED.);
#67=B_SPLINE_CURVE_WITH_KNOTS('',3,(#7192,#7193,#7194,#7195,#7196,#7197,
#7198,#7199,#7200,#7201,#7202,#7203,#7204,#7205,#7206,#7207,#7208,#7209,
#7210,#7211,#7212,#7213,#7214,#7215,#7216,#7217,#7218,#7219,#7220,#7221,
#7222),.UNSPECIFIED.,.F.,.F.,(4,3,3,3,3,3,3,3,3,3,4),(-0.231233806651052,
-0.205212477527948,-0.178585378821615,-0.164460019762032,-0.137876640372429,
-0.111148690952267,-0.0977021868678457,-0.0709203996716505,-0.0442948344518732,
-0.0183819081626506,0.),.UNSPECIFIED.);
#68=B_SPLINE_CURVE_WITH_KNOTS('',3,(#7234,#7235,#7236,#7237,#7238,#7239,
#7240,#7241,#7242,#7243,#7244,#7245,#7246,#7247,#7248,#7249,#7250,#7251,
#7252,#7253,#7254,#7255,#7256,#7257,#7258,#7259,#7260,#7261,#7262,#7263,
#7264),.UNSPECIFIED.,.F.,.F.,(4,3,3,3,3,3,3,3,3,3,4),(-0.231240324271993,
-0.205268808234884,-0.178674373784985,-0.164598326999359,-0.138041120432717,
-0.111307740900338,-0.0979308062633949,-0.071131145758676,-0.0444696396465107,
-0.01850297306597,0.),.UNSPECIFIED.);
#69=B_SPLINE_CURVE_WITH_KNOTS('',3,(#7306,#7307,#7308,#7309),
 .UNSPECIFIED.,.F.,.F.,(4,4),(0.,0.00621678568181398),.UNSPECIFIED.);
#70=B_SPLINE_CURVE_WITH_KNOTS('',3,(#7310,#7311,#7312,#7313),
 .UNSPECIFIED.,.F.,.F.,(4,4),(0.239641273226319,2.24257172072119),
 .UNSPECIFIED.);
#71=B_SPLINE_CURVE_WITH_KNOTS('',3,(#7333,#7334,#7335,#7336),
 .UNSPECIFIED.,.F.,.F.,(4,4),(1.75262886619266,3.75555931392665),
 .UNSPECIFIED.);
#72=B_SPLINE_CURVE_WITH_KNOTS('',3,(#7337,#7338,#7339,#7340),
 .UNSPECIFIED.,.F.,.F.,(4,4),(0.2208803371468,0.227095653405747),
 .UNSPECIFIED.);
#73=TOROIDAL_SURFACE('',#4634,38.1100974063793,1.);
#74=TOROIDAL_SURFACE('',#4643,38.1100974063793,1.);
#75=ELLIPSE('',#4388,30.7289717750693,4.);
#76=ELLIPSE('',#4389,30.7289717750693,4.);
#77=ELLIPSE('',#4447,30.7289717750693,4.);
#78=ELLIPSE('',#4448,30.7289717750693,4.);
#79=SHAPE_REPRESENTATION_RELATIONSHIP('SRR','None',#7422,#88);
#80=SHAPE_REPRESENTATION_RELATIONSHIP('SRR','None',#7423,#89);
#81=SHAPE_REPRESENTATION_RELATIONSHIP('SRR','None',#7424,#90);
#82=SHAPE_REPRESENTATION_RELATIONSHIP('SRR','None',#7425,#91);
#83=SHAPE_REPRESENTATION_RELATIONSHIP('SRR','None',#7426,#92);
#84=SHAPE_REPRESENTATION_RELATIONSHIP('SRR','None',#7427,#93);
#85=SHAPE_REPRESENTATION_RELATIONSHIP('SRR','None',#7428,#94);
#86=SHAPE_REPRESENTATION_RELATIONSHIP('SRR','None',#7429,#95);
#87=SHAPE_REPRESENTATION_RELATIONSHIP('SRR','None',#7421,#96);
#88=ADVANCED_BREP_SHAPE_REPRESENTATION('',(#106),#7382);
#89=ADVANCED_BREP_SHAPE_REPRESENTATION('',(#107),#7383);
#90=ADVANCED_BREP_SHAPE_REPRESENTATION('',(#108),#7384);
#91=ADVANCED_BREP_SHAPE_REPRESENTATION('',(#109),#7385);
#92=ADVANCED_BREP_SHAPE_REPRESENTATION('',(#110),#7386);
#93=ADVANCED_BREP_SHAPE_REPRESENTATION('',(#111),#7387);
#94=ADVANCED_BREP_SHAPE_REPRESENTATION('',(#112),#7388);
#95=ADVANCED_BREP_SHAPE_REPRESENTATION('',(#113),#7389);
#96=ADVANCED_BREP_SHAPE_REPRESENTATION('',(#114),#7381);
#97=STYLED_ITEM('',(#7470),#106);
#98=STYLED_ITEM('',(#7470),#107);
#99=STYLED_ITEM('',(#7470),#108);
#100=STYLED_ITEM('',(#7470),#109);
#101=STYLED_ITEM('',(#7470),#110);
#102=STYLED_ITEM('',(#7470),#111);
#103=STYLED_ITEM('',(#7471),#112);
#104=STYLED_ITEM('',(#7471),#113);
#105=STYLED_ITEM('',(#7470),#114);
#106=MANIFOLD_SOLID_BREP('G\X\F6vde1',#4235);
#107=MANIFOLD_SOLID_BREP('G\X\F6vde1',#4236);
#108=MANIFOLD_SOLID_BREP('G\X\F6vde1',#4237);
#109=MANIFOLD_SOLID_BREP('G\X\F6vde1',#4238);
#110=MANIFOLD_SOLID_BREP('G\X\F6vde1',#4239);
#111=MANIFOLD_SOLID_BREP('G\X\F6vde1',#4240);
#112=MANIFOLD_SOLID_BREP('Switch',#4241);
#113=MANIFOLD_SOLID_BREP('Switch (2)',#4242);
#114=MANIFOLD_SOLID_BREP('PD (1)',#4243);
#115=FACE_BOUND('',#569,.T.);
#116=FACE_BOUND('',#570,.T.);
#117=FACE_BOUND('',#572,.T.);
#118=FACE_BOUND('',#573,.T.);
#119=FACE_BOUND('',#583,.T.);
#120=FACE_BOUND('',#585,.T.);
#121=FACE_BOUND('',#590,.T.);
#122=FACE_BOUND('',#593,.T.);
#123=FACE_BOUND('',#595,.T.);
#124=FACE_BOUND('',#598,.T.);
#125=FACE_BOUND('',#605,.T.);
#126=FACE_BOUND('',#617,.T.);
#127=FACE_BOUND('',#619,.T.);
#128=FACE_BOUND('',#628,.T.);
#129=FACE_BOUND('',#630,.T.);
#130=FACE_BOUND('',#635,.T.);
#131=FACE_BOUND('',#638,.T.);
#132=FACE_BOUND('',#640,.T.);
#133=FACE_BOUND('',#643,.T.);
#134=FACE_BOUND('',#650,.T.);
#135=FACE_BOUND('',#662,.T.);
#136=FACE_BOUND('',#664,.T.);
#137=FACE_BOUND('',#673,.T.);
#138=FACE_BOUND('',#674,.T.);
#139=FACE_BOUND('',#676,.T.);
#140=FACE_BOUND('',#677,.T.);
#141=FACE_BOUND('',#681,.T.);
#142=FACE_BOUND('',#684,.T.);
#143=FACE_BOUND('',#688,.T.);
#144=FACE_BOUND('',#692,.T.);
#145=FACE_BOUND('',#693,.T.);
#146=FACE_BOUND('',#695,.T.);
#147=FACE_BOUND('',#697,.T.);
#148=FACE_BOUND('',#698,.T.);
#149=FACE_BOUND('',#699,.T.);
#150=FACE_BOUND('',#707,.T.);
#151=FACE_BOUND('',#710,.T.);
#152=FACE_BOUND('',#714,.T.);
#153=FACE_BOUND('',#718,.T.);
#154=FACE_BOUND('',#719,.T.);
#155=FACE_BOUND('',#721,.T.);
#156=FACE_BOUND('',#723,.T.);
#157=FACE_BOUND('',#724,.T.);
#158=FACE_BOUND('',#725,.T.);
#159=FACE_BOUND('',#737,.T.);
#160=FACE_BOUND('',#751,.T.);
#161=FACE_BOUND('',#752,.T.);
#162=FACE_BOUND('',#759,.T.);
#163=FACE_BOUND('',#760,.T.);
#164=FACE_BOUND('',#767,.T.);
#165=FACE_BOUND('',#781,.T.);
#166=FACE_BOUND('',#782,.T.);
#167=FACE_BOUND('',#789,.T.);
#168=FACE_BOUND('',#790,.T.);
#169=FACE_BOUND('',#795,.T.);
#170=FACE_BOUND('',#796,.T.);
#171=FACE_BOUND('',#799,.T.);
#172=FACE_BOUND('',#802,.T.);
#173=FACE_BOUND('',#805,.T.);
#174=FACE_BOUND('',#808,.T.);
#175=FACE_BOUND('',#813,.T.);
#176=FACE_BOUND('',#817,.T.);
#177=FACE_BOUND('',#820,.T.);
#178=FACE_BOUND('',#823,.T.);
#179=FACE_BOUND('',#832,.T.);
#180=FACE_BOUND('',#833,.T.);
#181=FACE_BOUND('',#834,.T.);
#182=FACE_BOUND('',#835,.T.);
#183=FACE_BOUND('',#836,.T.);
#184=FACE_BOUND('',#838,.T.);
#185=FACE_BOUND('',#842,.T.);
#186=FACE_BOUND('',#845,.T.);
#187=FACE_BOUND('',#848,.T.);
#188=FACE_BOUND('',#851,.T.);
#189=FACE_BOUND('',#852,.T.);
#190=FACE_BOUND('',#858,.T.);
#191=PLANE('',#4341);
#192=PLANE('',#4345);
#193=PLANE('',#4346);
#194=PLANE('',#4347);
#195=PLANE('',#4348);
#196=PLANE('',#4349);
#197=PLANE('',#4350);
#198=PLANE('',#4352);
#199=PLANE('',#4353);
#200=PLANE('',#4354);
#201=PLANE('',#4355);
#202=PLANE('',#4356);
#203=PLANE('',#4357);
#204=PLANE('',#4358);
#205=PLANE('',#4359);
#206=PLANE('',#4361);
#207=PLANE('',#4363);
#208=PLANE('',#4368);
#209=PLANE('',#4372);
#210=PLANE('',#4373);
#211=PLANE('',#4377);
#212=PLANE('',#4379);
#213=PLANE('',#4380);
#214=PLANE('',#4384);
#215=PLANE('',#4387);
#216=PLANE('',#4395);
#217=PLANE('',#4396);
#218=PLANE('',#4399);
#219=PLANE('',#4402);
#220=PLANE('',#4403);
#221=PLANE('',#4406);
#222=PLANE('',#4407);
#223=PLANE('',#4408);
#224=PLANE('',#4409);
#225=PLANE('',#4411);
#226=PLANE('',#4412);
#227=PLANE('',#4413);
#228=PLANE('',#4414);
#229=PLANE('',#4415);
#230=PLANE('',#4416);
#231=PLANE('',#4417);
#232=PLANE('',#4418);
#233=PLANE('',#4420);
#234=PLANE('',#4422);
#235=PLANE('',#4427);
#236=PLANE('',#4431);
#237=PLANE('',#4432);
#238=PLANE('',#4436);
#239=PLANE('',#4438);
#240=PLANE('',#4439);
#241=PLANE('',#4443);
#242=PLANE('',#4446);
#243=PLANE('',#4454);
#244=PLANE('',#4455);
#245=PLANE('',#4458);
#246=PLANE('',#4461);
#247=PLANE('',#4462);
#248=PLANE('',#4465);
#249=PLANE('',#4466);
#250=PLANE('',#4467);
#251=PLANE('',#4468);
#252=PLANE('',#4476);
#253=PLANE('',#4480);
#254=PLANE('',#4481);
#255=PLANE('',#4482);
#256=PLANE('',#4483);
#257=PLANE('',#4484);
#258=PLANE('',#4485);
#259=PLANE('',#4490);
#260=PLANE('',#4495);
#261=PLANE('',#4501);
#262=PLANE('',#4506);
#263=PLANE('',#4507);
#264=PLANE('',#4508);
#265=PLANE('',#4510);
#266=PLANE('',#4512);
#267=PLANE('',#4513);
#268=PLANE('',#4517);
#269=PLANE('',#4522);
#270=PLANE('',#4527);
#271=PLANE('',#4533);
#272=PLANE('',#4538);
#273=PLANE('',#4539);
#274=PLANE('',#4540);
#275=PLANE('',#4542);
#276=PLANE('',#4544);
#277=PLANE('',#4545);
#278=PLANE('',#4549);
#279=PLANE('',#4551);
#280=PLANE('',#4552);
#281=PLANE('',#4553);
#282=PLANE('',#4554);
#283=PLANE('',#4555);
#284=PLANE('',#4556);
#285=PLANE('',#4557);
#286=PLANE('',#4567);
#287=PLANE('',#4568);
#288=PLANE('',#4572);
#289=PLANE('',#4573);
#290=PLANE('',#4574);
#291=PLANE('',#4578);
#292=PLANE('',#4579);
#293=PLANE('',#4585);
#294=PLANE('',#4590);
#295=PLANE('',#4591);
#296=PLANE('',#4593);
#297=PLANE('',#4594);
#298=PLANE('',#4595);
#299=PLANE('',#4596);
#300=PLANE('',#4597);
#301=PLANE('',#4598);
#302=PLANE('',#4599);
#303=PLANE('',#4609);
#304=PLANE('',#4610);
#305=PLANE('',#4614);
#306=PLANE('',#4615);
#307=PLANE('',#4616);
#308=PLANE('',#4620);
#309=PLANE('',#4621);
#310=PLANE('',#4627);
#311=PLANE('',#4632);
#312=PLANE('',#4633);
#313=PLANE('',#4645);
#314=PLANE('',#4651);
#315=PLANE('',#4656);
#316=PLANE('',#4661);
#317=PLANE('',#4666);
#318=PLANE('',#4674);
#319=PLANE('',#4675);
#320=PLANE('',#4676);
#321=PLANE('',#4677);
#322=PLANE('',#4678);
#323=PLANE('',#4679);
#324=PLANE('',#4680);
#325=PLANE('',#4681);
#326=PLANE('',#4682);
#327=PLANE('',#4691);
#328=PLANE('',#4692);
#329=PLANE('',#4694);
#330=PLANE('',#4695);
#331=PLANE('',#4696);
#332=PLANE('',#4697);
#333=PLANE('',#4698);
#334=PLANE('',#4699);
#335=PLANE('',#4700);
#336=PLANE('',#4701);
#337=PLANE('',#4704);
#338=PLANE('',#4709);
#339=FACE_OUTER_BOUND('',#561,.T.);
#340=FACE_OUTER_BOUND('',#562,.T.);
#341=FACE_OUTER_BOUND('',#563,.T.);
#342=FACE_OUTER_BOUND('',#564,.T.);
#343=FACE_OUTER_BOUND('',#565,.T.);
#344=FACE_OUTER_BOUND('',#566,.T.);
#345=FACE_OUTER_BOUND('',#567,.T.);
#346=FACE_OUTER_BOUND('',#568,.T.);
#347=FACE_OUTER_BOUND('',#571,.T.);
#348=FACE_OUTER_BOUND('',#574,.T.);
#349=FACE_OUTER_BOUND('',#575,.T.);
#350=FACE_OUTER_BOUND('',#576,.T.);
#351=FACE_OUTER_BOUND('',#577,.T.);
#352=FACE_OUTER_BOUND('',#578,.T.);
#353=FACE_OUTER_BOUND('',#579,.T.);
#354=FACE_OUTER_BOUND('',#580,.T.);
#355=FACE_OUTER_BOUND('',#581,.T.);
#356=FACE_OUTER_BOUND('',#582,.T.);
#357=FACE_OUTER_BOUND('',#584,.T.);
#358=FACE_OUTER_BOUND('',#586,.T.);
#359=FACE_OUTER_BOUND('',#587,.T.);
#360=FACE_OUTER_BOUND('',#588,.T.);
#361=FACE_OUTER_BOUND('',#589,.T.);
#362=FACE_OUTER_BOUND('',#591,.T.);
#363=FACE_OUTER_BOUND('',#592,.T.);
#364=FACE_OUTER_BOUND('',#594,.T.);
#365=FACE_OUTER_BOUND('',#596,.T.);
#366=FACE_OUTER_BOUND('',#597,.T.);
#367=FACE_OUTER_BOUND('',#599,.T.);
#368=FACE_OUTER_BOUND('',#600,.T.);
#369=FACE_OUTER_BOUND('',#601,.T.);
#370=FACE_OUTER_BOUND('',#602,.T.);
#371=FACE_OUTER_BOUND('',#603,.T.);
#372=FACE_OUTER_BOUND('',#604,.T.);
#373=FACE_OUTER_BOUND('',#606,.T.);
#374=FACE_OUTER_BOUND('',#607,.T.);
#375=FACE_OUTER_BOUND('',#608,.T.);
#376=FACE_OUTER_BOUND('',#609,.T.);
#377=FACE_OUTER_BOUND('',#610,.T.);
#378=FACE_OUTER_BOUND('',#611,.T.);
#379=FACE_OUTER_BOUND('',#612,.T.);
#380=FACE_OUTER_BOUND('',#613,.T.);
#381=FACE_OUTER_BOUND('',#614,.T.);
#382=FACE_OUTER_BOUND('',#615,.T.);
#383=FACE_OUTER_BOUND('',#616,.T.);
#384=FACE_OUTER_BOUND('',#618,.T.);
#385=FACE_OUTER_BOUND('',#620,.T.);
#386=FACE_OUTER_BOUND('',#621,.T.);
#387=FACE_OUTER_BOUND('',#622,.T.);
#388=FACE_OUTER_BOUND('',#623,.T.);
#389=FACE_OUTER_BOUND('',#624,.T.);
#390=FACE_OUTER_BOUND('',#625,.T.);
#391=FACE_OUTER_BOUND('',#626,.T.);
#392=FACE_OUTER_BOUND('',#627,.T.);
#393=FACE_OUTER_BOUND('',#629,.T.);
#394=FACE_OUTER_BOUND('',#631,.T.);
#395=FACE_OUTER_BOUND('',#632,.T.);
#396=FACE_OUTER_BOUND('',#633,.T.);
#397=FACE_OUTER_BOUND('',#634,.T.);
#398=FACE_OUTER_BOUND('',#636,.T.);
#399=FACE_OUTER_BOUND('',#637,.T.);
#400=FACE_OUTER_BOUND('',#639,.T.);
#401=FACE_OUTER_BOUND('',#641,.T.);
#402=FACE_OUTER_BOUND('',#642,.T.);
#403=FACE_OUTER_BOUND('',#644,.T.);
#404=FACE_OUTER_BOUND('',#645,.T.);
#405=FACE_OUTER_BOUND('',#646,.T.);
#406=FACE_OUTER_BOUND('',#647,.T.);
#407=FACE_OUTER_BOUND('',#648,.T.);
#408=FACE_OUTER_BOUND('',#649,.T.);
#409=FACE_OUTER_BOUND('',#651,.T.);
#410=FACE_OUTER_BOUND('',#652,.T.);
#411=FACE_OUTER_BOUND('',#653,.T.);
#412=FACE_OUTER_BOUND('',#654,.T.);
#413=FACE_OUTER_BOUND('',#655,.T.);
#414=FACE_OUTER_BOUND('',#656,.T.);
#415=FACE_OUTER_BOUND('',#657,.T.);
#416=FACE_OUTER_BOUND('',#658,.T.);
#417=FACE_OUTER_BOUND('',#659,.T.);
#418=FACE_OUTER_BOUND('',#660,.T.);
#419=FACE_OUTER_BOUND('',#661,.T.);
#420=FACE_OUTER_BOUND('',#663,.T.);
#421=FACE_OUTER_BOUND('',#665,.T.);
#422=FACE_OUTER_BOUND('',#666,.T.);
#423=FACE_OUTER_BOUND('',#667,.T.);
#424=FACE_OUTER_BOUND('',#668,.T.);
#425=FACE_OUTER_BOUND('',#669,.T.);
#426=FACE_OUTER_BOUND('',#670,.T.);
#427=FACE_OUTER_BOUND('',#671,.T.);
#428=FACE_OUTER_BOUND('',#672,.T.);
#429=FACE_OUTER_BOUND('',#675,.T.);
#430=FACE_OUTER_BOUND('',#678,.T.);
#431=FACE_OUTER_BOUND('',#679,.T.);
#432=FACE_OUTER_BOUND('',#680,.T.);
#433=FACE_OUTER_BOUND('',#682,.T.);
#434=FACE_OUTER_BOUND('',#683,.T.);
#435=FACE_OUTER_BOUND('',#685,.T.);
#436=FACE_OUTER_BOUND('',#686,.T.);
#437=FACE_OUTER_BOUND('',#687,.T.);
#438=FACE_OUTER_BOUND('',#689,.T.);
#439=FACE_OUTER_BOUND('',#690,.T.);
#440=FACE_OUTER_BOUND('',#691,.T.);
#441=FACE_OUTER_BOUND('',#694,.T.);
#442=FACE_OUTER_BOUND('',#696,.T.);
#443=FACE_OUTER_BOUND('',#700,.T.);
#444=FACE_OUTER_BOUND('',#701,.T.);
#445=FACE_OUTER_BOUND('',#702,.T.);
#446=FACE_OUTER_BOUND('',#703,.T.);
#447=FACE_OUTER_BOUND('',#704,.T.);
#448=FACE_OUTER_BOUND('',#705,.T.);
#449=FACE_OUTER_BOUND('',#706,.T.);
#450=FACE_OUTER_BOUND('',#708,.T.);
#451=FACE_OUTER_BOUND('',#709,.T.);
#452=FACE_OUTER_BOUND('',#711,.T.);
#453=FACE_OUTER_BOUND('',#712,.T.);
#454=FACE_OUTER_BOUND('',#713,.T.);
#455=FACE_OUTER_BOUND('',#715,.T.);
#456=FACE_OUTER_BOUND('',#716,.T.);
#457=FACE_OUTER_BOUND('',#717,.T.);
#458=FACE_OUTER_BOUND('',#720,.T.);
#459=FACE_OUTER_BOUND('',#722,.T.);
#460=FACE_OUTER_BOUND('',#726,.T.);
#461=FACE_OUTER_BOUND('',#727,.T.);
#462=FACE_OUTER_BOUND('',#728,.T.);
#463=FACE_OUTER_BOUND('',#729,.T.);
#464=FACE_OUTER_BOUND('',#730,.T.);
#465=FACE_OUTER_BOUND('',#731,.T.);
#466=FACE_OUTER_BOUND('',#732,.T.);
#467=FACE_OUTER_BOUND('',#733,.T.);
#468=FACE_OUTER_BOUND('',#734,.T.);
#469=FACE_OUTER_BOUND('',#735,.T.);
#470=FACE_OUTER_BOUND('',#736,.T.);
#471=FACE_OUTER_BOUND('',#738,.T.);
#472=FACE_OUTER_BOUND('',#739,.T.);
#473=FACE_OUTER_BOUND('',#740,.T.);
#474=FACE_OUTER_BOUND('',#741,.T.);
#475=FACE_OUTER_BOUND('',#742,.T.);
#476=FACE_OUTER_BOUND('',#743,.T.);
#477=FACE_OUTER_BOUND('',#744,.T.);
#478=FACE_OUTER_BOUND('',#745,.T.);
#479=FACE_OUTER_BOUND('',#746,.T.);
#480=FACE_OUTER_BOUND('',#747,.T.);
#481=FACE_OUTER_BOUND('',#748,.T.);
#482=FACE_OUTER_BOUND('',#749,.T.);
#483=FACE_OUTER_BOUND('',#750,.T.);
#484=FACE_OUTER_BOUND('',#753,.T.);
#485=FACE_OUTER_BOUND('',#754,.T.);
#486=FACE_OUTER_BOUND('',#755,.T.);
#487=FACE_OUTER_BOUND('',#756,.T.);
#488=FACE_OUTER_BOUND('',#757,.T.);
#489=FACE_OUTER_BOUND('',#758,.T.);
#490=FACE_OUTER_BOUND('',#761,.T.);
#491=FACE_OUTER_BOUND('',#762,.T.);
#492=FACE_OUTER_BOUND('',#763,.T.);
#493=FACE_OUTER_BOUND('',#764,.T.);
#494=FACE_OUTER_BOUND('',#765,.T.);
#495=FACE_OUTER_BOUND('',#766,.T.);
#496=FACE_OUTER_BOUND('',#768,.T.);
#497=FACE_OUTER_BOUND('',#769,.T.);
#498=FACE_OUTER_BOUND('',#770,.T.);
#499=FACE_OUTER_BOUND('',#771,.T.);
#500=FACE_OUTER_BOUND('',#772,.T.);
#501=FACE_OUTER_BOUND('',#773,.T.);
#502=FACE_OUTER_BOUND('',#774,.T.);
#503=FACE_OUTER_BOUND('',#775,.T.);
#504=FACE_OUTER_BOUND('',#776,.T.);
#505=FACE_OUTER_BOUND('',#777,.T.);
#506=FACE_OUTER_BOUND('',#778,.T.);
#507=FACE_OUTER_BOUND('',#779,.T.);
#508=FACE_OUTER_BOUND('',#780,.T.);
#509=FACE_OUTER_BOUND('',#783,.T.);
#510=FACE_OUTER_BOUND('',#784,.T.);
#511=FACE_OUTER_BOUND('',#785,.T.);
#512=FACE_OUTER_BOUND('',#786,.T.);
#513=FACE_OUTER_BOUND('',#787,.T.);
#514=FACE_OUTER_BOUND('',#788,.T.);
#515=FACE_OUTER_BOUND('',#791,.T.);
#516=FACE_OUTER_BOUND('',#792,.T.);
#517=FACE_OUTER_BOUND('',#793,.T.);
#518=FACE_OUTER_BOUND('',#794,.T.);
#519=FACE_OUTER_BOUND('',#797,.T.);
#520=FACE_OUTER_BOUND('',#798,.T.);
#521=FACE_OUTER_BOUND('',#800,.T.);
#522=FACE_OUTER_BOUND('',#801,.T.);
#523=FACE_OUTER_BOUND('',#803,.T.);
#524=FACE_OUTER_BOUND('',#804,.T.);
#525=FACE_OUTER_BOUND('',#806,.T.);
#526=FACE_OUTER_BOUND('',#807,.T.);
#527=FACE_OUTER_BOUND('',#809,.T.);
#528=FACE_OUTER_BOUND('',#810,.T.);
#529=FACE_OUTER_BOUND('',#811,.T.);
#530=FACE_OUTER_BOUND('',#812,.T.);
#531=FACE_OUTER_BOUND('',#814,.T.);
#532=FACE_OUTER_BOUND('',#815,.T.);
#533=FACE_OUTER_BOUND('',#816,.T.);
#534=FACE_OUTER_BOUND('',#818,.T.);
#535=FACE_OUTER_BOUND('',#819,.T.);
#536=FACE_OUTER_BOUND('',#821,.T.);
#537=FACE_OUTER_BOUND('',#822,.T.);
#538=FACE_OUTER_BOUND('',#824,.T.);
#539=FACE_OUTER_BOUND('',#825,.T.);
#540=FACE_OUTER_BOUND('',#826,.T.);
#541=FACE_OUTER_BOUND('',#827,.T.);
#542=FACE_OUTER_BOUND('',#828,.T.);
#543=FACE_OUTER_BOUND('',#829,.T.);
#544=FACE_OUTER_BOUND('',#830,.T.);
#545=FACE_OUTER_BOUND('',#831,.T.);
#546=FACE_OUTER_BOUND('',#837,.T.);
#547=FACE_OUTER_BOUND('',#839,.T.);
#548=FACE_OUTER_BOUND('',#840,.T.);
#549=FACE_OUTER_BOUND('',#841,.T.);
#550=FACE_OUTER_BOUND('',#843,.T.);
#551=FACE_OUTER_BOUND('',#844,.T.);
#552=FACE_OUTER_BOUND('',#846,.T.);
#553=FACE_OUTER_BOUND('',#847,.T.);
#554=FACE_OUTER_BOUND('',#849,.T.);
#555=FACE_OUTER_BOUND('',#850,.T.);
#556=FACE_OUTER_BOUND('',#853,.T.);
#557=FACE_OUTER_BOUND('',#854,.T.);
#558=FACE_OUTER_BOUND('',#855,.T.);
#559=FACE_OUTER_BOUND('',#856,.T.);
#560=FACE_OUTER_BOUND('',#857,.T.);
#561=EDGE_LOOP('',(#2787,#2788,#2789,#2790));
#562=EDGE_LOOP('',(#2791,#2792,#2793,#2794));
#563=EDGE_LOOP('',(#2795,#2796));
#564=EDGE_LOOP('',(#2797,#2798,#2799,#2800));
#565=EDGE_LOOP('',(#2801,#2802,#2803,#2804));
#566=EDGE_LOOP('',(#2805,#2806,#2807,#2808));
#567=EDGE_LOOP('',(#2809,#2810,#2811,#2812));
#568=EDGE_LOOP('',(#2813,#2814,#2815,#2816,#2817,#2818));
#569=EDGE_LOOP('',(#2819));
#570=EDGE_LOOP('',(#2820));
#571=EDGE_LOOP('',(#2821,#2822,#2823,#2824));
#572=EDGE_LOOP('',(#2825));
#573=EDGE_LOOP('',(#2826));
#574=EDGE_LOOP('',(#2827,#2828,#2829,#2830,#2831,#2832,#2833,#2834));
#575=EDGE_LOOP('',(#2835,#2836,#2837,#2838));
#576=EDGE_LOOP('',(#2839,#2840,#2841,#2842));
#577=EDGE_LOOP('',(#2843,#2844,#2845,#2846));
#578=EDGE_LOOP('',(#2847,#2848,#2849,#2850,#2851,#2852));
#579=EDGE_LOOP('',(#2853,#2854,#2855,#2856,#2857,#2858));
#580=EDGE_LOOP('',(#2859,#2860,#2861,#2862));
#581=EDGE_LOOP('',(#2863,#2864,#2865,#2866));
#582=EDGE_LOOP('',(#2867,#2868,#2869,#2870,#2871,#2872));
#583=EDGE_LOOP('',(#2873));
#584=EDGE_LOOP('',(#2874,#2875,#2876,#2877,#2878,#2879));
#585=EDGE_LOOP('',(#2880));
#586=EDGE_LOOP('',(#2881,#2882,#2883,#2884));
#587=EDGE_LOOP('',(#2885,#2886,#2887,#2888));
#588=EDGE_LOOP('',(#2889,#2890,#2891,#2892));
#589=EDGE_LOOP('',(#2893,#2894,#2895,#2896,#2897,#2898,#2899,#2900,#2901,
#2902));
#590=EDGE_LOOP('',(#2903));
#591=EDGE_LOOP('',(#2904,#2905,#2906,#2907));
#592=EDGE_LOOP('',(#2908,#2909,#2910,#2911,#2912,#2913,#2914,#2915,#2916,
#2917));
#593=EDGE_LOOP('',(#2918));
#594=EDGE_LOOP('',(#2919,#2920,#2921,#2922));
#595=EDGE_LOOP('',(#2923));
#596=EDGE_LOOP('',(#2924,#2925,#2926,#2927));
#597=EDGE_LOOP('',(#2928,#2929,#2930,#2931,#2932,#2933,#2934,#2935,#2936,
#2937,#2938));
#598=EDGE_LOOP('',(#2939));
#599=EDGE_LOOP('',(#2940,#2941,#2942));
#600=EDGE_LOOP('',(#2943,#2944,#2945,#2946));
#601=EDGE_LOOP('',(#2947,#2948,#2949,#2950));
#602=EDGE_LOOP('',(#2951,#2952,#2953,#2954));
#603=EDGE_LOOP('',(#2955,#2956,#2957,#2958));
#604=EDGE_LOOP('',(#2959,#2960,#2961,#2962));
#605=EDGE_LOOP('',(#2963));
#606=EDGE_LOOP('',(#2964,#2965,#2966,#2967));
#607=EDGE_LOOP('',(#2968,#2969,#2970,#2971));
#608=EDGE_LOOP('',(#2972,#2973,#2974,#2975));
#609=EDGE_LOOP('',(#2976,#2977,#2978,#2979));
#610=EDGE_LOOP('',(#2980,#2981,#2982,#2983));
#611=EDGE_LOOP('',(#2984,#2985,#2986,#2987,#2988,#2989,#2990,#2991,#2992,
#2993,#2994,#2995));
#612=EDGE_LOOP('',(#2996,#2997,#2998,#2999,#3000));
#613=EDGE_LOOP('',(#3001,#3002,#3003,#3004,#3005,#3006,#3007,#3008));
#614=EDGE_LOOP('',(#3009,#3010,#3011,#3012,#3013,#3014,#3015,#3016,#3017,
#3018));
#615=EDGE_LOOP('',(#3019,#3020));
#616=EDGE_LOOP('',(#3021,#3022,#3023,#3024));
#617=EDGE_LOOP('',(#3025));
#618=EDGE_LOOP('',(#3026,#3027,#3028,#3029,#3030,#3031,#3032,#3033,#3034,
#3035,#3036,#3037));
#619=EDGE_LOOP('',(#3038));
#620=EDGE_LOOP('',(#3039,#3040,#3041,#3042));
#621=EDGE_LOOP('',(#3043,#3044,#3045,#3046));
#622=EDGE_LOOP('',(#3047,#3048,#3049,#3050));
#623=EDGE_LOOP('',(#3051,#3052,#3053,#3054,#3055,#3056));
#624=EDGE_LOOP('',(#3057,#3058,#3059,#3060,#3061,#3062));
#625=EDGE_LOOP('',(#3063,#3064,#3065,#3066));
#626=EDGE_LOOP('',(#3067,#3068,#3069,#3070));
#627=EDGE_LOOP('',(#3071,#3072,#3073,#3074,#3075,#3076));
#628=EDGE_LOOP('',(#3077));
#629=EDGE_LOOP('',(#3078,#3079,#3080,#3081,#3082,#3083));
#630=EDGE_LOOP('',(#3084));
#631=EDGE_LOOP('',(#3085,#3086,#3087,#3088));
#632=EDGE_LOOP('',(#3089,#3090,#3091,#3092));
#633=EDGE_LOOP('',(#3093,#3094,#3095,#3096));
#634=EDGE_LOOP('',(#3097,#3098,#3099,#3100,#3101,#3102,#3103,#3104,#3105,
#3106));
#635=EDGE_LOOP('',(#3107));
#636=EDGE_LOOP('',(#3108,#3109,#3110,#3111));
#637=EDGE_LOOP('',(#3112,#3113,#3114,#3115,#3116,#3117,#3118,#3119,#3120,
#3121));
#638=EDGE_LOOP('',(#3122));
#639=EDGE_LOOP('',(#3123,#3124,#3125,#3126));
#640=EDGE_LOOP('',(#3127));
#641=EDGE_LOOP('',(#3128,#3129,#3130,#3131));
#642=EDGE_LOOP('',(#3132,#3133,#3134,#3135,#3136,#3137,#3138,#3139,#3140,
#3141,#3142));
#643=EDGE_LOOP('',(#3143));
#644=EDGE_LOOP('',(#3144,#3145,#3146));
#645=EDGE_LOOP('',(#3147,#3148,#3149,#3150));
#646=EDGE_LOOP('',(#3151,#3152,#3153,#3154));
#647=EDGE_LOOP('',(#3155,#3156,#3157,#3158));
#648=EDGE_LOOP('',(#3159,#3160,#3161,#3162));
#649=EDGE_LOOP('',(#3163,#3164,#3165,#3166));
#650=EDGE_LOOP('',(#3167));
#651=EDGE_LOOP('',(#3168,#3169,#3170,#3171));
#652=EDGE_LOOP('',(#3172,#3173,#3174,#3175));
#653=EDGE_LOOP('',(#3176,#3177,#3178,#3179));
#654=EDGE_LOOP('',(#3180,#3181,#3182,#3183));
#655=EDGE_LOOP('',(#3184,#3185,#3186,#3187));
#656=EDGE_LOOP('',(#3188,#3189,#3190,#3191,#3192,#3193,#3194,#3195,#3196,
#3197,#3198,#3199));
#657=EDGE_LOOP('',(#3200,#3201,#3202,#3203,#3204));
#658=EDGE_LOOP('',(#3205,#3206,#3207,#3208,#3209,#3210,#3211,#3212));
#659=EDGE_LOOP('',(#3213,#3214,#3215,#3216,#3217,#3218,#3219,#3220,#3221,
#3222));
#660=EDGE_LOOP('',(#3223,#3224));
#661=EDGE_LOOP('',(#3225,#3226,#3227,#3228));
#662=EDGE_LOOP('',(#3229));
#663=EDGE_LOOP('',(#3230,#3231,#3232,#3233,#3234,#3235,#3236,#3237,#3238,
#3239,#3240,#3241));
#664=EDGE_LOOP('',(#3242));
#665=EDGE_LOOP('',(#3243,#3244,#3245,#3246));
#666=EDGE_LOOP('',(#3247,#3248,#3249,#3250));
#667=EDGE_LOOP('',(#3251,#3252));
#668=EDGE_LOOP('',(#3253,#3254,#3255,#3256));
#669=EDGE_LOOP('',(#3257,#3258,#3259,#3260));
#670=EDGE_LOOP('',(#3261,#3262,#3263,#3264));
#671=EDGE_LOOP('',(#3265,#3266,#3267,#3268));
#672=EDGE_LOOP('',(#3269,#3270,#3271,#3272,#3273,#3274));
#673=EDGE_LOOP('',(#3275));
#674=EDGE_LOOP('',(#3276));
#675=EDGE_LOOP('',(#3277,#3278,#3279,#3280));
#676=EDGE_LOOP('',(#3281));
#677=EDGE_LOOP('',(#3282));
#678=EDGE_LOOP('',(#3283,#3284,#3285,#3286,#3287,#3288,#3289,#3290));
#679=EDGE_LOOP('',(#3291,#3292,#3293,#3294));
#680=EDGE_LOOP('',(#3295));
#681=EDGE_LOOP('',(#3296));
#682=EDGE_LOOP('',(#3297,#3298,#3299,#3300));
#683=EDGE_LOOP('',(#3301));
#684=EDGE_LOOP('',(#3302));
#685=EDGE_LOOP('',(#3303,#3304,#3305,#3306));
#686=EDGE_LOOP('',(#3307,#3308,#3309,#3310));
#687=EDGE_LOOP('',(#3311,#3312,#3313,#3314,#3315,#3316));
#688=EDGE_LOOP('',(#3317));
#689=EDGE_LOOP('',(#3318,#3319,#3320,#3321));
#690=EDGE_LOOP('',(#3322,#3323,#3324,#3325));
#691=EDGE_LOOP('',(#3326,#3327,#3328,#3329));
#692=EDGE_LOOP('',(#3330));
#693=EDGE_LOOP('',(#3331));
#694=EDGE_LOOP('',(#3332,#3333,#3334,#3335,#3336,#3337));
#695=EDGE_LOOP('',(#3338));
#696=EDGE_LOOP('',(#3339,#3340,#3341,#3342));
#697=EDGE_LOOP('',(#3343));
#698=EDGE_LOOP('',(#3344));
#699=EDGE_LOOP('',(#3345));
#700=EDGE_LOOP('',(#3346,#3347,#3348,#3349));
#701=EDGE_LOOP('',(#3350));
#702=EDGE_LOOP('',(#3351,#3352,#3353,#3354));
#703=EDGE_LOOP('',(#3355,#3356,#3357,#3358));
#704=EDGE_LOOP('',(#3359,#3360,#3361,#3362));
#705=EDGE_LOOP('',(#3363,#3364,#3365,#3366));
#706=EDGE_LOOP('',(#3367));
#707=EDGE_LOOP('',(#3368));
#708=EDGE_LOOP('',(#3369,#3370,#3371,#3372));
#709=EDGE_LOOP('',(#3373));
#710=EDGE_LOOP('',(#3374));
#711=EDGE_LOOP('',(#3375,#3376,#3377,#3378));
#712=EDGE_LOOP('',(#3379,#3380,#3381,#3382));
#713=EDGE_LOOP('',(#3383,#3384,#3385,#3386,#3387,#3388));
#714=EDGE_LOOP('',(#3389));
#715=EDGE_LOOP('',(#3390,#3391,#3392,#3393));
#716=EDGE_LOOP('',(#3394,#3395,#3396,#3397));
#717=EDGE_LOOP('',(#3398,#3399,#3400,#3401));
#718=EDGE_LOOP('',(#3402));
#719=EDGE_LOOP('',(#3403));
#720=EDGE_LOOP('',(#3404,#3405,#3406,#3407,#3408,#3409));
#721=EDGE_LOOP('',(#3410));
#722=EDGE_LOOP('',(#3411,#3412,#3413,#3414));
#723=EDGE_LOOP('',(#3415));
#724=EDGE_LOOP('',(#3416));
#725=EDGE_LOOP('',(#3417));
#726=EDGE_LOOP('',(#3418,#3419,#3420,#3421));
#727=EDGE_LOOP('',(#3422));
#728=EDGE_LOOP('',(#3423,#3424,#3425,#3426));
#729=EDGE_LOOP('',(#3427,#3428,#3429,#3430));
#730=EDGE_LOOP('',(#3431,#3432,#3433,#3434));
#731=EDGE_LOOP('',(#3435,#3436,#3437,#3438));
#732=EDGE_LOOP('',(#3439,#3440,#3441,#3442));
#733=EDGE_LOOP('',(#3443,#3444,#3445,#3446));
#734=EDGE_LOOP('',(#3447,#3448,#3449,#3450));
#735=EDGE_LOOP('',(#3451,#3452,#3453,#3454));
#736=EDGE_LOOP('',(#3455,#3456,#3457,#3458));
#737=EDGE_LOOP('',(#3459,#3460,#3461,#3462));
#738=EDGE_LOOP('',(#3463,#3464,#3465,#3466));
#739=EDGE_LOOP('',(#3467,#3468,#3469,#3470));
#740=EDGE_LOOP('',(#3471,#3472,#3473,#3474));
#741=EDGE_LOOP('',(#3475,#3476,#3477,#3478));
#742=EDGE_LOOP('',(#3479,#3480,#3481,#3482));
#743=EDGE_LOOP('',(#3483,#3484,#3485,#3486,#3487,#3488));
#744=EDGE_LOOP('',(#3489,#3490,#3491,#3492));
#745=EDGE_LOOP('',(#3493,#3494,#3495,#3496));
#746=EDGE_LOOP('',(#3497,#3498,#3499,#3500));
#747=EDGE_LOOP('',(#3501,#3502,#3503,#3504,#3505,#3506));
#748=EDGE_LOOP('',(#3507,#3508,#3509,#3510));
#749=EDGE_LOOP('',(#3511,#3512,#3513,#3514));
#750=EDGE_LOOP('',(#3515,#3516,#3517,#3518,#3519,#3520,#3521,#3522,#3523,
#3524,#3525,#3526,#3527,#3528));
#751=EDGE_LOOP('',(#3529));
#752=EDGE_LOOP('',(#3530));
#753=EDGE_LOOP('',(#3531,#3532,#3533,#3534));
#754=EDGE_LOOP('',(#3535,#3536,#3537,#3538));
#755=EDGE_LOOP('',(#3539,#3540,#3541,#3542));
#756=EDGE_LOOP('',(#3543,#3544,#3545,#3546));
#757=EDGE_LOOP('',(#3547,#3548,#3549,#3550));
#758=EDGE_LOOP('',(#3551,#3552,#3553,#3554,#3555,#3556,#3557,#3558,#3559,
#3560,#3561,#3562,#3563,#3564));
#759=EDGE_LOOP('',(#3565));
#760=EDGE_LOOP('',(#3566));
#761=EDGE_LOOP('',(#3567,#3568,#3569,#3570));
#762=EDGE_LOOP('',(#3571,#3572,#3573,#3574));
#763=EDGE_LOOP('',(#3575,#3576,#3577,#3578));
#764=EDGE_LOOP('',(#3579,#3580,#3581,#3582));
#765=EDGE_LOOP('',(#3583,#3584,#3585,#3586));
#766=EDGE_LOOP('',(#3587,#3588,#3589,#3590));
#767=EDGE_LOOP('',(#3591,#3592,#3593,#3594));
#768=EDGE_LOOP('',(#3595,#3596,#3597,#3598));
#769=EDGE_LOOP('',(#3599,#3600,#3601,#3602));
#770=EDGE_LOOP('',(#3603,#3604,#3605,#3606));
#771=EDGE_LOOP('',(#3607,#3608,#3609,#3610));
#772=EDGE_LOOP('',(#3611,#3612,#3613,#3614));
#773=EDGE_LOOP('',(#3615,#3616,#3617,#3618,#3619,#3620));
#774=EDGE_LOOP('',(#3621,#3622,#3623,#3624));
#775=EDGE_LOOP('',(#3625,#3626,#3627,#3628));
#776=EDGE_LOOP('',(#3629,#3630,#3631,#3632));
#777=EDGE_LOOP('',(#3633,#3634,#3635,#3636,#3637,#3638));
#778=EDGE_LOOP('',(#3639,#3640,#3641,#3642));
#779=EDGE_LOOP('',(#3643,#3644,#3645,#3646));
#780=EDGE_LOOP('',(#3647,#3648,#3649,#3650,#3651,#3652,#3653,#3654,#3655,
#3656,#3657,#3658,#3659,#3660));
#781=EDGE_LOOP('',(#3661));
#782=EDGE_LOOP('',(#3662));
#783=EDGE_LOOP('',(#3663,#3664,#3665,#3666));
#784=EDGE_LOOP('',(#3667,#3668,#3669,#3670));
#785=EDGE_LOOP('',(#3671,#3672,#3673,#3674));
#786=EDGE_LOOP('',(#3675,#3676,#3677,#3678));
#787=EDGE_LOOP('',(#3679,#3680,#3681,#3682));
#788=EDGE_LOOP('',(#3683,#3684,#3685,#3686,#3687,#3688,#3689,#3690,#3691,
#3692,#3693,#3694,#3695,#3696));
#789=EDGE_LOOP('',(#3697));
#790=EDGE_LOOP('',(#3698));
#791=EDGE_LOOP('',(#3699,#3700,#3701,#3702,#3703));
#792=EDGE_LOOP('',(#3704,#3705,#3706,#3707,#3708,#3709,#3710,#3711,#3712,
#3713,#3714,#3715,#3716,#3717,#3718,#3719));
#793=EDGE_LOOP('',(#3720,#3721,#3722,#3723));
#794=EDGE_LOOP('',(#3724,#3725,#3726,#3727,#3728,#3729,#3730,#3731,#3732,
#3733));
#795=EDGE_LOOP('',(#3734));
#796=EDGE_LOOP('',(#3735));
#797=EDGE_LOOP('',(#3736,#3737,#3738,#3739));
#798=EDGE_LOOP('',(#3740));
#799=EDGE_LOOP('',(#3741));
#800=EDGE_LOOP('',(#3742,#3743,#3744,#3745));
#801=EDGE_LOOP('',(#3746));
#802=EDGE_LOOP('',(#3747));
#803=EDGE_LOOP('',(#3748,#3749,#3750,#3751));
#804=EDGE_LOOP('',(#3752));
#805=EDGE_LOOP('',(#3753));
#806=EDGE_LOOP('',(#3754,#3755,#3756,#3757));
#807=EDGE_LOOP('',(#3758));
#808=EDGE_LOOP('',(#3759));
#809=EDGE_LOOP('',(#3760,#3761,#3762,#3763));
#810=EDGE_LOOP('',(#3764,#3765,#3766,#3767));
#811=EDGE_LOOP('',(#3768,#3769,#3770,#3771));
#812=EDGE_LOOP('',(#3772,#3773,#3774,#3775,#3776));
#813=EDGE_LOOP('',(#3777));
#814=EDGE_LOOP('',(#3778,#3779,#3780,#3781));
#815=EDGE_LOOP('',(#3782,#3783,#3784,#3785));
#816=EDGE_LOOP('',(#3786,#3787,#3788,#3789,#3790));
#817=EDGE_LOOP('',(#3791));
#818=EDGE_LOOP('',(#3792,#3793,#3794,#3795,#3796,#3797));
#819=EDGE_LOOP('',(#3798,#3799,#3800,#3801,#3802));
#820=EDGE_LOOP('',(#3803));
#821=EDGE_LOOP('',(#3804,#3805,#3806,#3807,#3808,#3809));
#822=EDGE_LOOP('',(#3810,#3811,#3812,#3813,#3814));
#823=EDGE_LOOP('',(#3815));
#824=EDGE_LOOP('',(#3816,#3817,#3818,#3819));
#825=EDGE_LOOP('',(#3820,#3821,#3822,#3823));
#826=EDGE_LOOP('',(#3824,#3825,#3826,#3827));
#827=EDGE_LOOP('',(#3828,#3829,#3830,#3831));
#828=EDGE_LOOP('',(#3832,#3833,#3834,#3835));
#829=EDGE_LOOP('',(#3836,#3837,#3838,#3839));
#830=EDGE_LOOP('',(#3840,#3841,#3842,#3843));
#831=EDGE_LOOP('',(#3844,#3845,#3846,#3847,#3848,#3849,#3850,#3851,#3852,
#3853,#3854,#3855,#3856,#3857,#3858,#3859,#3860,#3861,#3862,#3863));
#832=EDGE_LOOP('',(#3864));
#833=EDGE_LOOP('',(#3865));
#834=EDGE_LOOP('',(#3866));
#835=EDGE_LOOP('',(#3867));
#836=EDGE_LOOP('',(#3868));
#837=EDGE_LOOP('',(#3869,#3870,#3871,#3872,#3873));
#838=EDGE_LOOP('',(#3874));
#839=EDGE_LOOP('',(#3875,#3876,#3877,#3878));
#840=EDGE_LOOP('',(#3879,#3880,#3881,#3882));
#841=EDGE_LOOP('',(#3883,#3884,#3885,#3886,#3887));
#842=EDGE_LOOP('',(#3888));
#843=EDGE_LOOP('',(#3889,#3890,#3891,#3892,#3893,#3894));
#844=EDGE_LOOP('',(#3895,#3896,#3897,#3898,#3899));
#845=EDGE_LOOP('',(#3900));
#846=EDGE_LOOP('',(#3901,#3902,#3903,#3904,#3905,#3906));
#847=EDGE_LOOP('',(#3907,#3908,#3909,#3910,#3911));
#848=EDGE_LOOP('',(#3912));
#849=EDGE_LOOP('',(#3913,#3914,#3915,#3916));
#850=EDGE_LOOP('',(#3917,#3918,#3919,#3920,#3921,#3922,#3923,#3924,#3925,
#3926));
#851=EDGE_LOOP('',(#3927));
#852=EDGE_LOOP('',(#3928));
#853=EDGE_LOOP('',(#3929,#3930,#3931,#3932));
#854=EDGE_LOOP('',(#3933,#3934,#3935,#3936));
#855=EDGE_LOOP('',(#3937,#3938,#3939,#3940));
#856=EDGE_LOOP('',(#3941,#3942,#3943,#3944));
#857=EDGE_LOOP('',(#3945));
#858=EDGE_LOOP('',(#3946));
#859=LINE('',#5900,#1265);
#860=LINE('',#5906,#1266);
#861=LINE('',#5912,#1267);
#862=LINE('',#5915,#1268);
#863=LINE('',#5918,#1269);
#864=LINE('',#5922,#1270);
#865=LINE('',#5924,#1271);
#866=LINE('',#5926,#1272);
#867=LINE('',#5927,#1273);
#868=LINE('',#5930,#1274);
#869=LINE('',#5932,#1275);
#870=LINE('',#5933,#1276);
#871=LINE('',#5936,#1277);
#872=LINE('',#5938,#1278);
#873=LINE('',#5939,#1279);
#874=LINE('',#5941,#1280);
#875=LINE('',#5942,#1281);
#876=LINE('',#5944,#1282);
#877=LINE('',#5950,#1283);
#878=LINE('',#5952,#1284);
#879=LINE('',#5954,#1285);
#880=LINE('',#5955,#1286);
#881=LINE('',#5959,#1287);
#882=LINE('',#5961,#1288);
#883=LINE('',#5963,#1289);
#884=LINE('',#5964,#1290);
#885=LINE('',#5967,#1291);
#886=LINE('',#5969,#1292);
#887=LINE('',#5970,#1293);
#888=LINE('',#5973,#1294);
#889=LINE('',#5975,#1295);
#890=LINE('',#5977,#1296);
#891=LINE('',#5978,#1297);
#892=LINE('',#5981,#1298);
#893=LINE('',#5983,#1299);
#894=LINE('',#5985,#1300);
#895=LINE('',#5987,#1301);
#896=LINE('',#5988,#1302);
#897=LINE('',#5991,#1303);
#898=LINE('',#5993,#1304);
#899=LINE('',#5994,#1305);
#900=LINE('',#5997,#1306);
#901=LINE('',#5998,#1307);
#902=LINE('',#6001,#1308);
#903=LINE('',#6003,#1309);
#904=LINE('',#6004,#1310);
#905=LINE('',#6009,#1311);
#906=LINE('',#6011,#1312);
#907=LINE('',#6013,#1313);
#908=LINE('',#6014,#1314);
#909=LINE('',#6019,#1315);
#910=LINE('',#6020,#1316);
#911=LINE('',#6024,#1317);
#912=LINE('',#6028,#1318);
#913=LINE('',#6032,#1319);
#914=LINE('',#6034,#1320);
#915=LINE('',#6036,#1321);
#916=LINE('',#6038,#1322);
#917=LINE('',#6040,#1323);
#918=LINE('',#6045,#1324);
#919=LINE('',#6046,#1325);
#920=LINE('',#6050,#1326);
#921=LINE('',#6053,#1327);
#922=LINE('',#6059,#1328);
#923=LINE('',#6061,#1329);
#924=LINE('',#6063,#1330);
#925=LINE('',#6064,#1331);
#926=LINE('',#6068,#1332);
#927=LINE('',#6069,#1333);
#928=LINE('',#6073,#1334);
#929=LINE('',#6076,#1335);
#930=LINE('',#6082,#1336);
#931=LINE('',#6084,#1337);
#932=LINE('',#6086,#1338);
#933=LINE('',#6088,#1339);
#934=LINE('',#6089,#1340);
#935=LINE('',#6095,#1341);
#936=LINE('',#6103,#1342);
#937=LINE('',#6109,#1343);
#938=LINE('',#6110,#1344);
#939=LINE('',#6113,#1345);
#940=LINE('',#6116,#1346);
#941=LINE('',#6117,#1347);
#942=LINE('',#6119,#1348);
#943=LINE('',#6121,#1349);
#944=LINE('',#6124,#1350);
#945=LINE('',#6126,#1351);
#946=LINE('',#6130,#1352);
#947=LINE('',#6133,#1353);
#948=LINE('',#6134,#1354);
#949=LINE('',#6137,#1355);
#950=LINE('',#6139,#1356);
#951=LINE('',#6140,#1357);
#952=LINE('',#6142,#1358);
#953=LINE('',#6147,#1359);
#954=LINE('',#6148,#1360);
#955=LINE('',#6149,#1361);
#956=LINE('',#6152,#1362);
#957=LINE('',#6158,#1363);
#958=LINE('',#6160,#1364);
#959=LINE('',#6162,#1365);
#960=LINE('',#6163,#1366);
#961=LINE('',#6167,#1367);
#962=LINE('',#6169,#1368);
#963=LINE('',#6171,#1369);
#964=LINE('',#6172,#1370);
#965=LINE('',#6175,#1371);
#966=LINE('',#6177,#1372);
#967=LINE('',#6178,#1373);
#968=LINE('',#6181,#1374);
#969=LINE('',#6183,#1375);
#970=LINE('',#6185,#1376);
#971=LINE('',#6186,#1377);
#972=LINE('',#6189,#1378);
#973=LINE('',#6191,#1379);
#974=LINE('',#6193,#1380);
#975=LINE('',#6195,#1381);
#976=LINE('',#6196,#1382);
#977=LINE('',#6199,#1383);
#978=LINE('',#6201,#1384);
#979=LINE('',#6202,#1385);
#980=LINE('',#6205,#1386);
#981=LINE('',#6206,#1387);
#982=LINE('',#6209,#1388);
#983=LINE('',#6211,#1389);
#984=LINE('',#6212,#1390);
#985=LINE('',#6217,#1391);
#986=LINE('',#6219,#1392);
#987=LINE('',#6221,#1393);
#988=LINE('',#6222,#1394);
#989=LINE('',#6227,#1395);
#990=LINE('',#6228,#1396);
#991=LINE('',#6232,#1397);
#992=LINE('',#6236,#1398);
#993=LINE('',#6240,#1399);
#994=LINE('',#6241,#1400);
#995=LINE('',#6243,#1401);
#996=LINE('',#6249,#1402);
#997=LINE('',#6251,#1403);
#998=LINE('',#6253,#1404);
#999=LINE('',#6254,#1405);
#1000=LINE('',#6258,#1406);
#1001=LINE('',#6261,#1407);
#1002=LINE('',#6263,#1408);
#1003=LINE('',#6265,#1409);
#1004=LINE('',#6267,#1410);
#1005=LINE('',#6272,#1411);
#1006=LINE('',#6276,#1412);
#1007=LINE('',#6277,#1413);
#1008=LINE('',#6281,#1414);
#1009=LINE('',#6284,#1415);
#1010=LINE('',#6286,#1416);
#1011=LINE('',#6288,#1417);
#1012=LINE('',#6290,#1418);
#1013=LINE('',#6292,#1419);
#1014=LINE('',#6297,#1420);
#1015=LINE('',#6303,#1421);
#1016=LINE('',#6311,#1422);
#1017=LINE('',#6317,#1423);
#1018=LINE('',#6318,#1424);
#1019=LINE('',#6322,#1425);
#1020=LINE('',#6324,#1426);
#1021=LINE('',#6325,#1427);
#1022=LINE('',#6327,#1428);
#1023=LINE('',#6329,#1429);
#1024=LINE('',#6332,#1430);
#1025=LINE('',#6334,#1431);
#1026=LINE('',#6338,#1432);
#1027=LINE('',#6341,#1433);
#1028=LINE('',#6342,#1434);
#1029=LINE('',#6345,#1435);
#1030=LINE('',#6347,#1436);
#1031=LINE('',#6348,#1437);
#1032=LINE('',#6350,#1438);
#1033=LINE('',#6355,#1439);
#1034=LINE('',#6356,#1440);
#1035=LINE('',#6357,#1441);
#1036=LINE('',#6360,#1442);
#1037=LINE('',#6367,#1443);
#1038=LINE('',#6373,#1444);
#1039=LINE('',#6379,#1445);
#1040=LINE('',#6382,#1446);
#1041=LINE('',#6385,#1447);
#1042=LINE('',#6389,#1448);
#1043=LINE('',#6391,#1449);
#1044=LINE('',#6393,#1450);
#1045=LINE('',#6394,#1451);
#1046=LINE('',#6397,#1452);
#1047=LINE('',#6399,#1453);
#1048=LINE('',#6400,#1454);
#1049=LINE('',#6403,#1455);
#1050=LINE('',#6405,#1456);
#1051=LINE('',#6406,#1457);
#1052=LINE('',#6408,#1458);
#1053=LINE('',#6409,#1459);
#1054=LINE('',#6411,#1460);
#1055=LINE('',#6418,#1461);
#1056=LINE('',#6427,#1462);
#1057=LINE('',#6435,#1463);
#1058=LINE('',#6439,#1464);
#1059=LINE('',#6443,#1465);
#1060=LINE('',#6445,#1466);
#1061=LINE('',#6449,#1467);
#1062=LINE('',#6451,#1468);
#1063=LINE('',#6452,#1469);
#1064=LINE('',#6457,#1470);
#1065=LINE('',#6460,#1471);
#1066=LINE('',#6463,#1472);
#1067=LINE('',#6464,#1473);
#1068=LINE('',#6467,#1474);
#1069=LINE('',#6468,#1475);
#1070=LINE('',#6471,#1476);
#1071=LINE('',#6473,#1477);
#1072=LINE('',#6474,#1478);
#1073=LINE('',#6478,#1479);
#1074=LINE('',#6479,#1480);
#1075=LINE('',#6487,#1481);
#1076=LINE('',#6489,#1482);
#1077=LINE('',#6496,#1483);
#1078=LINE('',#6505,#1484);
#1079=LINE('',#6513,#1485);
#1080=LINE('',#6517,#1486);
#1081=LINE('',#6521,#1487);
#1082=LINE('',#6523,#1488);
#1083=LINE('',#6525,#1489);
#1084=LINE('',#6527,#1490);
#1085=LINE('',#6530,#1491);
#1086=LINE('',#6535,#1492);
#1087=LINE('',#6538,#1493);
#1088=LINE('',#6541,#1494);
#1089=LINE('',#6542,#1495);
#1090=LINE('',#6545,#1496);
#1091=LINE('',#6546,#1497);
#1092=LINE('',#6549,#1498);
#1093=LINE('',#6551,#1499);
#1094=LINE('',#6552,#1500);
#1095=LINE('',#6556,#1501);
#1096=LINE('',#6557,#1502);
#1097=LINE('',#6565,#1503);
#1098=LINE('',#6567,#1504);
#1099=LINE('',#6573,#1505);
#1100=LINE('',#6575,#1506);
#1101=LINE('',#6577,#1507);
#1102=LINE('',#6578,#1508);
#1103=LINE('',#6582,#1509);
#1104=LINE('',#6584,#1510);
#1105=LINE('',#6586,#1511);
#1106=LINE('',#6587,#1512);
#1107=LINE('',#6590,#1513);
#1108=LINE('',#6592,#1514);
#1109=LINE('',#6593,#1515);
#1110=LINE('',#6596,#1516);
#1111=LINE('',#6598,#1517);
#1112=LINE('',#6599,#1518);
#1113=LINE('',#6601,#1519);
#1114=LINE('',#6602,#1520);
#1115=LINE('',#6605,#1521);
#1116=LINE('',#6607,#1522);
#1117=LINE('',#6608,#1523);
#1118=LINE('',#6611,#1524);
#1119=LINE('',#6613,#1525);
#1120=LINE('',#6615,#1526);
#1121=LINE('',#6616,#1527);
#1122=LINE('',#6619,#1528);
#1123=LINE('',#6621,#1529);
#1124=LINE('',#6622,#1530);
#1125=LINE('',#6627,#1531);
#1126=LINE('',#6633,#1532);
#1127=LINE('',#6640,#1533);
#1128=LINE('',#6643,#1534);
#1129=LINE('',#6645,#1535);
#1130=LINE('',#6646,#1536);
#1131=LINE('',#6649,#1537);
#1132=LINE('',#6652,#1538);
#1133=LINE('',#6655,#1539);
#1134=LINE('',#6658,#1540);
#1135=LINE('',#6660,#1541);
#1136=LINE('',#6662,#1542);
#1137=LINE('',#6668,#1543);
#1138=LINE('',#6672,#1544);
#1139=LINE('',#6674,#1545);
#1140=LINE('',#6675,#1546);
#1141=LINE('',#6680,#1547);
#1142=LINE('',#6684,#1548);
#1143=LINE('',#6689,#1549);
#1144=LINE('',#6692,#1550);
#1145=LINE('',#6693,#1551);
#1146=LINE('',#6697,#1552);
#1147=LINE('',#6700,#1553);
#1148=LINE('',#6703,#1554);
#1149=LINE('',#6709,#1555);
#1150=LINE('',#6711,#1556);
#1151=LINE('',#6713,#1557);
#1152=LINE('',#6714,#1558);
#1153=LINE('',#6718,#1559);
#1154=LINE('',#6720,#1560);
#1155=LINE('',#6722,#1561);
#1156=LINE('',#6723,#1562);
#1157=LINE('',#6726,#1563);
#1158=LINE('',#6728,#1564);
#1159=LINE('',#6729,#1565);
#1160=LINE('',#6732,#1566);
#1161=LINE('',#6734,#1567);
#1162=LINE('',#6735,#1568);
#1163=LINE('',#6737,#1569);
#1164=LINE('',#6738,#1570);
#1165=LINE('',#6741,#1571);
#1166=LINE('',#6743,#1572);
#1167=LINE('',#6744,#1573);
#1168=LINE('',#6747,#1574);
#1169=LINE('',#6749,#1575);
#1170=LINE('',#6751,#1576);
#1171=LINE('',#6752,#1577);
#1172=LINE('',#6755,#1578);
#1173=LINE('',#6757,#1579);
#1174=LINE('',#6758,#1580);
#1175=LINE('',#6763,#1581);
#1176=LINE('',#6769,#1582);
#1177=LINE('',#6776,#1583);
#1178=LINE('',#6779,#1584);
#1179=LINE('',#6781,#1585);
#1180=LINE('',#6782,#1586);
#1181=LINE('',#6785,#1587);
#1182=LINE('',#6788,#1588);
#1183=LINE('',#6791,#1589);
#1184=LINE('',#6794,#1590);
#1185=LINE('',#6796,#1591);
#1186=LINE('',#6798,#1592);
#1187=LINE('',#6805,#1593);
#1188=LINE('',#6808,#1594);
#1189=LINE('',#6810,#1595);
#1190=LINE('',#6811,#1596);
#1191=LINE('',#6816,#1597);
#1192=LINE('',#6820,#1598);
#1193=LINE('',#6824,#1599);
#1194=LINE('',#6828,#1600);
#1195=LINE('',#6829,#1601);
#1196=LINE('',#6832,#1602);
#1197=LINE('',#6837,#1603);
#1198=LINE('',#6839,#1604);
#1199=LINE('',#6875,#1605);
#1200=LINE('',#6954,#1606);
#1201=LINE('',#6956,#1607);
#1202=LINE('',#6958,#1608);
#1203=LINE('',#6960,#1609);
#1204=LINE('',#6962,#1610);
#1205=LINE('',#6964,#1611);
#1206=LINE('',#6966,#1612);
#1207=LINE('',#6979,#1613);
#1208=LINE('',#6988,#1614);
#1209=LINE('',#6997,#1615);
#1210=LINE('',#7006,#1616);
#1211=LINE('',#7015,#1617);
#1212=LINE('',#7021,#1618);
#1213=LINE('',#7026,#1619);
#1214=LINE('',#7028,#1620);
#1215=LINE('',#7030,#1621);
#1216=LINE('',#7031,#1622);
#1217=LINE('',#7033,#1623);
#1218=LINE('',#7035,#1624);
#1219=LINE('',#7036,#1625);
#1220=LINE('',#7040,#1626);
#1221=LINE('',#7042,#1627);
#1222=LINE('',#7044,#1628);
#1223=LINE('',#7045,#1629);
#1224=LINE('',#7047,#1630);
#1225=LINE('',#7048,#1631);
#1226=LINE('',#7051,#1632);
#1227=LINE('',#7052,#1633);
#1228=LINE('',#7106,#1634);
#1229=LINE('',#7160,#1635);
#1230=LINE('',#7161,#1636);
#1231=LINE('',#7163,#1637);
#1232=LINE('',#7166,#1638);
#1233=LINE('',#7168,#1639);
#1234=LINE('',#7173,#1640);
#1235=LINE('',#7179,#1641);
#1236=LINE('',#7184,#1642);
#1237=LINE('',#7186,#1643);
#1238=LINE('',#7188,#1644);
#1239=LINE('',#7189,#1645);
#1240=LINE('',#7224,#1646);
#1241=LINE('',#7226,#1647);
#1242=LINE('',#7228,#1648);
#1243=LINE('',#7230,#1649);
#1244=LINE('',#7231,#1650);
#1245=LINE('',#7233,#1651);
#1246=LINE('',#7269,#1652);
#1247=LINE('',#7271,#1653);
#1248=LINE('',#7272,#1654);
#1249=LINE('',#7275,#1655);
#1250=LINE('',#7277,#1656);
#1251=LINE('',#7278,#1657);
#1252=LINE('',#7281,#1658);
#1253=LINE('',#7283,#1659);
#1254=LINE('',#7284,#1660);
#1255=LINE('',#7287,#1661);
#1256=LINE('',#7288,#1662);
#1257=LINE('',#7315,#1663);
#1258=LINE('',#7343,#1664);
#1259=LINE('',#7344,#1665);
#1260=LINE('',#7346,#1666);
#1261=LINE('',#7348,#1667);
#1262=LINE('',#7355,#1668);
#1263=LINE('',#7357,#1669);
#1264=LINE('',#7360,#1670);
#1265=VECTOR('',#4726,1.54999999999999);
#1266=VECTOR('',#4733,1.54999999999999);
#1267=VECTOR('',#4740,10.);
#1268=VECTOR('',#4743,10.);
#1269=VECTOR('',#4746,10.);
#1270=VECTOR('',#4749,10.);
#1271=VECTOR('',#4750,10.);
#1272=VECTOR('',#4751,10.);
#1273=VECTOR('',#4752,10.);
#1274=VECTOR('',#4755,10.);
#1275=VECTOR('',#4756,10.);
#1276=VECTOR('',#4757,10.);
#1277=VECTOR('',#4760,10.);
#1278=VECTOR('',#4761,10.);
#1279=VECTOR('',#4762,10.);
#1280=VECTOR('',#4765,10.);
#1281=VECTOR('',#4766,10.);
#1282=VECTOR('',#4769,10.);
#1283=VECTOR('',#4776,10.);
#1284=VECTOR('',#4777,10.);
#1285=VECTOR('',#4778,10.);
#1286=VECTOR('',#4779,10.);
#1287=VECTOR('',#4782,10.);
#1288=VECTOR('',#4783,10.);
#1289=VECTOR('',#4784,10.);
#1290=VECTOR('',#4785,10.);
#1291=VECTOR('',#4788,10.);
#1292=VECTOR('',#4789,10.);
#1293=VECTOR('',#4790,10.);
#1294=VECTOR('',#4793,10.);
#1295=VECTOR('',#4794,10.);
#1296=VECTOR('',#4795,10.);
#1297=VECTOR('',#4796,10.);
#1298=VECTOR('',#4799,10.);
#1299=VECTOR('',#4800,10.);
#1300=VECTOR('',#4801,10.);
#1301=VECTOR('',#4802,10.);
#1302=VECTOR('',#4803,10.);
#1303=VECTOR('',#4806,10.);
#1304=VECTOR('',#4807,10.);
#1305=VECTOR('',#4808,10.);
#1306=VECTOR('',#4811,10.);
#1307=VECTOR('',#4812,10.);
#1308=VECTOR('',#4815,10.);
#1309=VECTOR('',#4816,10.);
#1310=VECTOR('',#4817,10.);
#1311=VECTOR('',#4822,10.);
#1312=VECTOR('',#4823,10.);
#1313=VECTOR('',#4824,10.);
#1314=VECTOR('',#4825,10.);
#1315=VECTOR('',#4830,10.);
#1316=VECTOR('',#4831,10.);
#1317=VECTOR('',#4836,1.55000000000001);
#1318=VECTOR('',#4841,1.55000000000001);
#1319=VECTOR('',#4844,10.);
#1320=VECTOR('',#4845,10.);
#1321=VECTOR('',#4846,10.);
#1322=VECTOR('',#4847,10.);
#1323=VECTOR('',#4848,10.);
#1324=VECTOR('',#4853,10.);
#1325=VECTOR('',#4854,10.);
#1326=VECTOR('',#4859,10.);
#1327=VECTOR('',#4862,10.);
#1328=VECTOR('',#4867,10.);
#1329=VECTOR('',#4868,10.);
#1330=VECTOR('',#4869,10.);
#1331=VECTOR('',#4870,10.);
#1332=VECTOR('',#4875,10.);
#1333=VECTOR('',#4876,10.);
#1334=VECTOR('',#4881,10.);
#1335=VECTOR('',#4884,10.);
#1336=VECTOR('',#4889,10.);
#1337=VECTOR('',#4890,10.);
#1338=VECTOR('',#4891,10.);
#1339=VECTOR('',#4892,10.);
#1340=VECTOR('',#4893,10.);
#1341=VECTOR('',#4898,10.);
#1342=VECTOR('',#4907,10.);
#1343=VECTOR('',#4914,10.);
#1344=VECTOR('',#4915,10.);
#1345=VECTOR('',#4918,10.);
#1346=VECTOR('',#4923,10.);
#1347=VECTOR('',#4924,10.);
#1348=VECTOR('',#4927,10.);
#1349=VECTOR('',#4930,10.);
#1350=VECTOR('',#4935,1.54999999999999);
#1351=VECTOR('',#4938,10.);
#1352=VECTOR('',#4943,1.54999999999999);
#1353=VECTOR('',#4946,10.);
#1354=VECTOR('',#4947,10.);
#1355=VECTOR('',#4950,10.);
#1356=VECTOR('',#4951,10.);
#1357=VECTOR('',#4952,10.);
#1358=VECTOR('',#4955,4.);
#1359=VECTOR('',#4960,10.);
#1360=VECTOR('',#4961,10.);
#1361=VECTOR('',#4962,10.);
#1362=VECTOR('',#4967,10.);
#1363=VECTOR('',#4974,10.);
#1364=VECTOR('',#4975,10.);
#1365=VECTOR('',#4976,10.);
#1366=VECTOR('',#4977,10.);
#1367=VECTOR('',#4980,10.);
#1368=VECTOR('',#4981,10.);
#1369=VECTOR('',#4982,10.);
#1370=VECTOR('',#4983,10.);
#1371=VECTOR('',#4986,10.);
#1372=VECTOR('',#4987,10.);
#1373=VECTOR('',#4988,10.);
#1374=VECTOR('',#4991,10.);
#1375=VECTOR('',#4992,10.);
#1376=VECTOR('',#4993,10.);
#1377=VECTOR('',#4994,10.);
#1378=VECTOR('',#4997,10.);
#1379=VECTOR('',#4998,10.);
#1380=VECTOR('',#4999,10.);
#1381=VECTOR('',#5000,10.);
#1382=VECTOR('',#5001,10.);
#1383=VECTOR('',#5004,10.);
#1384=VECTOR('',#5005,10.);
#1385=VECTOR('',#5006,10.);
#1386=VECTOR('',#5009,10.);
#1387=VECTOR('',#5010,10.);
#1388=VECTOR('',#5013,10.);
#1389=VECTOR('',#5014,10.);
#1390=VECTOR('',#5015,10.);
#1391=VECTOR('',#5020,10.);
#1392=VECTOR('',#5021,10.);
#1393=VECTOR('',#5022,10.);
#1394=VECTOR('',#5023,10.);
#1395=VECTOR('',#5028,10.);
#1396=VECTOR('',#5029,10.);
#1397=VECTOR('',#5034,1.55000000000001);
#1398=VECTOR('',#5039,1.55000000000001);
#1399=VECTOR('',#5042,10.);
#1400=VECTOR('',#5043,10.);
#1401=VECTOR('',#5044,10.);
#1402=VECTOR('',#5049,10.);
#1403=VECTOR('',#5050,10.);
#1404=VECTOR('',#5051,10.);
#1405=VECTOR('',#5052,10.);
#1406=VECTOR('',#5057,10.);
#1407=VECTOR('',#5060,10.);
#1408=VECTOR('',#5061,10.);
#1409=VECTOR('',#5062,10.);
#1410=VECTOR('',#5063,10.);
#1411=VECTOR('',#5068,10.);
#1412=VECTOR('',#5073,10.);
#1413=VECTOR('',#5074,10.);
#1414=VECTOR('',#5079,10.);
#1415=VECTOR('',#5082,10.);
#1416=VECTOR('',#5083,10.);
#1417=VECTOR('',#5084,10.);
#1418=VECTOR('',#5085,10.);
#1419=VECTOR('',#5086,10.);
#1420=VECTOR('',#5091,10.);
#1421=VECTOR('',#5096,10.);
#1422=VECTOR('',#5105,10.);
#1423=VECTOR('',#5112,10.);
#1424=VECTOR('',#5113,10.);
#1425=VECTOR('',#5118,10.);
#1426=VECTOR('',#5121,10.);
#1427=VECTOR('',#5122,10.);
#1428=VECTOR('',#5125,10.);
#1429=VECTOR('',#5128,10.);
#1430=VECTOR('',#5133,1.54999999999999);
#1431=VECTOR('',#5136,10.);
#1432=VECTOR('',#5141,1.54999999999999);
#1433=VECTOR('',#5144,10.);
#1434=VECTOR('',#5145,10.);
#1435=VECTOR('',#5148,10.);
#1436=VECTOR('',#5149,10.);
#1437=VECTOR('',#5150,10.);
#1438=VECTOR('',#5153,4.);
#1439=VECTOR('',#5158,10.);
#1440=VECTOR('',#5159,10.);
#1441=VECTOR('',#5160,10.);
#1442=VECTOR('',#5165,10.);
#1443=VECTOR('',#5174,1.54999999999999);
#1444=VECTOR('',#5181,1.54999999999999);
#1445=VECTOR('',#5188,10.);
#1446=VECTOR('',#5191,10.);
#1447=VECTOR('',#5194,10.);
#1448=VECTOR('',#5197,10.);
#1449=VECTOR('',#5198,10.);
#1450=VECTOR('',#5199,10.);
#1451=VECTOR('',#5200,10.);
#1452=VECTOR('',#5203,10.);
#1453=VECTOR('',#5204,10.);
#1454=VECTOR('',#5205,10.);
#1455=VECTOR('',#5208,10.);
#1456=VECTOR('',#5209,10.);
#1457=VECTOR('',#5210,10.);
#1458=VECTOR('',#5213,10.);
#1459=VECTOR('',#5214,10.);
#1460=VECTOR('',#5217,10.);
#1461=VECTOR('',#5226,3.10000000000001);
#1462=VECTOR('',#5237,3.09999999999999);
#1463=VECTOR('',#5248,1.54999999999999);
#1464=VECTOR('',#5253,1.54999999999999);
#1465=VECTOR('',#5256,10.);
#1466=VECTOR('',#5257,10.);
#1467=VECTOR('',#5260,10.);
#1468=VECTOR('',#5261,10.);
#1469=VECTOR('',#5262,10.);
#1470=VECTOR('',#5267,10.);
#1471=VECTOR('',#5270,10.);
#1472=VECTOR('',#5273,10.);
#1473=VECTOR('',#5274,10.);
#1474=VECTOR('',#5277,10.);
#1475=VECTOR('',#5278,10.);
#1476=VECTOR('',#5281,10.);
#1477=VECTOR('',#5282,10.);
#1478=VECTOR('',#5283,10.);
#1479=VECTOR('',#5288,10.);
#1480=VECTOR('',#5289,10.);
#1481=VECTOR('',#5300,4.);
#1482=VECTOR('',#5303,1.54999999999999);
#1483=VECTOR('',#5312,3.10000000000001);
#1484=VECTOR('',#5323,3.09999999999999);
#1485=VECTOR('',#5334,1.54999999999999);
#1486=VECTOR('',#5339,1.54999999999999);
#1487=VECTOR('',#5342,10.);
#1488=VECTOR('',#5343,10.);
#1489=VECTOR('',#5344,10.);
#1490=VECTOR('',#5345,10.);
#1491=VECTOR('',#5348,10.);
#1492=VECTOR('',#5353,10.);
#1493=VECTOR('',#5356,10.);
#1494=VECTOR('',#5359,10.);
#1495=VECTOR('',#5360,10.);
#1496=VECTOR('',#5363,10.);
#1497=VECTOR('',#5364,10.);
#1498=VECTOR('',#5367,10.);
#1499=VECTOR('',#5368,10.);
#1500=VECTOR('',#5369,10.);
#1501=VECTOR('',#5374,10.);
#1502=VECTOR('',#5375,10.);
#1503=VECTOR('',#5386,4.);
#1504=VECTOR('',#5389,1.54999999999999);
#1505=VECTOR('',#5396,10.);
#1506=VECTOR('',#5397,10.);
#1507=VECTOR('',#5398,10.);
#1508=VECTOR('',#5399,10.);
#1509=VECTOR('',#5402,10.);
#1510=VECTOR('',#5403,10.);
#1511=VECTOR('',#5404,10.);
#1512=VECTOR('',#5405,10.);
#1513=VECTOR('',#5408,10.);
#1514=VECTOR('',#5409,10.);
#1515=VECTOR('',#5410,10.);
#1516=VECTOR('',#5413,10.);
#1517=VECTOR('',#5414,10.);
#1518=VECTOR('',#5415,10.);
#1519=VECTOR('',#5418,10.);
#1520=VECTOR('',#5419,10.);
#1521=VECTOR('',#5422,10.);
#1522=VECTOR('',#5423,10.);
#1523=VECTOR('',#5424,10.);
#1524=VECTOR('',#5425,10.);
#1525=VECTOR('',#5426,10.);
#1526=VECTOR('',#5427,10.);
#1527=VECTOR('',#5428,10.);
#1528=VECTOR('',#5431,10.);
#1529=VECTOR('',#5432,10.);
#1530=VECTOR('',#5433,10.);
#1531=VECTOR('',#5438,1.54999999999999);
#1532=VECTOR('',#5445,1.55);
#1533=VECTOR('',#5452,10.);
#1534=VECTOR('',#5455,10.);
#1535=VECTOR('',#5458,10.);
#1536=VECTOR('',#5459,10.);
#1537=VECTOR('',#5462,10.);
#1538=VECTOR('',#5465,10.);
#1539=VECTOR('',#5468,10.);
#1540=VECTOR('',#5471,10.);
#1541=VECTOR('',#5474,10.);
#1542=VECTOR('',#5477,10.);
#1543=VECTOR('',#5484,10.);
#1544=VECTOR('',#5489,10.);
#1545=VECTOR('',#5490,10.);
#1546=VECTOR('',#5491,10.);
#1547=VECTOR('',#5496,10.);
#1548=VECTOR('',#5499,10.);
#1549=VECTOR('',#5506,10.);
#1550=VECTOR('',#5509,10.);
#1551=VECTOR('',#5510,10.);
#1552=VECTOR('',#5515,10.);
#1553=VECTOR('',#5518,10.);
#1554=VECTOR('',#5523,10.);
#1555=VECTOR('',#5530,10.);
#1556=VECTOR('',#5531,10.);
#1557=VECTOR('',#5532,10.);
#1558=VECTOR('',#5533,10.);
#1559=VECTOR('',#5536,10.);
#1560=VECTOR('',#5537,10.);
#1561=VECTOR('',#5538,10.);
#1562=VECTOR('',#5539,10.);
#1563=VECTOR('',#5542,10.);
#1564=VECTOR('',#5543,10.);
#1565=VECTOR('',#5544,10.);
#1566=VECTOR('',#5547,10.);
#1567=VECTOR('',#5548,10.);
#1568=VECTOR('',#5549,10.);
#1569=VECTOR('',#5552,10.);
#1570=VECTOR('',#5553,10.);
#1571=VECTOR('',#5556,10.);
#1572=VECTOR('',#5557,10.);
#1573=VECTOR('',#5558,10.);
#1574=VECTOR('',#5559,10.);
#1575=VECTOR('',#5560,10.);
#1576=VECTOR('',#5561,10.);
#1577=VECTOR('',#5562,10.);
#1578=VECTOR('',#5565,10.);
#1579=VECTOR('',#5566,10.);
#1580=VECTOR('',#5567,10.);
#1581=VECTOR('',#5572,1.54999999999999);
#1582=VECTOR('',#5579,1.55);
#1583=VECTOR('',#5586,10.);
#1584=VECTOR('',#5589,10.);
#1585=VECTOR('',#5592,10.);
#1586=VECTOR('',#5593,10.);
#1587=VECTOR('',#5596,10.);
#1588=VECTOR('',#5599,10.);
#1589=VECTOR('',#5602,10.);
#1590=VECTOR('',#5605,10.);
#1591=VECTOR('',#5608,10.);
#1592=VECTOR('',#5611,10.);
#1593=VECTOR('',#5620,10.);
#1594=VECTOR('',#5623,10.);
#1595=VECTOR('',#5624,10.);
#1596=VECTOR('',#5625,10.);
#1597=VECTOR('',#5630,10.);
#1598=VECTOR('',#5633,10.);
#1599=VECTOR('',#5638,10.);
#1600=VECTOR('',#5643,10.);
#1601=VECTOR('',#5644,10.);
#1602=VECTOR('',#5647,10.);
#1603=VECTOR('',#5654,10.);
#1604=VECTOR('',#5657,10.);
#1605=VECTOR('',#5672,28.);
#1606=VECTOR('',#5685,10.);
#1607=VECTOR('',#5686,10.);
#1608=VECTOR('',#5687,10.);
#1609=VECTOR('',#5688,10.);
#1610=VECTOR('',#5689,10.);
#1611=VECTOR('',#5690,10.);
#1612=VECTOR('',#5691,10.);
#1613=VECTOR('',#5700,3.1);
#1614=VECTOR('',#5711,3.1);
#1615=VECTOR('',#5722,3.1);
#1616=VECTOR('',#5733,3.1);
#1617=VECTOR('',#5744,1.64999999999999);
#1618=VECTOR('',#5751,1.64999999999999);
#1619=VECTOR('',#5756,10.);
#1620=VECTOR('',#5757,10.);
#1621=VECTOR('',#5758,10.);
#1622=VECTOR('',#5759,10.);
#1623=VECTOR('',#5762,10.);
#1624=VECTOR('',#5763,10.);
#1625=VECTOR('',#5764,10.);
#1626=VECTOR('',#5767,10.);
#1627=VECTOR('',#5768,10.);
#1628=VECTOR('',#5769,10.);
#1629=VECTOR('',#5770,10.);
#1630=VECTOR('',#5773,10.);
#1631=VECTOR('',#5774,10.);
#1632=VECTOR('',#5777,10.);
#1633=VECTOR('',#5778,10.);
#1634=VECTOR('',#5781,10.);
#1635=VECTOR('',#5784,10.);
#1636=VECTOR('',#5785,10.);
#1637=VECTOR('',#5788,10.);
#1638=VECTOR('',#5793,1.55000000000001);
#1639=VECTOR('',#5796,1.55000000000001);
#1640=VECTOR('',#5801,1.64999999999999);
#1641=VECTOR('',#5808,1.64999999999999);
#1642=VECTOR('',#5813,10.);
#1643=VECTOR('',#5814,10.);
#1644=VECTOR('',#5815,10.);
#1645=VECTOR('',#5816,10.);
#1646=VECTOR('',#5819,10.);
#1647=VECTOR('',#5820,10.);
#1648=VECTOR('',#5821,10.);
#1649=VECTOR('',#5822,10.);
#1650=VECTOR('',#5823,10.);
#1651=VECTOR('',#5824,10.);
#1652=VECTOR('',#5829,10.);
#1653=VECTOR('',#5830,10.);
#1654=VECTOR('',#5831,10.);
#1655=VECTOR('',#5834,10.);
#1656=VECTOR('',#5835,10.);
#1657=VECTOR('',#5836,10.);
#1658=VECTOR('',#5839,10.);
#1659=VECTOR('',#5840,10.);
#1660=VECTOR('',#5841,10.);
#1661=VECTOR('',#5844,10.);
#1662=VECTOR('',#5845,10.);
#1663=VECTOR('',#5848,10.);
#1664=VECTOR('',#5851,10.);
#1665=VECTOR('',#5852,10.);
#1666=VECTOR('',#5855,10.);
#1667=VECTOR('',#5858,10.);
#1668=VECTOR('',#5867,1.55000000000001);
#1669=VECTOR('',#5870,1.55000000000001);
#1670=VECTOR('',#5873,28.);
#1671=CIRCLE('',#4336,1.54999999999999);
#1672=CIRCLE('',#4337,1.54999999999999);
#1673=CIRCLE('',#4339,1.54999999999999);
#1674=CIRCLE('',#4340,1.54999999999999);
#1675=CIRCLE('',#4342,56.6666666666667);
#1676=CIRCLE('',#4344,56.6666666666667);
#1677=CIRCLE('',#4360,1.55000000000001);
#1678=CIRCLE('',#4362,1.55000000000001);
#1679=CIRCLE('',#4365,1.55000000000001);
#1680=CIRCLE('',#4367,1.55000000000001);
#1681=CIRCLE('',#4369,10.);
#1682=CIRCLE('',#4370,3.5);
#1683=CIRCLE('',#4371,1.54999999999999);
#1684=CIRCLE('',#4374,3.5);
#1685=CIRCLE('',#4375,10.);
#1686=CIRCLE('',#4376,1.54999999999999);
#1687=CIRCLE('',#4378,4.00000054454104);
#1688=CIRCLE('',#4381,3.5);
#1689=CIRCLE('',#4382,10.);
#1690=CIRCLE('',#4383,1.54999999999999);
#1691=CIRCLE('',#4385,4.);
#1692=CIRCLE('',#4386,4.);
#1693=CIRCLE('',#4391,10.);
#1694=CIRCLE('',#4393,3.5);
#1695=CIRCLE('',#4401,1.54999999999999);
#1696=CIRCLE('',#4405,4.);
#1697=CIRCLE('',#4419,1.55000000000001);
#1698=CIRCLE('',#4421,1.55000000000001);
#1699=CIRCLE('',#4424,1.55000000000001);
#1700=CIRCLE('',#4426,1.55000000000001);
#1701=CIRCLE('',#4428,3.5);
#1702=CIRCLE('',#4429,10.);
#1703=CIRCLE('',#4430,1.54999999999999);
#1704=CIRCLE('',#4433,10.);
#1705=CIRCLE('',#4434,3.5);
#1706=CIRCLE('',#4435,1.54999999999999);
#1707=CIRCLE('',#4437,4.00000054454104);
#1708=CIRCLE('',#4440,10.);
#1709=CIRCLE('',#4441,3.5);
#1710=CIRCLE('',#4442,1.54999999999999);
#1711=CIRCLE('',#4444,4.);
#1712=CIRCLE('',#4445,4.);
#1713=CIRCLE('',#4450,10.);
#1714=CIRCLE('',#4452,3.5);
#1715=CIRCLE('',#4460,1.54999999999999);
#1716=CIRCLE('',#4464,4.);
#1717=CIRCLE('',#4471,1.54999999999999);
#1718=CIRCLE('',#4472,1.54999999999999);
#1719=CIRCLE('',#4474,1.54999999999999);
#1720=CIRCLE('',#4475,1.54999999999999);
#1721=CIRCLE('',#4477,56.6666666666667);
#1722=CIRCLE('',#4479,56.6666666666667);
#1723=CIRCLE('',#4488,3.1);
#1724=CIRCLE('',#4489,3.1);
#1725=CIRCLE('',#4491,1.54999999999999);
#1726=CIRCLE('',#4493,3.09999999999999);
#1727=CIRCLE('',#4494,3.09999999999999);
#1728=CIRCLE('',#4496,1.54999999999999);
#1729=CIRCLE('',#4498,1.54999999999999);
#1730=CIRCLE('',#4500,1.54999999999999);
#1731=CIRCLE('',#4502,3.5);
#1732=CIRCLE('',#4503,1.54999999999999);
#1733=CIRCLE('',#4505,3.5);
#1734=CIRCLE('',#4509,1.54999999999999);
#1735=CIRCLE('',#4511,4.);
#1736=CIRCLE('',#4514,4.);
#1737=CIRCLE('',#4520,3.1);
#1738=CIRCLE('',#4521,3.1);
#1739=CIRCLE('',#4523,1.54999999999999);
#1740=CIRCLE('',#4525,3.09999999999999);
#1741=CIRCLE('',#4526,3.09999999999999);
#1742=CIRCLE('',#4528,1.54999999999999);
#1743=CIRCLE('',#4530,1.54999999999999);
#1744=CIRCLE('',#4532,1.54999999999999);
#1745=CIRCLE('',#4534,3.5);
#1746=CIRCLE('',#4535,1.54999999999999);
#1747=CIRCLE('',#4537,3.5);
#1748=CIRCLE('',#4541,1.54999999999999);
#1749=CIRCLE('',#4543,4.);
#1750=CIRCLE('',#4546,4.);
#1751=CIRCLE('',#4559,1.54999999999999);
#1752=CIRCLE('',#4560,1.54999999999999);
#1753=CIRCLE('',#4562,1.55);
#1754=CIRCLE('',#4563,1.55);
#1755=CIRCLE('',#4565,1.25);
#1756=CIRCLE('',#4566,1.25);
#1757=CIRCLE('',#4569,1.25);
#1758=CIRCLE('',#4571,1.25);
#1759=CIRCLE('',#4576,3.1);
#1760=CIRCLE('',#4577,3.1);
#1761=CIRCLE('',#4580,3.1);
#1762=CIRCLE('',#4581,3.1);
#1763=CIRCLE('',#4582,3.1);
#1764=CIRCLE('',#4584,3.1);
#1765=CIRCLE('',#4587,3.1);
#1766=CIRCLE('',#4589,3.1);
#1767=CIRCLE('',#4601,1.54999999999999);
#1768=CIRCLE('',#4602,1.54999999999999);
#1769=CIRCLE('',#4604,1.55);
#1770=CIRCLE('',#4605,1.55);
#1771=CIRCLE('',#4607,1.25);
#1772=CIRCLE('',#4608,1.25);
#1773=CIRCLE('',#4611,1.25);
#1774=CIRCLE('',#4613,1.25);
#1775=CIRCLE('',#4618,3.1);
#1776=CIRCLE('',#4619,3.1);
#1777=CIRCLE('',#4622,3.1);
#1778=CIRCLE('',#4623,3.1);
#1779=CIRCLE('',#4624,3.1);
#1780=CIRCLE('',#4626,3.1);
#1781=CIRCLE('',#4629,3.1);
#1782=CIRCLE('',#4631,3.1);
#1783=CIRCLE('',#4635,37.1110145105616);
#1784=CIRCLE('',#4636,37.1110145105616);
#1785=CIRCLE('',#4637,38.1100974063793);
#1786=CIRCLE('',#4639,36.5091794603448);
#1787=CIRCLE('',#4640,38.0091794603448);
#1788=CIRCLE('',#4641,37.1110145105616);
#1789=CIRCLE('',#4642,38.0091794603448);
#1790=CIRCLE('',#4644,38.1100974063793);
#1791=CIRCLE('',#4646,1.55000000000001);
#1792=CIRCLE('',#4647,1.55000000000001);
#1793=CIRCLE('',#4649,3.1);
#1794=CIRCLE('',#4650,3.1);
#1795=CIRCLE('',#4652,1.55000000000001);
#1796=CIRCLE('',#4654,3.1);
#1797=CIRCLE('',#4655,3.1);
#1798=CIRCLE('',#4657,1.55000000000001);
#1799=CIRCLE('',#4659,3.1);
#1800=CIRCLE('',#4660,3.1);
#1801=CIRCLE('',#4662,1.55000000000001);
#1802=CIRCLE('',#4664,3.1);
#1803=CIRCLE('',#4665,3.1);
#1804=CIRCLE('',#4667,1.55000000000001);
#1805=CIRCLE('',#4669,1.64999999999999);
#1806=CIRCLE('',#4670,1.64999999999999);
#1807=CIRCLE('',#4672,1.64999999999999);
#1808=CIRCLE('',#4673,1.64999999999999);
#1809=CIRCLE('',#4686,1.64999999999999);
#1810=CIRCLE('',#4687,1.64999999999999);
#1811=CIRCLE('',#4689,1.64999999999999);
#1812=CIRCLE('',#4690,1.64999999999999);
#1813=CIRCLE('',#4693,28.2001835892069);
#1814=CIRCLE('',#4702,1.55000000000001);
#1815=CIRCLE('',#4703,1.55000000000001);
#1816=CIRCLE('',#4708,26.7001835892069);
#1817=VERTEX_POINT('',#5897);
#1818=VERTEX_POINT('',#5899);
#1819=VERTEX_POINT('',#5903);
#1820=VERTEX_POINT('',#5905);
#1821=VERTEX_POINT('',#5909);
#1822=VERTEX_POINT('',#5910);
#1823=VERTEX_POINT('',#5914);
#1824=VERTEX_POINT('',#5916);
#1825=VERTEX_POINT('',#5920);
#1826=VERTEX_POINT('',#5921);
#1827=VERTEX_POINT('',#5923);
#1828=VERTEX_POINT('',#5925);
#1829=VERTEX_POINT('',#5929);
#1830=VERTEX_POINT('',#5931);
#1831=VERTEX_POINT('',#5935);
#1832=VERTEX_POINT('',#5937);
#1833=VERTEX_POINT('',#5948);
#1834=VERTEX_POINT('',#5949);
#1835=VERTEX_POINT('',#5951);
#1836=VERTEX_POINT('',#5953);
#1837=VERTEX_POINT('',#5957);
#1838=VERTEX_POINT('',#5958);
#1839=VERTEX_POINT('',#5960);
#1840=VERTEX_POINT('',#5962);
#1841=VERTEX_POINT('',#5966);
#1842=VERTEX_POINT('',#5968);
#1843=VERTEX_POINT('',#5972);
#1844=VERTEX_POINT('',#5974);
#1845=VERTEX_POINT('',#5976);
#1846=VERTEX_POINT('',#5980);
#1847=VERTEX_POINT('',#5982);
#1848=VERTEX_POINT('',#5984);
#1849=VERTEX_POINT('',#5986);
#1850=VERTEX_POINT('',#5990);
#1851=VERTEX_POINT('',#5992);
#1852=VERTEX_POINT('',#5996);
#1853=VERTEX_POINT('',#6000);
#1854=VERTEX_POINT('',#6002);
#1855=VERTEX_POINT('',#6005);
#1856=VERTEX_POINT('',#6008);
#1857=VERTEX_POINT('',#6010);
#1858=VERTEX_POINT('',#6012);
#1859=VERTEX_POINT('',#6015);
#1860=VERTEX_POINT('',#6018);
#1861=VERTEX_POINT('',#6022);
#1862=VERTEX_POINT('',#6026);
#1863=VERTEX_POINT('',#6030);
#1864=VERTEX_POINT('',#6031);
#1865=VERTEX_POINT('',#6033);
#1866=VERTEX_POINT('',#6035);
#1867=VERTEX_POINT('',#6037);
#1868=VERTEX_POINT('',#6039);
#1869=VERTEX_POINT('',#6041);
#1870=VERTEX_POINT('',#6043);
#1871=VERTEX_POINT('',#6047);
#1872=VERTEX_POINT('',#6052);
#1873=VERTEX_POINT('',#6054);
#1874=VERTEX_POINT('',#6056);
#1875=VERTEX_POINT('',#6058);
#1876=VERTEX_POINT('',#6060);
#1877=VERTEX_POINT('',#6062);
#1878=VERTEX_POINT('',#6065);
#1879=VERTEX_POINT('',#6070);
#1880=VERTEX_POINT('',#6075);
#1881=VERTEX_POINT('',#6077);
#1882=VERTEX_POINT('',#6079);
#1883=VERTEX_POINT('',#6081);
#1884=VERTEX_POINT('',#6083);
#1885=VERTEX_POINT('',#6085);
#1886=VERTEX_POINT('',#6087);
#1887=VERTEX_POINT('',#6090);
#1888=VERTEX_POINT('',#6093);
#1889=VERTEX_POINT('',#6094);
#1890=VERTEX_POINT('',#6096);
#1891=VERTEX_POINT('',#6100);
#1892=VERTEX_POINT('',#6102);
#1893=VERTEX_POINT('',#6106);
#1894=VERTEX_POINT('',#6107);
#1895=VERTEX_POINT('',#6112);
#1896=VERTEX_POINT('',#6128);
#1897=VERTEX_POINT('',#6132);
#1898=VERTEX_POINT('',#6136);
#1899=VERTEX_POINT('',#6138);
#1900=VERTEX_POINT('',#6145);
#1901=VERTEX_POINT('',#6146);
#1902=VERTEX_POINT('',#6156);
#1903=VERTEX_POINT('',#6157);
#1904=VERTEX_POINT('',#6159);
#1905=VERTEX_POINT('',#6161);
#1906=VERTEX_POINT('',#6165);
#1907=VERTEX_POINT('',#6166);
#1908=VERTEX_POINT('',#6168);
#1909=VERTEX_POINT('',#6170);
#1910=VERTEX_POINT('',#6174);
#1911=VERTEX_POINT('',#6176);
#1912=VERTEX_POINT('',#6180);
#1913=VERTEX_POINT('',#6182);
#1914=VERTEX_POINT('',#6184);
#1915=VERTEX_POINT('',#6188);
#1916=VERTEX_POINT('',#6190);
#1917=VERTEX_POINT('',#6192);
#1918=VERTEX_POINT('',#6194);
#1919=VERTEX_POINT('',#6198);
#1920=VERTEX_POINT('',#6200);
#1921=VERTEX_POINT('',#6204);
#1922=VERTEX_POINT('',#6208);
#1923=VERTEX_POINT('',#6210);
#1924=VERTEX_POINT('',#6213);
#1925=VERTEX_POINT('',#6216);
#1926=VERTEX_POINT('',#6218);
#1927=VERTEX_POINT('',#6220);
#1928=VERTEX_POINT('',#6223);
#1929=VERTEX_POINT('',#6226);
#1930=VERTEX_POINT('',#6230);
#1931=VERTEX_POINT('',#6234);
#1932=VERTEX_POINT('',#6238);
#1933=VERTEX_POINT('',#6239);
#1934=VERTEX_POINT('',#6242);
#1935=VERTEX_POINT('',#6244);
#1936=VERTEX_POINT('',#6246);
#1937=VERTEX_POINT('',#6248);
#1938=VERTEX_POINT('',#6250);
#1939=VERTEX_POINT('',#6252);
#1940=VERTEX_POINT('',#6255);
#1941=VERTEX_POINT('',#6260);
#1942=VERTEX_POINT('',#6262);
#1943=VERTEX_POINT('',#6264);
#1944=VERTEX_POINT('',#6266);
#1945=VERTEX_POINT('',#6268);
#1946=VERTEX_POINT('',#6270);
#1947=VERTEX_POINT('',#6273);
#1948=VERTEX_POINT('',#6278);
#1949=VERTEX_POINT('',#6283);
#1950=VERTEX_POINT('',#6285);
#1951=VERTEX_POINT('',#6287);
#1952=VERTEX_POINT('',#6289);
#1953=VERTEX_POINT('',#6291);
#1954=VERTEX_POINT('',#6293);
#1955=VERTEX_POINT('',#6295);
#1956=VERTEX_POINT('',#6298);
#1957=VERTEX_POINT('',#6301);
#1958=VERTEX_POINT('',#6302);
#1959=VERTEX_POINT('',#6304);
#1960=VERTEX_POINT('',#6308);
#1961=VERTEX_POINT('',#6310);
#1962=VERTEX_POINT('',#6314);
#1963=VERTEX_POINT('',#6315);
#1964=VERTEX_POINT('',#6320);
#1965=VERTEX_POINT('',#6336);
#1966=VERTEX_POINT('',#6340);
#1967=VERTEX_POINT('',#6344);
#1968=VERTEX_POINT('',#6346);
#1969=VERTEX_POINT('',#6353);
#1970=VERTEX_POINT('',#6354);
#1971=VERTEX_POINT('',#6364);
#1972=VERTEX_POINT('',#6366);
#1973=VERTEX_POINT('',#6370);
#1974=VERTEX_POINT('',#6372);
#1975=VERTEX_POINT('',#6376);
#1976=VERTEX_POINT('',#6377);
#1977=VERTEX_POINT('',#6381);
#1978=VERTEX_POINT('',#6383);
#1979=VERTEX_POINT('',#6387);
#1980=VERTEX_POINT('',#6388);
#1981=VERTEX_POINT('',#6390);
#1982=VERTEX_POINT('',#6392);
#1983=VERTEX_POINT('',#6396);
#1984=VERTEX_POINT('',#6398);
#1985=VERTEX_POINT('',#6402);
#1986=VERTEX_POINT('',#6404);
#1987=VERTEX_POINT('',#6415);
#1988=VERTEX_POINT('',#6417);
#1989=VERTEX_POINT('',#6421);
#1990=VERTEX_POINT('',#6424);
#1991=VERTEX_POINT('',#6426);
#1992=VERTEX_POINT('',#6430);
#1993=VERTEX_POINT('',#6433);
#1994=VERTEX_POINT('',#6437);
#1995=VERTEX_POINT('',#6441);
#1996=VERTEX_POINT('',#6442);
#1997=VERTEX_POINT('',#6444);
#1998=VERTEX_POINT('',#6446);
#1999=VERTEX_POINT('',#6448);
#2000=VERTEX_POINT('',#6450);
#2001=VERTEX_POINT('',#6453);
#2002=VERTEX_POINT('',#6456);
#2003=VERTEX_POINT('',#6458);
#2004=VERTEX_POINT('',#6462);
#2005=VERTEX_POINT('',#6466);
#2006=VERTEX_POINT('',#6470);
#2007=VERTEX_POINT('',#6472);
#2008=VERTEX_POINT('',#6475);
#2009=VERTEX_POINT('',#6480);
#2010=VERTEX_POINT('',#6484);
#2011=VERTEX_POINT('',#6493);
#2012=VERTEX_POINT('',#6495);
#2013=VERTEX_POINT('',#6499);
#2014=VERTEX_POINT('',#6502);
#2015=VERTEX_POINT('',#6504);
#2016=VERTEX_POINT('',#6508);
#2017=VERTEX_POINT('',#6511);
#2018=VERTEX_POINT('',#6515);
#2019=VERTEX_POINT('',#6519);
#2020=VERTEX_POINT('',#6520);
#2021=VERTEX_POINT('',#6522);
#2022=VERTEX_POINT('',#6524);
#2023=VERTEX_POINT('',#6526);
#2024=VERTEX_POINT('',#6528);
#2025=VERTEX_POINT('',#6531);
#2026=VERTEX_POINT('',#6534);
#2027=VERTEX_POINT('',#6536);
#2028=VERTEX_POINT('',#6540);
#2029=VERTEX_POINT('',#6544);
#2030=VERTEX_POINT('',#6548);
#2031=VERTEX_POINT('',#6550);
#2032=VERTEX_POINT('',#6553);
#2033=VERTEX_POINT('',#6558);
#2034=VERTEX_POINT('',#6562);
#2035=VERTEX_POINT('',#6571);
#2036=VERTEX_POINT('',#6572);
#2037=VERTEX_POINT('',#6574);
#2038=VERTEX_POINT('',#6576);
#2039=VERTEX_POINT('',#6580);
#2040=VERTEX_POINT('',#6581);
#2041=VERTEX_POINT('',#6583);
#2042=VERTEX_POINT('',#6585);
#2043=VERTEX_POINT('',#6589);
#2044=VERTEX_POINT('',#6591);
#2045=VERTEX_POINT('',#6595);
#2046=VERTEX_POINT('',#6597);
#2047=VERTEX_POINT('',#6604);
#2048=VERTEX_POINT('',#6606);
#2049=VERTEX_POINT('',#6609);
#2050=VERTEX_POINT('',#6610);
#2051=VERTEX_POINT('',#6612);
#2052=VERTEX_POINT('',#6614);
#2053=VERTEX_POINT('',#6618);
#2054=VERTEX_POINT('',#6620);
#2055=VERTEX_POINT('',#6624);
#2056=VERTEX_POINT('',#6626);
#2057=VERTEX_POINT('',#6630);
#2058=VERTEX_POINT('',#6632);
#2059=VERTEX_POINT('',#6636);
#2060=VERTEX_POINT('',#6637);
#2061=VERTEX_POINT('',#6639);
#2062=VERTEX_POINT('',#6641);
#2063=VERTEX_POINT('',#6648);
#2064=VERTEX_POINT('',#6650);
#2065=VERTEX_POINT('',#6654);
#2066=VERTEX_POINT('',#6656);
#2067=VERTEX_POINT('',#6665);
#2068=VERTEX_POINT('',#6667);
#2069=VERTEX_POINT('',#6671);
#2070=VERTEX_POINT('',#6673);
#2071=VERTEX_POINT('',#6677);
#2072=VERTEX_POINT('',#6679);
#2073=VERTEX_POINT('',#6681);
#2074=VERTEX_POINT('',#6683);
#2075=VERTEX_POINT('',#6687);
#2076=VERTEX_POINT('',#6691);
#2077=VERTEX_POINT('',#6695);
#2078=VERTEX_POINT('',#6699);
#2079=VERTEX_POINT('',#6707);
#2080=VERTEX_POINT('',#6708);
#2081=VERTEX_POINT('',#6710);
#2082=VERTEX_POINT('',#6712);
#2083=VERTEX_POINT('',#6716);
#2084=VERTEX_POINT('',#6717);
#2085=VERTEX_POINT('',#6719);
#2086=VERTEX_POINT('',#6721);
#2087=VERTEX_POINT('',#6725);
#2088=VERTEX_POINT('',#6727);
#2089=VERTEX_POINT('',#6731);
#2090=VERTEX_POINT('',#6733);
#2091=VERTEX_POINT('',#6740);
#2092=VERTEX_POINT('',#6742);
#2093=VERTEX_POINT('',#6745);
#2094=VERTEX_POINT('',#6746);
#2095=VERTEX_POINT('',#6748);
#2096=VERTEX_POINT('',#6750);
#2097=VERTEX_POINT('',#6754);
#2098=VERTEX_POINT('',#6756);
#2099=VERTEX_POINT('',#6760);
#2100=VERTEX_POINT('',#6762);
#2101=VERTEX_POINT('',#6766);
#2102=VERTEX_POINT('',#6768);
#2103=VERTEX_POINT('',#6772);
#2104=VERTEX_POINT('',#6773);
#2105=VERTEX_POINT('',#6775);
#2106=VERTEX_POINT('',#6777);
#2107=VERTEX_POINT('',#6784);
#2108=VERTEX_POINT('',#6786);
#2109=VERTEX_POINT('',#6790);
#2110=VERTEX_POINT('',#6792);
#2111=VERTEX_POINT('',#6801);
#2112=VERTEX_POINT('',#6803);
#2113=VERTEX_POINT('',#6807);
#2114=VERTEX_POINT('',#6809);
#2115=VERTEX_POINT('',#6813);
#2116=VERTEX_POINT('',#6815);
#2117=VERTEX_POINT('',#6817);
#2118=VERTEX_POINT('',#6819);
#2119=VERTEX_POINT('',#6823);
#2120=VERTEX_POINT('',#6827);
#2121=VERTEX_POINT('',#6831);
#2122=VERTEX_POINT('',#6835);
#2123=VERTEX_POINT('',#6842);
#2124=VERTEX_POINT('',#6843);
#2125=VERTEX_POINT('',#6854);
#2126=VERTEX_POINT('',#6856);
#2127=VERTEX_POINT('',#6858);
#2128=VERTEX_POINT('',#6873);
#2129=VERTEX_POINT('',#6876);
#2130=VERTEX_POINT('',#6881);
#2131=VERTEX_POINT('',#6886);
#2132=VERTEX_POINT('',#6888);
#2133=VERTEX_POINT('',#6893);
#2134=VERTEX_POINT('',#6898);
#2135=VERTEX_POINT('',#6900);
#2136=VERTEX_POINT('',#6905);
#2137=VERTEX_POINT('',#6910);
#2138=VERTEX_POINT('',#6912);
#2139=VERTEX_POINT('',#6922);
#2140=VERTEX_POINT('',#6935);
#2141=VERTEX_POINT('',#6948);
#2142=VERTEX_POINT('',#6953);
#2143=VERTEX_POINT('',#6955);
#2144=VERTEX_POINT('',#6957);
#2145=VERTEX_POINT('',#6959);
#2146=VERTEX_POINT('',#6961);
#2147=VERTEX_POINT('',#6963);
#2148=VERTEX_POINT('',#6965);
#2149=VERTEX_POINT('',#6971);
#2150=VERTEX_POINT('',#6973);
#2151=VERTEX_POINT('',#6976);
#2152=VERTEX_POINT('',#6978);
#2153=VERTEX_POINT('',#6982);
#2154=VERTEX_POINT('',#6985);
#2155=VERTEX_POINT('',#6987);
#2156=VERTEX_POINT('',#6991);
#2157=VERTEX_POINT('',#6994);
#2158=VERTEX_POINT('',#6996);
#2159=VERTEX_POINT('',#7000);
#2160=VERTEX_POINT('',#7003);
#2161=VERTEX_POINT('',#7005);
#2162=VERTEX_POINT('',#7009);
#2163=VERTEX_POINT('',#7012);
#2164=VERTEX_POINT('',#7014);
#2165=VERTEX_POINT('',#7018);
#2166=VERTEX_POINT('',#7020);
#2167=VERTEX_POINT('',#7024);
#2168=VERTEX_POINT('',#7025);
#2169=VERTEX_POINT('',#7027);
#2170=VERTEX_POINT('',#7029);
#2171=VERTEX_POINT('',#7034);
#2172=VERTEX_POINT('',#7038);
#2173=VERTEX_POINT('',#7039);
#2174=VERTEX_POINT('',#7041);
#2175=VERTEX_POINT('',#7043);
#2176=VERTEX_POINT('',#7050);
#2177=VERTEX_POINT('',#7069);
#2178=VERTEX_POINT('',#7123);
#2179=VERTEX_POINT('',#7170);
#2180=VERTEX_POINT('',#7172);
#2181=VERTEX_POINT('',#7176);
#2182=VERTEX_POINT('',#7178);
#2183=VERTEX_POINT('',#7182);
#2184=VERTEX_POINT('',#7183);
#2185=VERTEX_POINT('',#7185);
#2186=VERTEX_POINT('',#7187);
#2187=VERTEX_POINT('',#7191);
#2188=VERTEX_POINT('',#7223);
#2189=VERTEX_POINT('',#7225);
#2190=VERTEX_POINT('',#7227);
#2191=VERTEX_POINT('',#7229);
#2192=VERTEX_POINT('',#7232);
#2193=VERTEX_POINT('',#7265);
#2194=VERTEX_POINT('',#7268);
#2195=VERTEX_POINT('',#7270);
#2196=VERTEX_POINT('',#7274);
#2197=VERTEX_POINT('',#7276);
#2198=VERTEX_POINT('',#7280);
#2199=VERTEX_POINT('',#7282);
#2200=VERTEX_POINT('',#7286);
#2201=VERTEX_POINT('',#7305);
#2202=VERTEX_POINT('',#7332);
#2203=VERTEX_POINT('',#7342);
#2204=VERTEX_POINT('',#7349);
#2205=VERTEX_POINT('',#7351);
#2206=VERTEX_POINT('',#7359);
#2207=EDGE_CURVE('',#1817,#1817,#1671,.T.);
#2208=EDGE_CURVE('',#1817,#1818,#859,.T.);
#2209=EDGE_CURVE('',#1818,#1818,#1672,.T.);
#2210=EDGE_CURVE('',#1819,#1819,#1673,.T.);
#2211=EDGE_CURVE('',#1819,#1820,#860,.T.);
#2212=EDGE_CURVE('',#1820,#1820,#1674,.T.);
#2213=EDGE_CURVE('',#1821,#1822,#1675,.T.);
#2214=EDGE_CURVE('',#1822,#1821,#861,.T.);
#2215=EDGE_CURVE('',#1823,#1821,#862,.T.);
#2216=EDGE_CURVE('',#1823,#1824,#1676,.T.);
#2217=EDGE_CURVE('',#1822,#1824,#863,.T.);
#2218=EDGE_CURVE('',#1825,#1826,#864,.T.);
#2219=EDGE_CURVE('',#1826,#1827,#865,.T.);
#2220=EDGE_CURVE('',#1827,#1828,#866,.F.);
#2221=EDGE_CURVE('',#1825,#1828,#867,.F.);
#2222=EDGE_CURVE('',#1826,#1829,#868,.T.);
#2223=EDGE_CURVE('',#1829,#1830,#869,.T.);
#2224=EDGE_CURVE('',#1830,#1827,#870,.T.);
#2225=EDGE_CURVE('',#1829,#1831,#871,.T.);
#2226=EDGE_CURVE('',#1831,#1832,#872,.T.);
#2227=EDGE_CURVE('',#1832,#1830,#873,.T.);
#2228=EDGE_CURVE('',#1824,#1832,#874,.T.);
#2229=EDGE_CURVE('',#1828,#1823,#875,.T.);
#2230=EDGE_CURVE('',#1831,#1825,#876,.F.);
#2231=EDGE_CURVE('',#1833,#1834,#877,.T.);
#2232=EDGE_CURVE('',#1834,#1835,#878,.T.);
#2233=EDGE_CURVE('',#1836,#1835,#879,.F.);
#2234=EDGE_CURVE('',#1836,#1833,#880,.F.);
#2235=EDGE_CURVE('',#1837,#1838,#881,.F.);
#2236=EDGE_CURVE('',#1839,#1838,#882,.F.);
#2237=EDGE_CURVE('',#1840,#1839,#883,.T.);
#2238=EDGE_CURVE('',#1840,#1837,#884,.T.);
#2239=EDGE_CURVE('',#1841,#1833,#885,.T.);
#2240=EDGE_CURVE('',#1841,#1842,#886,.F.);
#2241=EDGE_CURVE('',#1834,#1842,#887,.F.);
#2242=EDGE_CURVE('',#1842,#1843,#888,.T.);
#2243=EDGE_CURVE('',#1843,#1844,#889,.T.);
#2244=EDGE_CURVE('',#1844,#1845,#890,.T.);
#2245=EDGE_CURVE('',#1845,#1835,#891,.T.);
#2246=EDGE_CURVE('',#1839,#1846,#892,.T.);
#2247=EDGE_CURVE('',#1846,#1847,#893,.T.);
#2248=EDGE_CURVE('',#1847,#1848,#894,.T.);
#2249=EDGE_CURVE('',#1848,#1849,#895,.T.);
#2250=EDGE_CURVE('',#1849,#1840,#896,.F.);
#2251=EDGE_CURVE('',#1847,#1850,#897,.F.);
#2252=EDGE_CURVE('',#1851,#1850,#898,.T.);
#2253=EDGE_CURVE('',#1848,#1851,#899,.F.);
#2254=EDGE_CURVE('',#1852,#1846,#900,.T.);
#2255=EDGE_CURVE('',#1850,#1852,#901,.T.);
#2256=EDGE_CURVE('',#1838,#1853,#902,.T.);
#2257=EDGE_CURVE('',#1853,#1854,#903,.T.);
#2258=EDGE_CURVE('',#1854,#1852,#904,.T.);
#2259=EDGE_CURVE('',#1855,#1855,#1677,.T.);
#2260=EDGE_CURVE('',#1845,#1856,#905,.T.);
#2261=EDGE_CURVE('',#1856,#1857,#906,.T.);
#2262=EDGE_CURVE('',#1858,#1857,#907,.F.);
#2263=EDGE_CURVE('',#1858,#1836,#908,.T.);
#2264=EDGE_CURVE('',#1859,#1859,#1678,.T.);
#2265=EDGE_CURVE('',#1849,#1860,#909,.F.);
#2266=EDGE_CURVE('',#1860,#1837,#910,.F.);
#2267=EDGE_CURVE('',#1861,#1861,#1679,.T.);
#2268=EDGE_CURVE('',#1861,#1855,#911,.T.);
#2269=EDGE_CURVE('',#1862,#1862,#1680,.T.);
#2270=EDGE_CURVE('',#1862,#1859,#912,.T.);
#2271=EDGE_CURVE('',#1863,#1864,#913,.T.);
#2272=EDGE_CURVE('',#1865,#1864,#914,.T.);
#2273=EDGE_CURVE('',#1865,#1866,#915,.T.);
#2274=EDGE_CURVE('',#1867,#1866,#916,.T.);
#2275=EDGE_CURVE('',#1868,#1867,#917,.T.);
#2276=EDGE_CURVE('',#1869,#1868,#1681,.T.);
#2277=EDGE_CURVE('',#1870,#1869,#1682,.T.);
#2278=EDGE_CURVE('',#1857,#1870,#918,.T.);
#2279=EDGE_CURVE('',#1856,#1863,#919,.T.);
#2280=EDGE_CURVE('',#1871,#1871,#1683,.T.);
#2281=EDGE_CURVE('',#1863,#1844,#920,.F.);
#2282=EDGE_CURVE('',#1872,#1854,#921,.T.);
#2283=EDGE_CURVE('',#1873,#1872,#1684,.T.);
#2284=EDGE_CURVE('',#1874,#1873,#1685,.T.);
#2285=EDGE_CURVE('',#1875,#1874,#922,.T.);
#2286=EDGE_CURVE('',#1876,#1875,#923,.T.);
#2287=EDGE_CURVE('',#1876,#1877,#924,.T.);
#2288=EDGE_CURVE('',#1851,#1877,#925,.T.);
#2289=EDGE_CURVE('',#1878,#1878,#1686,.T.);
#2290=EDGE_CURVE('',#1877,#1865,#926,.F.);
#2291=EDGE_CURVE('',#1876,#1866,#927,.T.);
#2292=EDGE_CURVE('',#1879,#1879,#1687,.T.);
#2293=EDGE_CURVE('',#1864,#1843,#928,.F.);
#2294=EDGE_CURVE('',#1858,#1880,#929,.T.);
#2295=EDGE_CURVE('',#1880,#1881,#1688,.T.);
#2296=EDGE_CURVE('',#1881,#1882,#1689,.T.);
#2297=EDGE_CURVE('',#1882,#1883,#930,.T.);
#2298=EDGE_CURVE('',#1883,#1884,#931,.T.);
#2299=EDGE_CURVE('',#1884,#1885,#932,.T.);
#2300=EDGE_CURVE('',#1885,#1886,#933,.T.);
#2301=EDGE_CURVE('',#1886,#1841,#934,.T.);
#2302=EDGE_CURVE('',#1887,#1887,#1690,.T.);
#2303=EDGE_CURVE('',#1888,#1889,#935,.T.);
#2304=EDGE_CURVE('',#1889,#1890,#1691,.T.);
#2305=EDGE_CURVE('',#1890,#1888,#1692,.T.);
#2306=EDGE_CURVE('',#1888,#1891,#75,.T.);
#2307=EDGE_CURVE('',#1891,#1892,#936,.T.);
#2308=EDGE_CURVE('',#1892,#1889,#76,.T.);
#2309=EDGE_CURVE('',#1893,#1894,#1693,.T.);
#2310=EDGE_CURVE('',#1893,#1874,#937,.T.);
#2311=EDGE_CURVE('',#1894,#1873,#938,.T.);
#2312=EDGE_CURVE('',#1895,#1872,#939,.T.);
#2313=EDGE_CURVE('',#1895,#1894,#1694,.T.);
#2314=EDGE_CURVE('',#1881,#1869,#940,.T.);
#2315=EDGE_CURVE('',#1882,#1868,#941,.T.);
#2316=EDGE_CURVE('',#1883,#1867,#942,.T.);
#2317=EDGE_CURVE('',#1880,#1870,#943,.T.);
#2318=EDGE_CURVE('',#1887,#1871,#944,.T.);
#2319=EDGE_CURVE('',#1853,#1895,#945,.T.);
#2320=EDGE_CURVE('',#1896,#1896,#1695,.T.);
#2321=EDGE_CURVE('',#1896,#1878,#946,.T.);
#2322=EDGE_CURVE('',#1886,#1897,#947,.F.);
#2323=EDGE_CURVE('',#1897,#1860,#948,.F.);
#2324=EDGE_CURVE('',#1898,#1885,#949,.T.);
#2325=EDGE_CURVE('',#1898,#1899,#950,.T.);
#2326=EDGE_CURVE('',#1899,#1897,#951,.T.);
#2327=EDGE_CURVE('',#1879,#1890,#952,.T.);
#2328=EDGE_CURVE('',#1891,#1892,#1696,.T.);
#2329=EDGE_CURVE('',#1900,#1901,#953,.T.);
#2330=EDGE_CURVE('',#1901,#1898,#954,.T.);
#2331=EDGE_CURVE('',#1900,#1875,#955,.T.);
#2332=EDGE_CURVE('',#1893,#1900,#956,.T.);
#2333=EDGE_CURVE('',#1902,#1903,#957,.T.);
#2334=EDGE_CURVE('',#1904,#1902,#958,.F.);
#2335=EDGE_CURVE('',#1904,#1905,#959,.F.);
#2336=EDGE_CURVE('',#1903,#1905,#960,.T.);
#2337=EDGE_CURVE('',#1906,#1907,#961,.F.);
#2338=EDGE_CURVE('',#1908,#1906,#962,.T.);
#2339=EDGE_CURVE('',#1908,#1909,#963,.T.);
#2340=EDGE_CURVE('',#1909,#1907,#964,.F.);
#2341=EDGE_CURVE('',#1903,#1910,#965,.F.);
#2342=EDGE_CURVE('',#1911,#1910,#966,.F.);
#2343=EDGE_CURVE('',#1911,#1902,#967,.T.);
#2344=EDGE_CURVE('',#1912,#1905,#968,.T.);
#2345=EDGE_CURVE('',#1913,#1912,#969,.T.);
#2346=EDGE_CURVE('',#1914,#1913,#970,.T.);
#2347=EDGE_CURVE('',#1910,#1914,#971,.T.);
#2348=EDGE_CURVE('',#1915,#1908,#972,.F.);
#2349=EDGE_CURVE('',#1916,#1915,#973,.T.);
#2350=EDGE_CURVE('',#1917,#1916,#974,.T.);
#2351=EDGE_CURVE('',#1918,#1917,#975,.T.);
#2352=EDGE_CURVE('',#1909,#1918,#976,.T.);
#2353=EDGE_CURVE('',#1916,#1919,#977,.F.);
#2354=EDGE_CURVE('',#1919,#1920,#978,.T.);
#2355=EDGE_CURVE('',#1917,#1920,#979,.F.);
#2356=EDGE_CURVE('',#1920,#1921,#980,.T.);
#2357=EDGE_CURVE('',#1921,#1918,#981,.T.);
#2358=EDGE_CURVE('',#1907,#1922,#982,.T.);
#2359=EDGE_CURVE('',#1923,#1921,#983,.T.);
#2360=EDGE_CURVE('',#1922,#1923,#984,.T.);
#2361=EDGE_CURVE('',#1924,#1924,#1697,.T.);
#2362=EDGE_CURVE('',#1925,#1904,#985,.T.);
#2363=EDGE_CURVE('',#1925,#1926,#986,.F.);
#2364=EDGE_CURVE('',#1927,#1926,#987,.T.);
#2365=EDGE_CURVE('',#1912,#1927,#988,.T.);
#2366=EDGE_CURVE('',#1928,#1928,#1698,.T.);
#2367=EDGE_CURVE('',#1929,#1906,#989,.F.);
#2368=EDGE_CURVE('',#1915,#1929,#990,.F.);
#2369=EDGE_CURVE('',#1930,#1930,#1699,.T.);
#2370=EDGE_CURVE('',#1930,#1924,#991,.T.);
#2371=EDGE_CURVE('',#1931,#1931,#1700,.T.);
#2372=EDGE_CURVE('',#1931,#1928,#992,.T.);
#2373=EDGE_CURVE('',#1932,#1933,#993,.T.);
#2374=EDGE_CURVE('',#1927,#1932,#994,.T.);
#2375=EDGE_CURVE('',#1926,#1934,#995,.T.);
#2376=EDGE_CURVE('',#1934,#1935,#1701,.T.);
#2377=EDGE_CURVE('',#1935,#1936,#1702,.T.);
#2378=EDGE_CURVE('',#1936,#1937,#996,.T.);
#2379=EDGE_CURVE('',#1937,#1938,#997,.T.);
#2380=EDGE_CURVE('',#1939,#1938,#998,.T.);
#2381=EDGE_CURVE('',#1939,#1933,#999,.T.);
#2382=EDGE_CURVE('',#1940,#1940,#1703,.T.);
#2383=EDGE_CURVE('',#1932,#1913,#1000,.F.);
#2384=EDGE_CURVE('',#1919,#1941,#1001,.T.);
#2385=EDGE_CURVE('',#1942,#1941,#1002,.T.);
#2386=EDGE_CURVE('',#1942,#1943,#1003,.T.);
#2387=EDGE_CURVE('',#1943,#1944,#1004,.T.);
#2388=EDGE_CURVE('',#1944,#1945,#1704,.T.);
#2389=EDGE_CURVE('',#1945,#1946,#1705,.T.);
#2390=EDGE_CURVE('',#1946,#1923,#1005,.T.);
#2391=EDGE_CURVE('',#1947,#1947,#1706,.T.);
#2392=EDGE_CURVE('',#1942,#1938,#1006,.T.);
#2393=EDGE_CURVE('',#1941,#1939,#1007,.F.);
#2394=EDGE_CURVE('',#1948,#1948,#1707,.T.);
#2395=EDGE_CURVE('',#1933,#1914,#1008,.F.);
#2396=EDGE_CURVE('',#1949,#1911,#1009,.T.);
#2397=EDGE_CURVE('',#1950,#1949,#1010,.T.);
#2398=EDGE_CURVE('',#1951,#1950,#1011,.T.);
#2399=EDGE_CURVE('',#1952,#1951,#1012,.T.);
#2400=EDGE_CURVE('',#1953,#1952,#1013,.T.);
#2401=EDGE_CURVE('',#1954,#1953,#1708,.T.);
#2402=EDGE_CURVE('',#1955,#1954,#1709,.T.);
#2403=EDGE_CURVE('',#1925,#1955,#1014,.T.);
#2404=EDGE_CURVE('',#1956,#1956,#1710,.T.);
#2405=EDGE_CURVE('',#1957,#1958,#1015,.T.);
#2406=EDGE_CURVE('',#1959,#1957,#1711,.T.);
#2407=EDGE_CURVE('',#1958,#1959,#1712,.T.);
#2408=EDGE_CURVE('',#1960,#1958,#77,.T.);
#2409=EDGE_CURVE('',#1961,#1960,#1016,.T.);
#2410=EDGE_CURVE('',#1957,#1961,#78,.T.);
#2411=EDGE_CURVE('',#1962,#1963,#1713,.T.);
#2412=EDGE_CURVE('',#1963,#1945,#1017,.T.);
#2413=EDGE_CURVE('',#1962,#1944,#1018,.T.);
#2414=EDGE_CURVE('',#1964,#1963,#1714,.T.);
#2415=EDGE_CURVE('',#1964,#1946,#1019,.T.);
#2416=EDGE_CURVE('',#1953,#1936,#1020,.T.);
#2417=EDGE_CURVE('',#1954,#1935,#1021,.T.);
#2418=EDGE_CURVE('',#1952,#1937,#1022,.T.);
#2419=EDGE_CURVE('',#1955,#1934,#1023,.T.);
#2420=EDGE_CURVE('',#1956,#1940,#1024,.T.);
#2421=EDGE_CURVE('',#1922,#1964,#1025,.T.);
#2422=EDGE_CURVE('',#1965,#1965,#1715,.T.);
#2423=EDGE_CURVE('',#1965,#1947,#1026,.T.);
#2424=EDGE_CURVE('',#1966,#1929,#1027,.F.);
#2425=EDGE_CURVE('',#1949,#1966,#1028,.F.);
#2426=EDGE_CURVE('',#1967,#1966,#1029,.T.);
#2427=EDGE_CURVE('',#1968,#1967,#1030,.T.);
#2428=EDGE_CURVE('',#1968,#1950,#1031,.T.);
#2429=EDGE_CURVE('',#1948,#1959,#1032,.T.);
#2430=EDGE_CURVE('',#1961,#1960,#1716,.T.);
#2431=EDGE_CURVE('',#1969,#1970,#1033,.T.);
#2432=EDGE_CURVE('',#1969,#1943,#1034,.T.);
#2433=EDGE_CURVE('',#1970,#1968,#1035,.T.);
#2434=EDGE_CURVE('',#1962,#1969,#1036,.T.);
#2435=EDGE_CURVE('',#1971,#1971,#1717,.T.);
#2436=EDGE_CURVE('',#1971,#1972,#1037,.T.);
#2437=EDGE_CURVE('',#1972,#1972,#1718,.T.);
#2438=EDGE_CURVE('',#1973,#1973,#1719,.T.);
#2439=EDGE_CURVE('',#1973,#1974,#1038,.T.);
#2440=EDGE_CURVE('',#1974,#1974,#1720,.T.);
#2441=EDGE_CURVE('',#1975,#1976,#1721,.F.);
#2442=EDGE_CURVE('',#1976,#1975,#1039,.F.);
#2443=EDGE_CURVE('',#1976,#1977,#1040,.T.);
#2444=EDGE_CURVE('',#1978,#1977,#1722,.T.);
#2445=EDGE_CURVE('',#1978,#1975,#1041,.T.);
#2446=EDGE_CURVE('',#1979,#1980,#1042,.T.);
#2447=EDGE_CURVE('',#1979,#1981,#1043,.F.);
#2448=EDGE_CURVE('',#1982,#1981,#1044,.F.);
#2449=EDGE_CURVE('',#1980,#1982,#1045,.T.);
#2450=EDGE_CURVE('',#1980,#1983,#1046,.T.);
#2451=EDGE_CURVE('',#1984,#1982,#1047,.T.);
#2452=EDGE_CURVE('',#1983,#1984,#1048,.T.);
#2453=EDGE_CURVE('',#1983,#1985,#1049,.T.);
#2454=EDGE_CURVE('',#1986,#1984,#1050,.T.);
#2455=EDGE_CURVE('',#1985,#1986,#1051,.T.);
#2456=EDGE_CURVE('',#1981,#1978,#1052,.T.);
#2457=EDGE_CURVE('',#1977,#1986,#1053,.T.);
#2458=EDGE_CURVE('',#1985,#1979,#1054,.F.);
#2459=EDGE_CURVE('',#1987,#1987,#1723,.T.);
#2460=EDGE_CURVE('',#1987,#1988,#1055,.T.);
#2461=EDGE_CURVE('',#1988,#1988,#1724,.T.);
#2462=EDGE_CURVE('',#1989,#1989,#1725,.T.);
#2463=EDGE_CURVE('',#1990,#1990,#1726,.T.);
#2464=EDGE_CURVE('',#1990,#1991,#1056,.T.);
#2465=EDGE_CURVE('',#1991,#1991,#1727,.T.);
#2466=EDGE_CURVE('',#1992,#1992,#1728,.T.);
#2467=EDGE_CURVE('',#1993,#1993,#1729,.T.);
#2468=EDGE_CURVE('',#1993,#1992,#1057,.T.);
#2469=EDGE_CURVE('',#1994,#1994,#1730,.T.);
#2470=EDGE_CURVE('',#1994,#1989,#1058,.T.);
#2471=EDGE_CURVE('',#1995,#1996,#1059,.T.);
#2472=EDGE_CURVE('',#1997,#1995,#1060,.T.);
#2473=EDGE_CURVE('',#1998,#1997,#1731,.T.);
#2474=EDGE_CURVE('',#1999,#1998,#1061,.T.);
#2475=EDGE_CURVE('',#2000,#1999,#1062,.T.);
#2476=EDGE_CURVE('',#1996,#2000,#1063,.T.);
#2477=EDGE_CURVE('',#2001,#2001,#1732,.T.);
#2478=EDGE_CURVE('',#2002,#1997,#1064,.T.);
#2479=EDGE_CURVE('',#2002,#2003,#1733,.T.);
#2480=EDGE_CURVE('',#2003,#1998,#1065,.T.);
#2481=EDGE_CURVE('',#2004,#1995,#1066,.T.);
#2482=EDGE_CURVE('',#2004,#2002,#1067,.T.);
#2483=EDGE_CURVE('',#2005,#1996,#1068,.T.);
#2484=EDGE_CURVE('',#2005,#2004,#1069,.T.);
#2485=EDGE_CURVE('',#2006,#2005,#1070,.T.);
#2486=EDGE_CURVE('',#2007,#2006,#1071,.T.);
#2487=EDGE_CURVE('',#2003,#2007,#1072,.T.);
#2488=EDGE_CURVE('',#2008,#2008,#1734,.T.);
#2489=EDGE_CURVE('',#2007,#1999,#1073,.T.);
#2490=EDGE_CURVE('',#2000,#2006,#1074,.T.);
#2491=EDGE_CURVE('',#2009,#2009,#1735,.T.);
#2492=EDGE_CURVE('',#2010,#2010,#1736,.T.);
#2493=EDGE_CURVE('',#2010,#2009,#1075,.T.);
#2494=EDGE_CURVE('',#2008,#2001,#1076,.T.);
#2495=EDGE_CURVE('',#2011,#2011,#1737,.T.);
#2496=EDGE_CURVE('',#2011,#2012,#1077,.T.);
#2497=EDGE_CURVE('',#2012,#2012,#1738,.T.);
#2498=EDGE_CURVE('',#2013,#2013,#1739,.T.);
#2499=EDGE_CURVE('',#2014,#2014,#1740,.T.);
#2500=EDGE_CURVE('',#2014,#2015,#1078,.T.);
#2501=EDGE_CURVE('',#2015,#2015,#1741,.T.);
#2502=EDGE_CURVE('',#2016,#2016,#1742,.T.);
#2503=EDGE_CURVE('',#2017,#2017,#1743,.T.);
#2504=EDGE_CURVE('',#2017,#2016,#1079,.T.);
#2505=EDGE_CURVE('',#2018,#2018,#1744,.T.);
#2506=EDGE_CURVE('',#2018,#2013,#1080,.T.);
#2507=EDGE_CURVE('',#2019,#2020,#1081,.T.);
#2508=EDGE_CURVE('',#2020,#2021,#1082,.T.);
#2509=EDGE_CURVE('',#2021,#2022,#1083,.T.);
#2510=EDGE_CURVE('',#2022,#2023,#1084,.T.);
#2511=EDGE_CURVE('',#2023,#2024,#1745,.T.);
#2512=EDGE_CURVE('',#2024,#2019,#1085,.T.);
#2513=EDGE_CURVE('',#2025,#2025,#1746,.T.);
#2514=EDGE_CURVE('',#2026,#2023,#1086,.T.);
#2515=EDGE_CURVE('',#2027,#2026,#1747,.T.);
#2516=EDGE_CURVE('',#2027,#2024,#1087,.T.);
#2517=EDGE_CURVE('',#2028,#2027,#1088,.T.);
#2518=EDGE_CURVE('',#2028,#2019,#1089,.T.);
#2519=EDGE_CURVE('',#2029,#2028,#1090,.T.);
#2520=EDGE_CURVE('',#2029,#2020,#1091,.T.);
#2521=EDGE_CURVE('',#2026,#2030,#1092,.T.);
#2522=EDGE_CURVE('',#2030,#2031,#1093,.T.);
#2523=EDGE_CURVE('',#2031,#2029,#1094,.T.);
#2524=EDGE_CURVE('',#2032,#2032,#1748,.T.);
#2525=EDGE_CURVE('',#2021,#2031,#1095,.T.);
#2526=EDGE_CURVE('',#2030,#2022,#1096,.T.);
#2527=EDGE_CURVE('',#2033,#2033,#1749,.T.);
#2528=EDGE_CURVE('',#2034,#2034,#1750,.T.);
#2529=EDGE_CURVE('',#2034,#2033,#1097,.T.);
#2530=EDGE_CURVE('',#2032,#2025,#1098,.T.);
#2531=EDGE_CURVE('',#2035,#2036,#1099,.T.);
#2532=EDGE_CURVE('',#2035,#2037,#1100,.T.);
#2533=EDGE_CURVE('',#2038,#2037,#1101,.T.);
#2534=EDGE_CURVE('',#2036,#2038,#1102,.T.);
#2535=EDGE_CURVE('',#2039,#2040,#1103,.T.);
#2536=EDGE_CURVE('',#2041,#2040,#1104,.T.);
#2537=EDGE_CURVE('',#2042,#2041,#1105,.T.);
#2538=EDGE_CURVE('',#2039,#2042,#1106,.T.);
#2539=EDGE_CURVE('',#2039,#2043,#1107,.T.);
#2540=EDGE_CURVE('',#2044,#2042,#1108,.T.);
#2541=EDGE_CURVE('',#2043,#2044,#1109,.T.);
#2542=EDGE_CURVE('',#2045,#2043,#1110,.T.);
#2543=EDGE_CURVE('',#2046,#2044,#1111,.T.);
#2544=EDGE_CURVE('',#2045,#2046,#1112,.T.);
#2545=EDGE_CURVE('',#2045,#2035,#1113,.T.);
#2546=EDGE_CURVE('',#2037,#2046,#1114,.T.);
#2547=EDGE_CURVE('',#2047,#2038,#1115,.T.);
#2548=EDGE_CURVE('',#2048,#2047,#1116,.T.);
#2549=EDGE_CURVE('',#2036,#2048,#1117,.T.);
#2550=EDGE_CURVE('',#2049,#2050,#1118,.T.);
#2551=EDGE_CURVE('',#2050,#2051,#1119,.T.);
#2552=EDGE_CURVE('',#2051,#2052,#1120,.T.);
#2553=EDGE_CURVE('',#2052,#2049,#1121,.T.);
#2554=EDGE_CURVE('',#2053,#2040,#1122,.T.);
#2555=EDGE_CURVE('',#2054,#2053,#1123,.T.);
#2556=EDGE_CURVE('',#2041,#2054,#1124,.T.);
#2557=EDGE_CURVE('',#2055,#2055,#1751,.T.);
#2558=EDGE_CURVE('',#2055,#2056,#1125,.T.);
#2559=EDGE_CURVE('',#2056,#2056,#1752,.T.);
#2560=EDGE_CURVE('',#2057,#2057,#1753,.T.);
#2561=EDGE_CURVE('',#2057,#2058,#1126,.T.);
#2562=EDGE_CURVE('',#2058,#2058,#1754,.T.);
#2563=EDGE_CURVE('',#2059,#2060,#1755,.T.);
#2564=EDGE_CURVE('',#2060,#2061,#1127,.T.);
#2565=EDGE_CURVE('',#2061,#2062,#1756,.T.);
#2566=EDGE_CURVE('',#2062,#2059,#1128,.T.);
#2567=EDGE_CURVE('',#2050,#2062,#1129,.T.);
#2568=EDGE_CURVE('',#2049,#2059,#1130,.T.);
#2569=EDGE_CURVE('',#2063,#2061,#1131,.T.);
#2570=EDGE_CURVE('',#2064,#2063,#1757,.T.);
#2571=EDGE_CURVE('',#2051,#2064,#1132,.T.);
#2572=EDGE_CURVE('',#2063,#2065,#1133,.T.);
#2573=EDGE_CURVE('',#2065,#2066,#1758,.T.);
#2574=EDGE_CURVE('',#2066,#2064,#1134,.T.);
#2575=EDGE_CURVE('',#2052,#2066,#1135,.T.);
#2576=EDGE_CURVE('',#2060,#2065,#1136,.T.);
#2577=EDGE_CURVE('',#2053,#2067,#1759,.T.);
#2578=EDGE_CURVE('',#2067,#2068,#1137,.T.);
#2579=EDGE_CURVE('',#2068,#2054,#1760,.T.);
#2580=EDGE_CURVE('',#2069,#2067,#1138,.T.);
#2581=EDGE_CURVE('',#2070,#2069,#1139,.T.);
#2582=EDGE_CURVE('',#2068,#2070,#1140,.T.);
#2583=EDGE_CURVE('',#2071,#2048,#1761,.T.);
#2584=EDGE_CURVE('',#2071,#2072,#1141,.T.);
#2585=EDGE_CURVE('',#2073,#2072,#1762,.T.);
#2586=EDGE_CURVE('',#2073,#2074,#1142,.T.);
#2587=EDGE_CURVE('',#2069,#2074,#1763,.T.);
#2588=EDGE_CURVE('',#2047,#2075,#1764,.T.);
#2589=EDGE_CURVE('',#2075,#2071,#1143,.T.);
#2590=EDGE_CURVE('',#2076,#2075,#1144,.T.);
#2591=EDGE_CURVE('',#2072,#2076,#1145,.T.);
#2592=EDGE_CURVE('',#2076,#2077,#1765,.T.);
#2593=EDGE_CURVE('',#2077,#2073,#1146,.T.);
#2594=EDGE_CURVE('',#2074,#2078,#1147,.T.);
#2595=EDGE_CURVE('',#2078,#2070,#1766,.T.);
#2596=EDGE_CURVE('',#2078,#2077,#1148,.T.);
#2597=EDGE_CURVE('',#2079,#2080,#1149,.T.);
#2598=EDGE_CURVE('',#2080,#2081,#1150,.T.);
#2599=EDGE_CURVE('',#2081,#2082,#1151,.T.);
#2600=EDGE_CURVE('',#2079,#2082,#1152,.T.);
#2601=EDGE_CURVE('',#2083,#2084,#1153,.T.);
#2602=EDGE_CURVE('',#2083,#2085,#1154,.T.);
#2603=EDGE_CURVE('',#2085,#2086,#1155,.T.);
#2604=EDGE_CURVE('',#2086,#2084,#1156,.T.);
#2605=EDGE_CURVE('',#2083,#2087,#1157,.T.);
#2606=EDGE_CURVE('',#2087,#2088,#1158,.T.);
#2607=EDGE_CURVE('',#2088,#2085,#1159,.T.);
#2608=EDGE_CURVE('',#2089,#2087,#1160,.T.);
#2609=EDGE_CURVE('',#2089,#2090,#1161,.T.);
#2610=EDGE_CURVE('',#2090,#2088,#1162,.T.);
#2611=EDGE_CURVE('',#2089,#2079,#1163,.T.);
#2612=EDGE_CURVE('',#2082,#2090,#1164,.T.);
#2613=EDGE_CURVE('',#2080,#2091,#1165,.T.);
#2614=EDGE_CURVE('',#2091,#2092,#1166,.T.);
#2615=EDGE_CURVE('',#2092,#2081,#1167,.T.);
#2616=EDGE_CURVE('',#2093,#2094,#1168,.T.);
#2617=EDGE_CURVE('',#2095,#2093,#1169,.T.);
#2618=EDGE_CURVE('',#2096,#2095,#1170,.T.);
#2619=EDGE_CURVE('',#2094,#2096,#1171,.T.);
#2620=EDGE_CURVE('',#2086,#2097,#1172,.T.);
#2621=EDGE_CURVE('',#2097,#2098,#1173,.T.);
#2622=EDGE_CURVE('',#2098,#2084,#1174,.T.);
#2623=EDGE_CURVE('',#2099,#2099,#1767,.T.);
#2624=EDGE_CURVE('',#2099,#2100,#1175,.T.);
#2625=EDGE_CURVE('',#2100,#2100,#1768,.T.);
#2626=EDGE_CURVE('',#2101,#2101,#1769,.T.);
#2627=EDGE_CURVE('',#2101,#2102,#1176,.T.);
#2628=EDGE_CURVE('',#2102,#2102,#1770,.T.);
#2629=EDGE_CURVE('',#2103,#2104,#1771,.T.);
#2630=EDGE_CURVE('',#2105,#2103,#1177,.T.);
#2631=EDGE_CURVE('',#2106,#2105,#1772,.T.);
#2632=EDGE_CURVE('',#2104,#2106,#1178,.T.);
#2633=EDGE_CURVE('',#2093,#2103,#1179,.T.);
#2634=EDGE_CURVE('',#2094,#2105,#1180,.T.);
#2635=EDGE_CURVE('',#2096,#2107,#1181,.T.);
#2636=EDGE_CURVE('',#2107,#2108,#1773,.T.);
#2637=EDGE_CURVE('',#2108,#2106,#1182,.T.);
#2638=EDGE_CURVE('',#2109,#2107,#1183,.T.);
#2639=EDGE_CURVE('',#2110,#2109,#1774,.T.);
#2640=EDGE_CURVE('',#2108,#2110,#1184,.T.);
#2641=EDGE_CURVE('',#2095,#2109,#1185,.T.);
#2642=EDGE_CURVE('',#2104,#2110,#1186,.T.);
#2643=EDGE_CURVE('',#2098,#2111,#1775,.T.);
#2644=EDGE_CURVE('',#2112,#2097,#1776,.T.);
#2645=EDGE_CURVE('',#2111,#2112,#1187,.T.);
#2646=EDGE_CURVE('',#2112,#2113,#1188,.T.);
#2647=EDGE_CURVE('',#2113,#2114,#1189,.T.);
#2648=EDGE_CURVE('',#2114,#2111,#1190,.T.);
#2649=EDGE_CURVE('',#2114,#2115,#1777,.T.);
#2650=EDGE_CURVE('',#2116,#2115,#1191,.T.);
#2651=EDGE_CURVE('',#2116,#2117,#1778,.T.);
#2652=EDGE_CURVE('',#2118,#2117,#1192,.T.);
#2653=EDGE_CURVE('',#2118,#2091,#1779,.T.);
#2654=EDGE_CURVE('',#2119,#2118,#1193,.T.);
#2655=EDGE_CURVE('',#2092,#2119,#1780,.T.);
#2656=EDGE_CURVE('',#2117,#2120,#1194,.T.);
#2657=EDGE_CURVE('',#2120,#2119,#1195,.T.);
#2658=EDGE_CURVE('',#2121,#2116,#1196,.T.);
#2659=EDGE_CURVE('',#2120,#2121,#1781,.T.);
#2660=EDGE_CURVE('',#2122,#2113,#1782,.T.);
#2661=EDGE_CURVE('',#2115,#2122,#1197,.T.);
#2662=EDGE_CURVE('',#2122,#2121,#1198,.T.);
#2663=EDGE_CURVE('',#2123,#2124,#49,.T.);
#2664=EDGE_CURVE('',#2124,#2125,#1783,.T.);
#2665=EDGE_CURVE('',#2125,#2126,#1784,.T.);
#2666=EDGE_CURVE('',#2126,#2127,#50,.T.);
#2667=EDGE_CURVE('',#2127,#2123,#1785,.T.);
#2668=EDGE_CURVE('',#2128,#2128,#1786,.F.);
#2669=EDGE_CURVE('',#2128,#2125,#1199,.T.);
#2670=EDGE_CURVE('',#2129,#2124,#51,.T.);
#2671=EDGE_CURVE('',#2129,#2130,#52,.T.);
#2672=EDGE_CURVE('',#2131,#2130,#1787,.F.);
#2673=EDGE_CURVE('',#2132,#2131,#53,.T.);
#2674=EDGE_CURVE('',#2132,#2133,#54,.T.);
#2675=EDGE_CURVE('',#2134,#2133,#1788,.T.);
#2676=EDGE_CURVE('',#2134,#2135,#55,.T.);
#2677=EDGE_CURVE('',#2136,#2135,#56,.T.);
#2678=EDGE_CURVE('',#2137,#2136,#1789,.F.);
#2679=EDGE_CURVE('',#2137,#2138,#57,.T.);
#2680=EDGE_CURVE('',#2126,#2138,#58,.T.);
#2681=EDGE_CURVE('',#2133,#2139,#59,.T.);
#2682=EDGE_CURVE('',#2139,#2140,#1790,.T.);
#2683=EDGE_CURVE('',#2140,#2134,#60,.T.);
#2684=EDGE_CURVE('',#2141,#2139,#61,.T.);
#2685=EDGE_CURVE('',#2141,#2142,#1200,.T.);
#2686=EDGE_CURVE('',#2142,#2143,#1201,.T.);
#2687=EDGE_CURVE('',#2143,#2144,#1202,.T.);
#2688=EDGE_CURVE('',#2144,#2145,#1203,.T.);
#2689=EDGE_CURVE('',#2145,#2146,#1204,.T.);
#2690=EDGE_CURVE('',#2146,#2147,#1205,.T.);
#2691=EDGE_CURVE('',#2147,#2148,#1206,.T.);
#2692=EDGE_CURVE('',#2140,#2148,#62,.T.);
#2693=EDGE_CURVE('',#2149,#2149,#1791,.T.);
#2694=EDGE_CURVE('',#2150,#2150,#1792,.T.);
#2695=EDGE_CURVE('',#2151,#2151,#1793,.T.);
#2696=EDGE_CURVE('',#2151,#2152,#1207,.T.);
#2697=EDGE_CURVE('',#2152,#2152,#1794,.T.);
#2698=EDGE_CURVE('',#2153,#2153,#1795,.T.);
#2699=EDGE_CURVE('',#2154,#2154,#1796,.T.);
#2700=EDGE_CURVE('',#2154,#2155,#1208,.T.);
#2701=EDGE_CURVE('',#2155,#2155,#1797,.T.);
#2702=EDGE_CURVE('',#2156,#2156,#1798,.T.);
#2703=EDGE_CURVE('',#2157,#2157,#1799,.T.);
#2704=EDGE_CURVE('',#2157,#2158,#1209,.T.);
#2705=EDGE_CURVE('',#2158,#2158,#1800,.T.);
#2706=EDGE_CURVE('',#2159,#2159,#1801,.T.);
#2707=EDGE_CURVE('',#2160,#2160,#1802,.T.);
#2708=EDGE_CURVE('',#2160,#2161,#1210,.T.);
#2709=EDGE_CURVE('',#2161,#2161,#1803,.T.);
#2710=EDGE_CURVE('',#2162,#2162,#1804,.T.);
#2711=EDGE_CURVE('',#2163,#2163,#1805,.T.);
#2712=EDGE_CURVE('',#2163,#2164,#1211,.T.);
#2713=EDGE_CURVE('',#2164,#2164,#1806,.T.);
#2714=EDGE_CURVE('',#2165,#2165,#1807,.T.);
#2715=EDGE_CURVE('',#2165,#2166,#1212,.T.);
#2716=EDGE_CURVE('',#2166,#2166,#1808,.T.);
#2717=EDGE_CURVE('',#2167,#2168,#1213,.T.);
#2718=EDGE_CURVE('',#2168,#2169,#1214,.T.);
#2719=EDGE_CURVE('',#2169,#2170,#1215,.T.);
#2720=EDGE_CURVE('',#2170,#2167,#1216,.T.);
#2721=EDGE_CURVE('',#2146,#2169,#1217,.T.);
#2722=EDGE_CURVE('',#2145,#2171,#1218,.T.);
#2723=EDGE_CURVE('',#2170,#2171,#1219,.F.);
#2724=EDGE_CURVE('',#2172,#2173,#1220,.T.);
#2725=EDGE_CURVE('',#2173,#2174,#1221,.T.);
#2726=EDGE_CURVE('',#2174,#2175,#1222,.T.);
#2727=EDGE_CURVE('',#2175,#2172,#1223,.T.);
#2728=EDGE_CURVE('',#2175,#2143,#1224,.T.);
#2729=EDGE_CURVE('',#2172,#2142,#1225,.T.);
#2730=EDGE_CURVE('',#2176,#2174,#1226,.F.);
#2731=EDGE_CURVE('',#2176,#2144,#1227,.T.);
#2732=EDGE_CURVE('',#2131,#2177,#63,.F.);
#2733=EDGE_CURVE('',#2177,#2141,#64,.T.);
#2734=EDGE_CURVE('',#2173,#2177,#1228,.T.);
#2735=EDGE_CURVE('',#2148,#2178,#65,.T.);
#2736=EDGE_CURVE('',#2178,#2136,#66,.F.);
#2737=EDGE_CURVE('',#2178,#2167,#1229,.T.);
#2738=EDGE_CURVE('',#2147,#2168,#1230,.T.);
#2739=EDGE_CURVE('',#2171,#2176,#1231,.F.);
#2740=EDGE_CURVE('',#2149,#2162,#1232,.T.);
#2741=EDGE_CURVE('',#2150,#2159,#1233,.T.);
#2742=EDGE_CURVE('',#2179,#2179,#1809,.T.);
#2743=EDGE_CURVE('',#2179,#2180,#1234,.T.);
#2744=EDGE_CURVE('',#2180,#2180,#1810,.T.);
#2745=EDGE_CURVE('',#2181,#2181,#1811,.T.);
#2746=EDGE_CURVE('',#2181,#2182,#1235,.T.);
#2747=EDGE_CURVE('',#2182,#2182,#1812,.T.);
#2748=EDGE_CURVE('',#2183,#2184,#1236,.T.);
#2749=EDGE_CURVE('',#2185,#2183,#1237,.T.);
#2750=EDGE_CURVE('',#2186,#2185,#1238,.T.);
#2751=EDGE_CURVE('',#2184,#2186,#1239,.T.);
#2752=EDGE_CURVE('',#2130,#2187,#67,.F.);
#2753=EDGE_CURVE('',#2188,#2187,#1240,.T.);
#2754=EDGE_CURVE('',#2188,#2189,#1241,.T.);
#2755=EDGE_CURVE('',#2190,#2189,#1242,.F.);
#2756=EDGE_CURVE('',#2191,#2190,#1243,.F.);
#2757=EDGE_CURVE('',#2185,#2191,#1244,.F.);
#2758=EDGE_CURVE('',#2192,#2183,#1245,.T.);
#2759=EDGE_CURVE('',#2192,#2137,#68,.F.);
#2760=EDGE_CURVE('',#2193,#2193,#1813,.F.);
#2761=EDGE_CURVE('',#2194,#2191,#1246,.T.);
#2762=EDGE_CURVE('',#2194,#2195,#1247,.T.);
#2763=EDGE_CURVE('',#2195,#2186,#1248,.T.);
#2764=EDGE_CURVE('',#2196,#2188,#1249,.T.);
#2765=EDGE_CURVE('',#2197,#2196,#1250,.T.);
#2766=EDGE_CURVE('',#2189,#2197,#1251,.T.);
#2767=EDGE_CURVE('',#2196,#2198,#1252,.T.);
#2768=EDGE_CURVE('',#2198,#2199,#1253,.T.);
#2769=EDGE_CURVE('',#2197,#2199,#1254,.T.);
#2770=EDGE_CURVE('',#2199,#2200,#1255,.T.);
#2771=EDGE_CURVE('',#2190,#2200,#1256,.T.);
#2772=EDGE_CURVE('',#2201,#2123,#69,.T.);
#2773=EDGE_CURVE('',#2187,#2201,#70,.T.);
#2774=EDGE_CURVE('',#2201,#2198,#1257,.T.);
#2775=EDGE_CURVE('',#2202,#2192,#71,.T.);
#2776=EDGE_CURVE('',#2127,#2202,#72,.T.);
#2777=EDGE_CURVE('',#2203,#2184,#1258,.T.);
#2778=EDGE_CURVE('',#2203,#2202,#1259,.T.);
#2779=EDGE_CURVE('',#2200,#2194,#1260,.T.);
#2780=EDGE_CURVE('',#2195,#2203,#1261,.T.);
#2781=EDGE_CURVE('',#2204,#2204,#1814,.T.);
#2782=EDGE_CURVE('',#2205,#2205,#1815,.T.);
#2783=EDGE_CURVE('',#2205,#2153,#1262,.T.);
#2784=EDGE_CURVE('',#2204,#2156,#1263,.T.);
#2785=EDGE_CURVE('',#2193,#2206,#1264,.T.);
#2786=EDGE_CURVE('',#2206,#2206,#1816,.F.);
#2787=ORIENTED_EDGE('',*,*,#2207,.T.);
#2788=ORIENTED_EDGE('',*,*,#2208,.T.);
#2789=ORIENTED_EDGE('',*,*,#2209,.T.);
#2790=ORIENTED_EDGE('',*,*,#2208,.F.);
#2791=ORIENTED_EDGE('',*,*,#2210,.T.);
#2792=ORIENTED_EDGE('',*,*,#2211,.T.);
#2793=ORIENTED_EDGE('',*,*,#2212,.T.);
#2794=ORIENTED_EDGE('',*,*,#2211,.F.);
#2795=ORIENTED_EDGE('',*,*,#2213,.T.);
#2796=ORIENTED_EDGE('',*,*,#2214,.T.);
#2797=ORIENTED_EDGE('',*,*,#2213,.F.);
#2798=ORIENTED_EDGE('',*,*,#2215,.F.);
#2799=ORIENTED_EDGE('',*,*,#2216,.T.);
#2800=ORIENTED_EDGE('',*,*,#2217,.F.);
#2801=ORIENTED_EDGE('',*,*,#2218,.T.);
#2802=ORIENTED_EDGE('',*,*,#2219,.T.);
#2803=ORIENTED_EDGE('',*,*,#2220,.T.);
#2804=ORIENTED_EDGE('',*,*,#2221,.F.);
#2805=ORIENTED_EDGE('',*,*,#2222,.T.);
#2806=ORIENTED_EDGE('',*,*,#2223,.T.);
#2807=ORIENTED_EDGE('',*,*,#2224,.T.);
#2808=ORIENTED_EDGE('',*,*,#2219,.F.);
#2809=ORIENTED_EDGE('',*,*,#2225,.T.);
#2810=ORIENTED_EDGE('',*,*,#2226,.T.);
#2811=ORIENTED_EDGE('',*,*,#2227,.T.);
#2812=ORIENTED_EDGE('',*,*,#2223,.F.);
#2813=ORIENTED_EDGE('',*,*,#2227,.F.);
#2814=ORIENTED_EDGE('',*,*,#2228,.F.);
#2815=ORIENTED_EDGE('',*,*,#2216,.F.);
#2816=ORIENTED_EDGE('',*,*,#2229,.F.);
#2817=ORIENTED_EDGE('',*,*,#2220,.F.);
#2818=ORIENTED_EDGE('',*,*,#2224,.F.);
#2819=ORIENTED_EDGE('',*,*,#2207,.F.);
#2820=ORIENTED_EDGE('',*,*,#2210,.F.);
#2821=ORIENTED_EDGE('',*,*,#2225,.F.);
#2822=ORIENTED_EDGE('',*,*,#2222,.F.);
#2823=ORIENTED_EDGE('',*,*,#2218,.F.);
#2824=ORIENTED_EDGE('',*,*,#2230,.F.);
#2825=ORIENTED_EDGE('',*,*,#2209,.F.);
#2826=ORIENTED_EDGE('',*,*,#2212,.F.);
#2827=ORIENTED_EDGE('',*,*,#2214,.F.);
#2828=ORIENTED_EDGE('',*,*,#2217,.T.);
#2829=ORIENTED_EDGE('',*,*,#2228,.T.);
#2830=ORIENTED_EDGE('',*,*,#2226,.F.);
#2831=ORIENTED_EDGE('',*,*,#2230,.T.);
#2832=ORIENTED_EDGE('',*,*,#2221,.T.);
#2833=ORIENTED_EDGE('',*,*,#2229,.T.);
#2834=ORIENTED_EDGE('',*,*,#2215,.T.);
#2835=ORIENTED_EDGE('',*,*,#2231,.T.);
#2836=ORIENTED_EDGE('',*,*,#2232,.T.);
#2837=ORIENTED_EDGE('',*,*,#2233,.F.);
#2838=ORIENTED_EDGE('',*,*,#2234,.T.);
#2839=ORIENTED_EDGE('',*,*,#2235,.T.);
#2840=ORIENTED_EDGE('',*,*,#2236,.F.);
#2841=ORIENTED_EDGE('',*,*,#2237,.F.);
#2842=ORIENTED_EDGE('',*,*,#2238,.T.);
#2843=ORIENTED_EDGE('',*,*,#2231,.F.);
#2844=ORIENTED_EDGE('',*,*,#2239,.F.);
#2845=ORIENTED_EDGE('',*,*,#2240,.T.);
#2846=ORIENTED_EDGE('',*,*,#2241,.F.);
#2847=ORIENTED_EDGE('',*,*,#2232,.F.);
#2848=ORIENTED_EDGE('',*,*,#2241,.T.);
#2849=ORIENTED_EDGE('',*,*,#2242,.T.);
#2850=ORIENTED_EDGE('',*,*,#2243,.T.);
#2851=ORIENTED_EDGE('',*,*,#2244,.T.);
#2852=ORIENTED_EDGE('',*,*,#2245,.T.);
#2853=ORIENTED_EDGE('',*,*,#2237,.T.);
#2854=ORIENTED_EDGE('',*,*,#2246,.T.);
#2855=ORIENTED_EDGE('',*,*,#2247,.T.);
#2856=ORIENTED_EDGE('',*,*,#2248,.T.);
#2857=ORIENTED_EDGE('',*,*,#2249,.T.);
#2858=ORIENTED_EDGE('',*,*,#2250,.T.);
#2859=ORIENTED_EDGE('',*,*,#2248,.F.);
#2860=ORIENTED_EDGE('',*,*,#2251,.T.);
#2861=ORIENTED_EDGE('',*,*,#2252,.F.);
#2862=ORIENTED_EDGE('',*,*,#2253,.F.);
#2863=ORIENTED_EDGE('',*,*,#2247,.F.);
#2864=ORIENTED_EDGE('',*,*,#2254,.F.);
#2865=ORIENTED_EDGE('',*,*,#2255,.F.);
#2866=ORIENTED_EDGE('',*,*,#2251,.F.);
#2867=ORIENTED_EDGE('',*,*,#2256,.T.);
#2868=ORIENTED_EDGE('',*,*,#2257,.T.);
#2869=ORIENTED_EDGE('',*,*,#2258,.T.);
#2870=ORIENTED_EDGE('',*,*,#2254,.T.);
#2871=ORIENTED_EDGE('',*,*,#2246,.F.);
#2872=ORIENTED_EDGE('',*,*,#2236,.T.);
#2873=ORIENTED_EDGE('',*,*,#2259,.F.);
#2874=ORIENTED_EDGE('',*,*,#2245,.F.);
#2875=ORIENTED_EDGE('',*,*,#2260,.T.);
#2876=ORIENTED_EDGE('',*,*,#2261,.T.);
#2877=ORIENTED_EDGE('',*,*,#2262,.F.);
#2878=ORIENTED_EDGE('',*,*,#2263,.T.);
#2879=ORIENTED_EDGE('',*,*,#2233,.T.);
#2880=ORIENTED_EDGE('',*,*,#2264,.F.);
#2881=ORIENTED_EDGE('',*,*,#2238,.F.);
#2882=ORIENTED_EDGE('',*,*,#2250,.F.);
#2883=ORIENTED_EDGE('',*,*,#2265,.T.);
#2884=ORIENTED_EDGE('',*,*,#2266,.T.);
#2885=ORIENTED_EDGE('',*,*,#2267,.T.);
#2886=ORIENTED_EDGE('',*,*,#2268,.T.);
#2887=ORIENTED_EDGE('',*,*,#2259,.T.);
#2888=ORIENTED_EDGE('',*,*,#2268,.F.);
#2889=ORIENTED_EDGE('',*,*,#2269,.T.);
#2890=ORIENTED_EDGE('',*,*,#2270,.T.);
#2891=ORIENTED_EDGE('',*,*,#2264,.T.);
#2892=ORIENTED_EDGE('',*,*,#2270,.F.);
#2893=ORIENTED_EDGE('',*,*,#2271,.T.);
#2894=ORIENTED_EDGE('',*,*,#2272,.F.);
#2895=ORIENTED_EDGE('',*,*,#2273,.T.);
#2896=ORIENTED_EDGE('',*,*,#2274,.F.);
#2897=ORIENTED_EDGE('',*,*,#2275,.F.);
#2898=ORIENTED_EDGE('',*,*,#2276,.F.);
#2899=ORIENTED_EDGE('',*,*,#2277,.F.);
#2900=ORIENTED_EDGE('',*,*,#2278,.F.);
#2901=ORIENTED_EDGE('',*,*,#2261,.F.);
#2902=ORIENTED_EDGE('',*,*,#2279,.T.);
#2903=ORIENTED_EDGE('',*,*,#2280,.F.);
#2904=ORIENTED_EDGE('',*,*,#2244,.F.);
#2905=ORIENTED_EDGE('',*,*,#2281,.F.);
#2906=ORIENTED_EDGE('',*,*,#2279,.F.);
#2907=ORIENTED_EDGE('',*,*,#2260,.F.);
#2908=ORIENTED_EDGE('',*,*,#2258,.F.);
#2909=ORIENTED_EDGE('',*,*,#2282,.F.);
#2910=ORIENTED_EDGE('',*,*,#2283,.F.);
#2911=ORIENTED_EDGE('',*,*,#2284,.F.);
#2912=ORIENTED_EDGE('',*,*,#2285,.F.);
#2913=ORIENTED_EDGE('',*,*,#2286,.F.);
#2914=ORIENTED_EDGE('',*,*,#2287,.T.);
#2915=ORIENTED_EDGE('',*,*,#2288,.F.);
#2916=ORIENTED_EDGE('',*,*,#2252,.T.);
#2917=ORIENTED_EDGE('',*,*,#2255,.T.);
#2918=ORIENTED_EDGE('',*,*,#2289,.F.);
#2919=ORIENTED_EDGE('',*,*,#2273,.F.);
#2920=ORIENTED_EDGE('',*,*,#2290,.F.);
#2921=ORIENTED_EDGE('',*,*,#2287,.F.);
#2922=ORIENTED_EDGE('',*,*,#2291,.T.);
#2923=ORIENTED_EDGE('',*,*,#2292,.F.);
#2924=ORIENTED_EDGE('',*,*,#2243,.F.);
#2925=ORIENTED_EDGE('',*,*,#2293,.F.);
#2926=ORIENTED_EDGE('',*,*,#2271,.F.);
#2927=ORIENTED_EDGE('',*,*,#2281,.T.);
#2928=ORIENTED_EDGE('',*,*,#2234,.F.);
#2929=ORIENTED_EDGE('',*,*,#2263,.F.);
#2930=ORIENTED_EDGE('',*,*,#2294,.T.);
#2931=ORIENTED_EDGE('',*,*,#2295,.T.);
#2932=ORIENTED_EDGE('',*,*,#2296,.T.);
#2933=ORIENTED_EDGE('',*,*,#2297,.T.);
#2934=ORIENTED_EDGE('',*,*,#2298,.T.);
#2935=ORIENTED_EDGE('',*,*,#2299,.T.);
#2936=ORIENTED_EDGE('',*,*,#2300,.T.);
#2937=ORIENTED_EDGE('',*,*,#2301,.T.);
#2938=ORIENTED_EDGE('',*,*,#2239,.T.);
#2939=ORIENTED_EDGE('',*,*,#2302,.T.);
#2940=ORIENTED_EDGE('',*,*,#2303,.T.);
#2941=ORIENTED_EDGE('',*,*,#2304,.T.);
#2942=ORIENTED_EDGE('',*,*,#2305,.T.);
#2943=ORIENTED_EDGE('',*,*,#2303,.F.);
#2944=ORIENTED_EDGE('',*,*,#2306,.T.);
#2945=ORIENTED_EDGE('',*,*,#2307,.T.);
#2946=ORIENTED_EDGE('',*,*,#2308,.T.);
#2947=ORIENTED_EDGE('',*,*,#2309,.F.);
#2948=ORIENTED_EDGE('',*,*,#2310,.T.);
#2949=ORIENTED_EDGE('',*,*,#2284,.T.);
#2950=ORIENTED_EDGE('',*,*,#2311,.F.);
#2951=ORIENTED_EDGE('',*,*,#2311,.T.);
#2952=ORIENTED_EDGE('',*,*,#2283,.T.);
#2953=ORIENTED_EDGE('',*,*,#2312,.F.);
#2954=ORIENTED_EDGE('',*,*,#2313,.T.);
#2955=ORIENTED_EDGE('',*,*,#2296,.F.);
#2956=ORIENTED_EDGE('',*,*,#2314,.T.);
#2957=ORIENTED_EDGE('',*,*,#2276,.T.);
#2958=ORIENTED_EDGE('',*,*,#2315,.F.);
#2959=ORIENTED_EDGE('',*,*,#2315,.T.);
#2960=ORIENTED_EDGE('',*,*,#2275,.T.);
#2961=ORIENTED_EDGE('',*,*,#2316,.F.);
#2962=ORIENTED_EDGE('',*,*,#2297,.F.);
#2963=ORIENTED_EDGE('',*,*,#2269,.F.);
#2964=ORIENTED_EDGE('',*,*,#2294,.F.);
#2965=ORIENTED_EDGE('',*,*,#2262,.T.);
#2966=ORIENTED_EDGE('',*,*,#2278,.T.);
#2967=ORIENTED_EDGE('',*,*,#2317,.F.);
#2968=ORIENTED_EDGE('',*,*,#2314,.F.);
#2969=ORIENTED_EDGE('',*,*,#2295,.F.);
#2970=ORIENTED_EDGE('',*,*,#2317,.T.);
#2971=ORIENTED_EDGE('',*,*,#2277,.T.);
#2972=ORIENTED_EDGE('',*,*,#2302,.F.);
#2973=ORIENTED_EDGE('',*,*,#2318,.T.);
#2974=ORIENTED_EDGE('',*,*,#2280,.T.);
#2975=ORIENTED_EDGE('',*,*,#2318,.F.);
#2976=ORIENTED_EDGE('',*,*,#2319,.T.);
#2977=ORIENTED_EDGE('',*,*,#2312,.T.);
#2978=ORIENTED_EDGE('',*,*,#2282,.T.);
#2979=ORIENTED_EDGE('',*,*,#2257,.F.);
#2980=ORIENTED_EDGE('',*,*,#2320,.T.);
#2981=ORIENTED_EDGE('',*,*,#2321,.T.);
#2982=ORIENTED_EDGE('',*,*,#2289,.T.);
#2983=ORIENTED_EDGE('',*,*,#2321,.F.);
#2984=ORIENTED_EDGE('',*,*,#2242,.F.);
#2985=ORIENTED_EDGE('',*,*,#2240,.F.);
#2986=ORIENTED_EDGE('',*,*,#2301,.F.);
#2987=ORIENTED_EDGE('',*,*,#2322,.T.);
#2988=ORIENTED_EDGE('',*,*,#2323,.T.);
#2989=ORIENTED_EDGE('',*,*,#2265,.F.);
#2990=ORIENTED_EDGE('',*,*,#2249,.F.);
#2991=ORIENTED_EDGE('',*,*,#2253,.T.);
#2992=ORIENTED_EDGE('',*,*,#2288,.T.);
#2993=ORIENTED_EDGE('',*,*,#2290,.T.);
#2994=ORIENTED_EDGE('',*,*,#2272,.T.);
#2995=ORIENTED_EDGE('',*,*,#2293,.T.);
#2996=ORIENTED_EDGE('',*,*,#2300,.F.);
#2997=ORIENTED_EDGE('',*,*,#2324,.F.);
#2998=ORIENTED_EDGE('',*,*,#2325,.T.);
#2999=ORIENTED_EDGE('',*,*,#2326,.T.);
#3000=ORIENTED_EDGE('',*,*,#2322,.F.);
#3001=ORIENTED_EDGE('',*,*,#2292,.T.);
#3002=ORIENTED_EDGE('',*,*,#2327,.T.);
#3003=ORIENTED_EDGE('',*,*,#2304,.F.);
#3004=ORIENTED_EDGE('',*,*,#2308,.F.);
#3005=ORIENTED_EDGE('',*,*,#2328,.F.);
#3006=ORIENTED_EDGE('',*,*,#2306,.F.);
#3007=ORIENTED_EDGE('',*,*,#2305,.F.);
#3008=ORIENTED_EDGE('',*,*,#2327,.F.);
#3009=ORIENTED_EDGE('',*,*,#2329,.T.);
#3010=ORIENTED_EDGE('',*,*,#2330,.T.);
#3011=ORIENTED_EDGE('',*,*,#2324,.T.);
#3012=ORIENTED_EDGE('',*,*,#2299,.F.);
#3013=ORIENTED_EDGE('',*,*,#2298,.F.);
#3014=ORIENTED_EDGE('',*,*,#2316,.T.);
#3015=ORIENTED_EDGE('',*,*,#2274,.T.);
#3016=ORIENTED_EDGE('',*,*,#2291,.F.);
#3017=ORIENTED_EDGE('',*,*,#2286,.T.);
#3018=ORIENTED_EDGE('',*,*,#2331,.F.);
#3019=ORIENTED_EDGE('',*,*,#2307,.F.);
#3020=ORIENTED_EDGE('',*,*,#2328,.T.);
#3021=ORIENTED_EDGE('',*,*,#2310,.F.);
#3022=ORIENTED_EDGE('',*,*,#2332,.T.);
#3023=ORIENTED_EDGE('',*,*,#2331,.T.);
#3024=ORIENTED_EDGE('',*,*,#2285,.T.);
#3025=ORIENTED_EDGE('',*,*,#2267,.F.);
#3026=ORIENTED_EDGE('',*,*,#2235,.F.);
#3027=ORIENTED_EDGE('',*,*,#2266,.F.);
#3028=ORIENTED_EDGE('',*,*,#2323,.F.);
#3029=ORIENTED_EDGE('',*,*,#2326,.F.);
#3030=ORIENTED_EDGE('',*,*,#2325,.F.);
#3031=ORIENTED_EDGE('',*,*,#2330,.F.);
#3032=ORIENTED_EDGE('',*,*,#2329,.F.);
#3033=ORIENTED_EDGE('',*,*,#2332,.F.);
#3034=ORIENTED_EDGE('',*,*,#2309,.T.);
#3035=ORIENTED_EDGE('',*,*,#2313,.F.);
#3036=ORIENTED_EDGE('',*,*,#2319,.F.);
#3037=ORIENTED_EDGE('',*,*,#2256,.F.);
#3038=ORIENTED_EDGE('',*,*,#2320,.F.);
#3039=ORIENTED_EDGE('',*,*,#2333,.F.);
#3040=ORIENTED_EDGE('',*,*,#2334,.F.);
#3041=ORIENTED_EDGE('',*,*,#2335,.T.);
#3042=ORIENTED_EDGE('',*,*,#2336,.F.);
#3043=ORIENTED_EDGE('',*,*,#2337,.F.);
#3044=ORIENTED_EDGE('',*,*,#2338,.F.);
#3045=ORIENTED_EDGE('',*,*,#2339,.T.);
#3046=ORIENTED_EDGE('',*,*,#2340,.T.);
#3047=ORIENTED_EDGE('',*,*,#2333,.T.);
#3048=ORIENTED_EDGE('',*,*,#2341,.T.);
#3049=ORIENTED_EDGE('',*,*,#2342,.F.);
#3050=ORIENTED_EDGE('',*,*,#2343,.T.);
#3051=ORIENTED_EDGE('',*,*,#2336,.T.);
#3052=ORIENTED_EDGE('',*,*,#2344,.F.);
#3053=ORIENTED_EDGE('',*,*,#2345,.F.);
#3054=ORIENTED_EDGE('',*,*,#2346,.F.);
#3055=ORIENTED_EDGE('',*,*,#2347,.F.);
#3056=ORIENTED_EDGE('',*,*,#2341,.F.);
#3057=ORIENTED_EDGE('',*,*,#2339,.F.);
#3058=ORIENTED_EDGE('',*,*,#2348,.F.);
#3059=ORIENTED_EDGE('',*,*,#2349,.F.);
#3060=ORIENTED_EDGE('',*,*,#2350,.F.);
#3061=ORIENTED_EDGE('',*,*,#2351,.F.);
#3062=ORIENTED_EDGE('',*,*,#2352,.F.);
#3063=ORIENTED_EDGE('',*,*,#2350,.T.);
#3064=ORIENTED_EDGE('',*,*,#2353,.T.);
#3065=ORIENTED_EDGE('',*,*,#2354,.T.);
#3066=ORIENTED_EDGE('',*,*,#2355,.F.);
#3067=ORIENTED_EDGE('',*,*,#2351,.T.);
#3068=ORIENTED_EDGE('',*,*,#2355,.T.);
#3069=ORIENTED_EDGE('',*,*,#2356,.T.);
#3070=ORIENTED_EDGE('',*,*,#2357,.T.);
#3071=ORIENTED_EDGE('',*,*,#2358,.F.);
#3072=ORIENTED_EDGE('',*,*,#2340,.F.);
#3073=ORIENTED_EDGE('',*,*,#2352,.T.);
#3074=ORIENTED_EDGE('',*,*,#2357,.F.);
#3075=ORIENTED_EDGE('',*,*,#2359,.F.);
#3076=ORIENTED_EDGE('',*,*,#2360,.F.);
#3077=ORIENTED_EDGE('',*,*,#2361,.T.);
#3078=ORIENTED_EDGE('',*,*,#2344,.T.);
#3079=ORIENTED_EDGE('',*,*,#2335,.F.);
#3080=ORIENTED_EDGE('',*,*,#2362,.F.);
#3081=ORIENTED_EDGE('',*,*,#2363,.T.);
#3082=ORIENTED_EDGE('',*,*,#2364,.F.);
#3083=ORIENTED_EDGE('',*,*,#2365,.F.);
#3084=ORIENTED_EDGE('',*,*,#2366,.T.);
#3085=ORIENTED_EDGE('',*,*,#2338,.T.);
#3086=ORIENTED_EDGE('',*,*,#2367,.F.);
#3087=ORIENTED_EDGE('',*,*,#2368,.F.);
#3088=ORIENTED_EDGE('',*,*,#2348,.T.);
#3089=ORIENTED_EDGE('',*,*,#2369,.F.);
#3090=ORIENTED_EDGE('',*,*,#2370,.T.);
#3091=ORIENTED_EDGE('',*,*,#2361,.F.);
#3092=ORIENTED_EDGE('',*,*,#2370,.F.);
#3093=ORIENTED_EDGE('',*,*,#2371,.F.);
#3094=ORIENTED_EDGE('',*,*,#2372,.T.);
#3095=ORIENTED_EDGE('',*,*,#2366,.F.);
#3096=ORIENTED_EDGE('',*,*,#2372,.F.);
#3097=ORIENTED_EDGE('',*,*,#2373,.F.);
#3098=ORIENTED_EDGE('',*,*,#2374,.F.);
#3099=ORIENTED_EDGE('',*,*,#2364,.T.);
#3100=ORIENTED_EDGE('',*,*,#2375,.T.);
#3101=ORIENTED_EDGE('',*,*,#2376,.T.);
#3102=ORIENTED_EDGE('',*,*,#2377,.T.);
#3103=ORIENTED_EDGE('',*,*,#2378,.T.);
#3104=ORIENTED_EDGE('',*,*,#2379,.T.);
#3105=ORIENTED_EDGE('',*,*,#2380,.F.);
#3106=ORIENTED_EDGE('',*,*,#2381,.T.);
#3107=ORIENTED_EDGE('',*,*,#2382,.T.);
#3108=ORIENTED_EDGE('',*,*,#2345,.T.);
#3109=ORIENTED_EDGE('',*,*,#2365,.T.);
#3110=ORIENTED_EDGE('',*,*,#2374,.T.);
#3111=ORIENTED_EDGE('',*,*,#2383,.T.);
#3112=ORIENTED_EDGE('',*,*,#2359,.T.);
#3113=ORIENTED_EDGE('',*,*,#2356,.F.);
#3114=ORIENTED_EDGE('',*,*,#2354,.F.);
#3115=ORIENTED_EDGE('',*,*,#2384,.T.);
#3116=ORIENTED_EDGE('',*,*,#2385,.F.);
#3117=ORIENTED_EDGE('',*,*,#2386,.T.);
#3118=ORIENTED_EDGE('',*,*,#2387,.T.);
#3119=ORIENTED_EDGE('',*,*,#2388,.T.);
#3120=ORIENTED_EDGE('',*,*,#2389,.T.);
#3121=ORIENTED_EDGE('',*,*,#2390,.T.);
#3122=ORIENTED_EDGE('',*,*,#2391,.T.);
#3123=ORIENTED_EDGE('',*,*,#2380,.T.);
#3124=ORIENTED_EDGE('',*,*,#2392,.F.);
#3125=ORIENTED_EDGE('',*,*,#2385,.T.);
#3126=ORIENTED_EDGE('',*,*,#2393,.T.);
#3127=ORIENTED_EDGE('',*,*,#2394,.T.);
#3128=ORIENTED_EDGE('',*,*,#2346,.T.);
#3129=ORIENTED_EDGE('',*,*,#2383,.F.);
#3130=ORIENTED_EDGE('',*,*,#2373,.T.);
#3131=ORIENTED_EDGE('',*,*,#2395,.T.);
#3132=ORIENTED_EDGE('',*,*,#2334,.T.);
#3133=ORIENTED_EDGE('',*,*,#2343,.F.);
#3134=ORIENTED_EDGE('',*,*,#2396,.F.);
#3135=ORIENTED_EDGE('',*,*,#2397,.F.);
#3136=ORIENTED_EDGE('',*,*,#2398,.F.);
#3137=ORIENTED_EDGE('',*,*,#2399,.F.);
#3138=ORIENTED_EDGE('',*,*,#2400,.F.);
#3139=ORIENTED_EDGE('',*,*,#2401,.F.);
#3140=ORIENTED_EDGE('',*,*,#2402,.F.);
#3141=ORIENTED_EDGE('',*,*,#2403,.F.);
#3142=ORIENTED_EDGE('',*,*,#2362,.T.);
#3143=ORIENTED_EDGE('',*,*,#2404,.F.);
#3144=ORIENTED_EDGE('',*,*,#2405,.F.);
#3145=ORIENTED_EDGE('',*,*,#2406,.F.);
#3146=ORIENTED_EDGE('',*,*,#2407,.F.);
#3147=ORIENTED_EDGE('',*,*,#2405,.T.);
#3148=ORIENTED_EDGE('',*,*,#2408,.F.);
#3149=ORIENTED_EDGE('',*,*,#2409,.F.);
#3150=ORIENTED_EDGE('',*,*,#2410,.F.);
#3151=ORIENTED_EDGE('',*,*,#2411,.T.);
#3152=ORIENTED_EDGE('',*,*,#2412,.T.);
#3153=ORIENTED_EDGE('',*,*,#2388,.F.);
#3154=ORIENTED_EDGE('',*,*,#2413,.F.);
#3155=ORIENTED_EDGE('',*,*,#2412,.F.);
#3156=ORIENTED_EDGE('',*,*,#2414,.F.);
#3157=ORIENTED_EDGE('',*,*,#2415,.T.);
#3158=ORIENTED_EDGE('',*,*,#2389,.F.);
#3159=ORIENTED_EDGE('',*,*,#2401,.T.);
#3160=ORIENTED_EDGE('',*,*,#2416,.T.);
#3161=ORIENTED_EDGE('',*,*,#2377,.F.);
#3162=ORIENTED_EDGE('',*,*,#2417,.F.);
#3163=ORIENTED_EDGE('',*,*,#2416,.F.);
#3164=ORIENTED_EDGE('',*,*,#2400,.T.);
#3165=ORIENTED_EDGE('',*,*,#2418,.T.);
#3166=ORIENTED_EDGE('',*,*,#2378,.F.);
#3167=ORIENTED_EDGE('',*,*,#2371,.T.);
#3168=ORIENTED_EDGE('',*,*,#2403,.T.);
#3169=ORIENTED_EDGE('',*,*,#2419,.T.);
#3170=ORIENTED_EDGE('',*,*,#2375,.F.);
#3171=ORIENTED_EDGE('',*,*,#2363,.F.);
#3172=ORIENTED_EDGE('',*,*,#2417,.T.);
#3173=ORIENTED_EDGE('',*,*,#2376,.F.);
#3174=ORIENTED_EDGE('',*,*,#2419,.F.);
#3175=ORIENTED_EDGE('',*,*,#2402,.T.);
#3176=ORIENTED_EDGE('',*,*,#2404,.T.);
#3177=ORIENTED_EDGE('',*,*,#2420,.T.);
#3178=ORIENTED_EDGE('',*,*,#2382,.F.);
#3179=ORIENTED_EDGE('',*,*,#2420,.F.);
#3180=ORIENTED_EDGE('',*,*,#2421,.F.);
#3181=ORIENTED_EDGE('',*,*,#2360,.T.);
#3182=ORIENTED_EDGE('',*,*,#2390,.F.);
#3183=ORIENTED_EDGE('',*,*,#2415,.F.);
#3184=ORIENTED_EDGE('',*,*,#2422,.F.);
#3185=ORIENTED_EDGE('',*,*,#2423,.T.);
#3186=ORIENTED_EDGE('',*,*,#2391,.F.);
#3187=ORIENTED_EDGE('',*,*,#2423,.F.);
#3188=ORIENTED_EDGE('',*,*,#2347,.T.);
#3189=ORIENTED_EDGE('',*,*,#2395,.F.);
#3190=ORIENTED_EDGE('',*,*,#2381,.F.);
#3191=ORIENTED_EDGE('',*,*,#2393,.F.);
#3192=ORIENTED_EDGE('',*,*,#2384,.F.);
#3193=ORIENTED_EDGE('',*,*,#2353,.F.);
#3194=ORIENTED_EDGE('',*,*,#2349,.T.);
#3195=ORIENTED_EDGE('',*,*,#2368,.T.);
#3196=ORIENTED_EDGE('',*,*,#2424,.F.);
#3197=ORIENTED_EDGE('',*,*,#2425,.F.);
#3198=ORIENTED_EDGE('',*,*,#2396,.T.);
#3199=ORIENTED_EDGE('',*,*,#2342,.T.);
#3200=ORIENTED_EDGE('',*,*,#2397,.T.);
#3201=ORIENTED_EDGE('',*,*,#2425,.T.);
#3202=ORIENTED_EDGE('',*,*,#2426,.F.);
#3203=ORIENTED_EDGE('',*,*,#2427,.F.);
#3204=ORIENTED_EDGE('',*,*,#2428,.T.);
#3205=ORIENTED_EDGE('',*,*,#2394,.F.);
#3206=ORIENTED_EDGE('',*,*,#2429,.T.);
#3207=ORIENTED_EDGE('',*,*,#2406,.T.);
#3208=ORIENTED_EDGE('',*,*,#2410,.T.);
#3209=ORIENTED_EDGE('',*,*,#2430,.T.);
#3210=ORIENTED_EDGE('',*,*,#2408,.T.);
#3211=ORIENTED_EDGE('',*,*,#2407,.T.);
#3212=ORIENTED_EDGE('',*,*,#2429,.F.);
#3213=ORIENTED_EDGE('',*,*,#2431,.F.);
#3214=ORIENTED_EDGE('',*,*,#2432,.T.);
#3215=ORIENTED_EDGE('',*,*,#2386,.F.);
#3216=ORIENTED_EDGE('',*,*,#2392,.T.);
#3217=ORIENTED_EDGE('',*,*,#2379,.F.);
#3218=ORIENTED_EDGE('',*,*,#2418,.F.);
#3219=ORIENTED_EDGE('',*,*,#2399,.T.);
#3220=ORIENTED_EDGE('',*,*,#2398,.T.);
#3221=ORIENTED_EDGE('',*,*,#2428,.F.);
#3222=ORIENTED_EDGE('',*,*,#2433,.F.);
#3223=ORIENTED_EDGE('',*,*,#2409,.T.);
#3224=ORIENTED_EDGE('',*,*,#2430,.F.);
#3225=ORIENTED_EDGE('',*,*,#2413,.T.);
#3226=ORIENTED_EDGE('',*,*,#2387,.F.);
#3227=ORIENTED_EDGE('',*,*,#2432,.F.);
#3228=ORIENTED_EDGE('',*,*,#2434,.F.);
#3229=ORIENTED_EDGE('',*,*,#2369,.T.);
#3230=ORIENTED_EDGE('',*,*,#2337,.T.);
#3231=ORIENTED_EDGE('',*,*,#2358,.T.);
#3232=ORIENTED_EDGE('',*,*,#2421,.T.);
#3233=ORIENTED_EDGE('',*,*,#2414,.T.);
#3234=ORIENTED_EDGE('',*,*,#2411,.F.);
#3235=ORIENTED_EDGE('',*,*,#2434,.T.);
#3236=ORIENTED_EDGE('',*,*,#2431,.T.);
#3237=ORIENTED_EDGE('',*,*,#2433,.T.);
#3238=ORIENTED_EDGE('',*,*,#2427,.T.);
#3239=ORIENTED_EDGE('',*,*,#2426,.T.);
#3240=ORIENTED_EDGE('',*,*,#2424,.T.);
#3241=ORIENTED_EDGE('',*,*,#2367,.T.);
#3242=ORIENTED_EDGE('',*,*,#2422,.T.);
#3243=ORIENTED_EDGE('',*,*,#2435,.F.);
#3244=ORIENTED_EDGE('',*,*,#2436,.T.);
#3245=ORIENTED_EDGE('',*,*,#2437,.F.);
#3246=ORIENTED_EDGE('',*,*,#2436,.F.);
#3247=ORIENTED_EDGE('',*,*,#2438,.F.);
#3248=ORIENTED_EDGE('',*,*,#2439,.T.);
#3249=ORIENTED_EDGE('',*,*,#2440,.F.);
#3250=ORIENTED_EDGE('',*,*,#2439,.F.);
#3251=ORIENTED_EDGE('',*,*,#2441,.F.);
#3252=ORIENTED_EDGE('',*,*,#2442,.F.);
#3253=ORIENTED_EDGE('',*,*,#2441,.T.);
#3254=ORIENTED_EDGE('',*,*,#2443,.T.);
#3255=ORIENTED_EDGE('',*,*,#2444,.F.);
#3256=ORIENTED_EDGE('',*,*,#2445,.T.);
#3257=ORIENTED_EDGE('',*,*,#2446,.F.);
#3258=ORIENTED_EDGE('',*,*,#2447,.T.);
#3259=ORIENTED_EDGE('',*,*,#2448,.F.);
#3260=ORIENTED_EDGE('',*,*,#2449,.F.);
#3261=ORIENTED_EDGE('',*,*,#2450,.F.);
#3262=ORIENTED_EDGE('',*,*,#2449,.T.);
#3263=ORIENTED_EDGE('',*,*,#2451,.F.);
#3264=ORIENTED_EDGE('',*,*,#2452,.F.);
#3265=ORIENTED_EDGE('',*,*,#2453,.F.);
#3266=ORIENTED_EDGE('',*,*,#2452,.T.);
#3267=ORIENTED_EDGE('',*,*,#2454,.F.);
#3268=ORIENTED_EDGE('',*,*,#2455,.F.);
#3269=ORIENTED_EDGE('',*,*,#2454,.T.);
#3270=ORIENTED_EDGE('',*,*,#2451,.T.);
#3271=ORIENTED_EDGE('',*,*,#2448,.T.);
#3272=ORIENTED_EDGE('',*,*,#2456,.T.);
#3273=ORIENTED_EDGE('',*,*,#2444,.T.);
#3274=ORIENTED_EDGE('',*,*,#2457,.T.);
#3275=ORIENTED_EDGE('',*,*,#2435,.T.);
#3276=ORIENTED_EDGE('',*,*,#2438,.T.);
#3277=ORIENTED_EDGE('',*,*,#2453,.T.);
#3278=ORIENTED_EDGE('',*,*,#2458,.T.);
#3279=ORIENTED_EDGE('',*,*,#2446,.T.);
#3280=ORIENTED_EDGE('',*,*,#2450,.T.);
#3281=ORIENTED_EDGE('',*,*,#2437,.T.);
#3282=ORIENTED_EDGE('',*,*,#2440,.T.);
#3283=ORIENTED_EDGE('',*,*,#2442,.T.);
#3284=ORIENTED_EDGE('',*,*,#2445,.F.);
#3285=ORIENTED_EDGE('',*,*,#2456,.F.);
#3286=ORIENTED_EDGE('',*,*,#2447,.F.);
#3287=ORIENTED_EDGE('',*,*,#2458,.F.);
#3288=ORIENTED_EDGE('',*,*,#2455,.T.);
#3289=ORIENTED_EDGE('',*,*,#2457,.F.);
#3290=ORIENTED_EDGE('',*,*,#2443,.F.);
#3291=ORIENTED_EDGE('',*,*,#2459,.F.);
#3292=ORIENTED_EDGE('',*,*,#2460,.T.);
#3293=ORIENTED_EDGE('',*,*,#2461,.T.);
#3294=ORIENTED_EDGE('',*,*,#2460,.F.);
#3295=ORIENTED_EDGE('',*,*,#2461,.F.);
#3296=ORIENTED_EDGE('',*,*,#2462,.F.);
#3297=ORIENTED_EDGE('',*,*,#2463,.F.);
#3298=ORIENTED_EDGE('',*,*,#2464,.T.);
#3299=ORIENTED_EDGE('',*,*,#2465,.T.);
#3300=ORIENTED_EDGE('',*,*,#2464,.F.);
#3301=ORIENTED_EDGE('',*,*,#2465,.F.);
#3302=ORIENTED_EDGE('',*,*,#2466,.F.);
#3303=ORIENTED_EDGE('',*,*,#2467,.F.);
#3304=ORIENTED_EDGE('',*,*,#2468,.T.);
#3305=ORIENTED_EDGE('',*,*,#2466,.T.);
#3306=ORIENTED_EDGE('',*,*,#2468,.F.);
#3307=ORIENTED_EDGE('',*,*,#2469,.F.);
#3308=ORIENTED_EDGE('',*,*,#2470,.T.);
#3309=ORIENTED_EDGE('',*,*,#2462,.T.);
#3310=ORIENTED_EDGE('',*,*,#2470,.F.);
#3311=ORIENTED_EDGE('',*,*,#2471,.F.);
#3312=ORIENTED_EDGE('',*,*,#2472,.F.);
#3313=ORIENTED_EDGE('',*,*,#2473,.F.);
#3314=ORIENTED_EDGE('',*,*,#2474,.F.);
#3315=ORIENTED_EDGE('',*,*,#2475,.F.);
#3316=ORIENTED_EDGE('',*,*,#2476,.F.);
#3317=ORIENTED_EDGE('',*,*,#2477,.F.);
#3318=ORIENTED_EDGE('',*,*,#2473,.T.);
#3319=ORIENTED_EDGE('',*,*,#2478,.F.);
#3320=ORIENTED_EDGE('',*,*,#2479,.T.);
#3321=ORIENTED_EDGE('',*,*,#2480,.T.);
#3322=ORIENTED_EDGE('',*,*,#2472,.T.);
#3323=ORIENTED_EDGE('',*,*,#2481,.F.);
#3324=ORIENTED_EDGE('',*,*,#2482,.T.);
#3325=ORIENTED_EDGE('',*,*,#2478,.T.);
#3326=ORIENTED_EDGE('',*,*,#2471,.T.);
#3327=ORIENTED_EDGE('',*,*,#2483,.F.);
#3328=ORIENTED_EDGE('',*,*,#2484,.T.);
#3329=ORIENTED_EDGE('',*,*,#2481,.T.);
#3330=ORIENTED_EDGE('',*,*,#2459,.T.);
#3331=ORIENTED_EDGE('',*,*,#2463,.T.);
#3332=ORIENTED_EDGE('',*,*,#2484,.F.);
#3333=ORIENTED_EDGE('',*,*,#2485,.F.);
#3334=ORIENTED_EDGE('',*,*,#2486,.F.);
#3335=ORIENTED_EDGE('',*,*,#2487,.F.);
#3336=ORIENTED_EDGE('',*,*,#2479,.F.);
#3337=ORIENTED_EDGE('',*,*,#2482,.F.);
#3338=ORIENTED_EDGE('',*,*,#2488,.F.);
#3339=ORIENTED_EDGE('',*,*,#2475,.T.);
#3340=ORIENTED_EDGE('',*,*,#2489,.F.);
#3341=ORIENTED_EDGE('',*,*,#2486,.T.);
#3342=ORIENTED_EDGE('',*,*,#2490,.F.);
#3343=ORIENTED_EDGE('',*,*,#2467,.T.);
#3344=ORIENTED_EDGE('',*,*,#2469,.T.);
#3345=ORIENTED_EDGE('',*,*,#2491,.T.);
#3346=ORIENTED_EDGE('',*,*,#2476,.T.);
#3347=ORIENTED_EDGE('',*,*,#2490,.T.);
#3348=ORIENTED_EDGE('',*,*,#2485,.T.);
#3349=ORIENTED_EDGE('',*,*,#2483,.T.);
#3350=ORIENTED_EDGE('',*,*,#2492,.F.);
#3351=ORIENTED_EDGE('',*,*,#2492,.T.);
#3352=ORIENTED_EDGE('',*,*,#2493,.T.);
#3353=ORIENTED_EDGE('',*,*,#2491,.F.);
#3354=ORIENTED_EDGE('',*,*,#2493,.F.);
#3355=ORIENTED_EDGE('',*,*,#2488,.T.);
#3356=ORIENTED_EDGE('',*,*,#2494,.T.);
#3357=ORIENTED_EDGE('',*,*,#2477,.T.);
#3358=ORIENTED_EDGE('',*,*,#2494,.F.);
#3359=ORIENTED_EDGE('',*,*,#2474,.T.);
#3360=ORIENTED_EDGE('',*,*,#2480,.F.);
#3361=ORIENTED_EDGE('',*,*,#2487,.T.);
#3362=ORIENTED_EDGE('',*,*,#2489,.T.);
#3363=ORIENTED_EDGE('',*,*,#2495,.T.);
#3364=ORIENTED_EDGE('',*,*,#2496,.T.);
#3365=ORIENTED_EDGE('',*,*,#2497,.F.);
#3366=ORIENTED_EDGE('',*,*,#2496,.F.);
#3367=ORIENTED_EDGE('',*,*,#2497,.T.);
#3368=ORIENTED_EDGE('',*,*,#2498,.T.);
#3369=ORIENTED_EDGE('',*,*,#2499,.T.);
#3370=ORIENTED_EDGE('',*,*,#2500,.T.);
#3371=ORIENTED_EDGE('',*,*,#2501,.F.);
#3372=ORIENTED_EDGE('',*,*,#2500,.F.);
#3373=ORIENTED_EDGE('',*,*,#2501,.T.);
#3374=ORIENTED_EDGE('',*,*,#2502,.T.);
#3375=ORIENTED_EDGE('',*,*,#2503,.T.);
#3376=ORIENTED_EDGE('',*,*,#2504,.T.);
#3377=ORIENTED_EDGE('',*,*,#2502,.F.);
#3378=ORIENTED_EDGE('',*,*,#2504,.F.);
#3379=ORIENTED_EDGE('',*,*,#2505,.T.);
#3380=ORIENTED_EDGE('',*,*,#2506,.T.);
#3381=ORIENTED_EDGE('',*,*,#2498,.F.);
#3382=ORIENTED_EDGE('',*,*,#2506,.F.);
#3383=ORIENTED_EDGE('',*,*,#2507,.T.);
#3384=ORIENTED_EDGE('',*,*,#2508,.T.);
#3385=ORIENTED_EDGE('',*,*,#2509,.T.);
#3386=ORIENTED_EDGE('',*,*,#2510,.T.);
#3387=ORIENTED_EDGE('',*,*,#2511,.T.);
#3388=ORIENTED_EDGE('',*,*,#2512,.T.);
#3389=ORIENTED_EDGE('',*,*,#2513,.T.);
#3390=ORIENTED_EDGE('',*,*,#2511,.F.);
#3391=ORIENTED_EDGE('',*,*,#2514,.F.);
#3392=ORIENTED_EDGE('',*,*,#2515,.F.);
#3393=ORIENTED_EDGE('',*,*,#2516,.T.);
#3394=ORIENTED_EDGE('',*,*,#2512,.F.);
#3395=ORIENTED_EDGE('',*,*,#2516,.F.);
#3396=ORIENTED_EDGE('',*,*,#2517,.F.);
#3397=ORIENTED_EDGE('',*,*,#2518,.T.);
#3398=ORIENTED_EDGE('',*,*,#2507,.F.);
#3399=ORIENTED_EDGE('',*,*,#2518,.F.);
#3400=ORIENTED_EDGE('',*,*,#2519,.F.);
#3401=ORIENTED_EDGE('',*,*,#2520,.T.);
#3402=ORIENTED_EDGE('',*,*,#2495,.F.);
#3403=ORIENTED_EDGE('',*,*,#2499,.F.);
#3404=ORIENTED_EDGE('',*,*,#2519,.T.);
#3405=ORIENTED_EDGE('',*,*,#2517,.T.);
#3406=ORIENTED_EDGE('',*,*,#2515,.T.);
#3407=ORIENTED_EDGE('',*,*,#2521,.T.);
#3408=ORIENTED_EDGE('',*,*,#2522,.T.);
#3409=ORIENTED_EDGE('',*,*,#2523,.T.);
#3410=ORIENTED_EDGE('',*,*,#2524,.T.);
#3411=ORIENTED_EDGE('',*,*,#2509,.F.);
#3412=ORIENTED_EDGE('',*,*,#2525,.T.);
#3413=ORIENTED_EDGE('',*,*,#2522,.F.);
#3414=ORIENTED_EDGE('',*,*,#2526,.T.);
#3415=ORIENTED_EDGE('',*,*,#2503,.F.);
#3416=ORIENTED_EDGE('',*,*,#2505,.F.);
#3417=ORIENTED_EDGE('',*,*,#2527,.F.);
#3418=ORIENTED_EDGE('',*,*,#2508,.F.);
#3419=ORIENTED_EDGE('',*,*,#2520,.F.);
#3420=ORIENTED_EDGE('',*,*,#2523,.F.);
#3421=ORIENTED_EDGE('',*,*,#2525,.F.);
#3422=ORIENTED_EDGE('',*,*,#2528,.T.);
#3423=ORIENTED_EDGE('',*,*,#2528,.F.);
#3424=ORIENTED_EDGE('',*,*,#2529,.T.);
#3425=ORIENTED_EDGE('',*,*,#2527,.T.);
#3426=ORIENTED_EDGE('',*,*,#2529,.F.);
#3427=ORIENTED_EDGE('',*,*,#2524,.F.);
#3428=ORIENTED_EDGE('',*,*,#2530,.T.);
#3429=ORIENTED_EDGE('',*,*,#2513,.F.);
#3430=ORIENTED_EDGE('',*,*,#2530,.F.);
#3431=ORIENTED_EDGE('',*,*,#2510,.F.);
#3432=ORIENTED_EDGE('',*,*,#2526,.F.);
#3433=ORIENTED_EDGE('',*,*,#2521,.F.);
#3434=ORIENTED_EDGE('',*,*,#2514,.T.);
#3435=ORIENTED_EDGE('',*,*,#2531,.F.);
#3436=ORIENTED_EDGE('',*,*,#2532,.T.);
#3437=ORIENTED_EDGE('',*,*,#2533,.F.);
#3438=ORIENTED_EDGE('',*,*,#2534,.F.);
#3439=ORIENTED_EDGE('',*,*,#2535,.T.);
#3440=ORIENTED_EDGE('',*,*,#2536,.F.);
#3441=ORIENTED_EDGE('',*,*,#2537,.F.);
#3442=ORIENTED_EDGE('',*,*,#2538,.F.);
#3443=ORIENTED_EDGE('',*,*,#2539,.F.);
#3444=ORIENTED_EDGE('',*,*,#2538,.T.);
#3445=ORIENTED_EDGE('',*,*,#2540,.F.);
#3446=ORIENTED_EDGE('',*,*,#2541,.F.);
#3447=ORIENTED_EDGE('',*,*,#2542,.T.);
#3448=ORIENTED_EDGE('',*,*,#2541,.T.);
#3449=ORIENTED_EDGE('',*,*,#2543,.F.);
#3450=ORIENTED_EDGE('',*,*,#2544,.F.);
#3451=ORIENTED_EDGE('',*,*,#2545,.F.);
#3452=ORIENTED_EDGE('',*,*,#2544,.T.);
#3453=ORIENTED_EDGE('',*,*,#2546,.F.);
#3454=ORIENTED_EDGE('',*,*,#2532,.F.);
#3455=ORIENTED_EDGE('',*,*,#2534,.T.);
#3456=ORIENTED_EDGE('',*,*,#2547,.F.);
#3457=ORIENTED_EDGE('',*,*,#2548,.F.);
#3458=ORIENTED_EDGE('',*,*,#2549,.F.);
#3459=ORIENTED_EDGE('',*,*,#2550,.T.);
#3460=ORIENTED_EDGE('',*,*,#2551,.T.);
#3461=ORIENTED_EDGE('',*,*,#2552,.T.);
#3462=ORIENTED_EDGE('',*,*,#2553,.T.);
#3463=ORIENTED_EDGE('',*,*,#2536,.T.);
#3464=ORIENTED_EDGE('',*,*,#2554,.F.);
#3465=ORIENTED_EDGE('',*,*,#2555,.F.);
#3466=ORIENTED_EDGE('',*,*,#2556,.F.);
#3467=ORIENTED_EDGE('',*,*,#2557,.F.);
#3468=ORIENTED_EDGE('',*,*,#2558,.T.);
#3469=ORIENTED_EDGE('',*,*,#2559,.F.);
#3470=ORIENTED_EDGE('',*,*,#2558,.F.);
#3471=ORIENTED_EDGE('',*,*,#2560,.F.);
#3472=ORIENTED_EDGE('',*,*,#2561,.T.);
#3473=ORIENTED_EDGE('',*,*,#2562,.F.);
#3474=ORIENTED_EDGE('',*,*,#2561,.F.);
#3475=ORIENTED_EDGE('',*,*,#2563,.T.);
#3476=ORIENTED_EDGE('',*,*,#2564,.T.);
#3477=ORIENTED_EDGE('',*,*,#2565,.T.);
#3478=ORIENTED_EDGE('',*,*,#2566,.T.);
#3479=ORIENTED_EDGE('',*,*,#2566,.F.);
#3480=ORIENTED_EDGE('',*,*,#2567,.F.);
#3481=ORIENTED_EDGE('',*,*,#2550,.F.);
#3482=ORIENTED_EDGE('',*,*,#2568,.T.);
#3483=ORIENTED_EDGE('',*,*,#2565,.F.);
#3484=ORIENTED_EDGE('',*,*,#2569,.F.);
#3485=ORIENTED_EDGE('',*,*,#2570,.F.);
#3486=ORIENTED_EDGE('',*,*,#2571,.F.);
#3487=ORIENTED_EDGE('',*,*,#2551,.F.);
#3488=ORIENTED_EDGE('',*,*,#2567,.T.);
#3489=ORIENTED_EDGE('',*,*,#2570,.T.);
#3490=ORIENTED_EDGE('',*,*,#2572,.T.);
#3491=ORIENTED_EDGE('',*,*,#2573,.T.);
#3492=ORIENTED_EDGE('',*,*,#2574,.T.);
#3493=ORIENTED_EDGE('',*,*,#2574,.F.);
#3494=ORIENTED_EDGE('',*,*,#2575,.F.);
#3495=ORIENTED_EDGE('',*,*,#2552,.F.);
#3496=ORIENTED_EDGE('',*,*,#2571,.T.);
#3497=ORIENTED_EDGE('',*,*,#2564,.F.);
#3498=ORIENTED_EDGE('',*,*,#2576,.T.);
#3499=ORIENTED_EDGE('',*,*,#2572,.F.);
#3500=ORIENTED_EDGE('',*,*,#2569,.T.);
#3501=ORIENTED_EDGE('',*,*,#2563,.F.);
#3502=ORIENTED_EDGE('',*,*,#2568,.F.);
#3503=ORIENTED_EDGE('',*,*,#2553,.F.);
#3504=ORIENTED_EDGE('',*,*,#2575,.T.);
#3505=ORIENTED_EDGE('',*,*,#2573,.F.);
#3506=ORIENTED_EDGE('',*,*,#2576,.F.);
#3507=ORIENTED_EDGE('',*,*,#2577,.T.);
#3508=ORIENTED_EDGE('',*,*,#2578,.T.);
#3509=ORIENTED_EDGE('',*,*,#2579,.T.);
#3510=ORIENTED_EDGE('',*,*,#2555,.T.);
#3511=ORIENTED_EDGE('',*,*,#2578,.F.);
#3512=ORIENTED_EDGE('',*,*,#2580,.F.);
#3513=ORIENTED_EDGE('',*,*,#2581,.F.);
#3514=ORIENTED_EDGE('',*,*,#2582,.F.);
#3515=ORIENTED_EDGE('',*,*,#2577,.F.);
#3516=ORIENTED_EDGE('',*,*,#2554,.T.);
#3517=ORIENTED_EDGE('',*,*,#2535,.F.);
#3518=ORIENTED_EDGE('',*,*,#2539,.T.);
#3519=ORIENTED_EDGE('',*,*,#2542,.F.);
#3520=ORIENTED_EDGE('',*,*,#2545,.T.);
#3521=ORIENTED_EDGE('',*,*,#2531,.T.);
#3522=ORIENTED_EDGE('',*,*,#2549,.T.);
#3523=ORIENTED_EDGE('',*,*,#2583,.F.);
#3524=ORIENTED_EDGE('',*,*,#2584,.T.);
#3525=ORIENTED_EDGE('',*,*,#2585,.F.);
#3526=ORIENTED_EDGE('',*,*,#2586,.T.);
#3527=ORIENTED_EDGE('',*,*,#2587,.F.);
#3528=ORIENTED_EDGE('',*,*,#2580,.T.);
#3529=ORIENTED_EDGE('',*,*,#2557,.T.);
#3530=ORIENTED_EDGE('',*,*,#2560,.T.);
#3531=ORIENTED_EDGE('',*,*,#2583,.T.);
#3532=ORIENTED_EDGE('',*,*,#2548,.T.);
#3533=ORIENTED_EDGE('',*,*,#2588,.T.);
#3534=ORIENTED_EDGE('',*,*,#2589,.T.);
#3535=ORIENTED_EDGE('',*,*,#2589,.F.);
#3536=ORIENTED_EDGE('',*,*,#2590,.F.);
#3537=ORIENTED_EDGE('',*,*,#2591,.F.);
#3538=ORIENTED_EDGE('',*,*,#2584,.F.);
#3539=ORIENTED_EDGE('',*,*,#2585,.T.);
#3540=ORIENTED_EDGE('',*,*,#2591,.T.);
#3541=ORIENTED_EDGE('',*,*,#2592,.T.);
#3542=ORIENTED_EDGE('',*,*,#2593,.T.);
#3543=ORIENTED_EDGE('',*,*,#2587,.T.);
#3544=ORIENTED_EDGE('',*,*,#2594,.T.);
#3545=ORIENTED_EDGE('',*,*,#2595,.T.);
#3546=ORIENTED_EDGE('',*,*,#2581,.T.);
#3547=ORIENTED_EDGE('',*,*,#2593,.F.);
#3548=ORIENTED_EDGE('',*,*,#2596,.F.);
#3549=ORIENTED_EDGE('',*,*,#2594,.F.);
#3550=ORIENTED_EDGE('',*,*,#2586,.F.);
#3551=ORIENTED_EDGE('',*,*,#2579,.F.);
#3552=ORIENTED_EDGE('',*,*,#2582,.T.);
#3553=ORIENTED_EDGE('',*,*,#2595,.F.);
#3554=ORIENTED_EDGE('',*,*,#2596,.T.);
#3555=ORIENTED_EDGE('',*,*,#2592,.F.);
#3556=ORIENTED_EDGE('',*,*,#2590,.T.);
#3557=ORIENTED_EDGE('',*,*,#2588,.F.);
#3558=ORIENTED_EDGE('',*,*,#2547,.T.);
#3559=ORIENTED_EDGE('',*,*,#2533,.T.);
#3560=ORIENTED_EDGE('',*,*,#2546,.T.);
#3561=ORIENTED_EDGE('',*,*,#2543,.T.);
#3562=ORIENTED_EDGE('',*,*,#2540,.T.);
#3563=ORIENTED_EDGE('',*,*,#2537,.T.);
#3564=ORIENTED_EDGE('',*,*,#2556,.T.);
#3565=ORIENTED_EDGE('',*,*,#2559,.T.);
#3566=ORIENTED_EDGE('',*,*,#2562,.T.);
#3567=ORIENTED_EDGE('',*,*,#2597,.T.);
#3568=ORIENTED_EDGE('',*,*,#2598,.T.);
#3569=ORIENTED_EDGE('',*,*,#2599,.T.);
#3570=ORIENTED_EDGE('',*,*,#2600,.F.);
#3571=ORIENTED_EDGE('',*,*,#2601,.F.);
#3572=ORIENTED_EDGE('',*,*,#2602,.T.);
#3573=ORIENTED_EDGE('',*,*,#2603,.T.);
#3574=ORIENTED_EDGE('',*,*,#2604,.T.);
#3575=ORIENTED_EDGE('',*,*,#2605,.T.);
#3576=ORIENTED_EDGE('',*,*,#2606,.T.);
#3577=ORIENTED_EDGE('',*,*,#2607,.T.);
#3578=ORIENTED_EDGE('',*,*,#2602,.F.);
#3579=ORIENTED_EDGE('',*,*,#2608,.F.);
#3580=ORIENTED_EDGE('',*,*,#2609,.T.);
#3581=ORIENTED_EDGE('',*,*,#2610,.T.);
#3582=ORIENTED_EDGE('',*,*,#2606,.F.);
#3583=ORIENTED_EDGE('',*,*,#2611,.T.);
#3584=ORIENTED_EDGE('',*,*,#2600,.T.);
#3585=ORIENTED_EDGE('',*,*,#2612,.T.);
#3586=ORIENTED_EDGE('',*,*,#2609,.F.);
#3587=ORIENTED_EDGE('',*,*,#2598,.F.);
#3588=ORIENTED_EDGE('',*,*,#2613,.T.);
#3589=ORIENTED_EDGE('',*,*,#2614,.T.);
#3590=ORIENTED_EDGE('',*,*,#2615,.T.);
#3591=ORIENTED_EDGE('',*,*,#2616,.F.);
#3592=ORIENTED_EDGE('',*,*,#2617,.F.);
#3593=ORIENTED_EDGE('',*,*,#2618,.F.);
#3594=ORIENTED_EDGE('',*,*,#2619,.F.);
#3595=ORIENTED_EDGE('',*,*,#2604,.F.);
#3596=ORIENTED_EDGE('',*,*,#2620,.T.);
#3597=ORIENTED_EDGE('',*,*,#2621,.T.);
#3598=ORIENTED_EDGE('',*,*,#2622,.T.);
#3599=ORIENTED_EDGE('',*,*,#2623,.T.);
#3600=ORIENTED_EDGE('',*,*,#2624,.T.);
#3601=ORIENTED_EDGE('',*,*,#2625,.T.);
#3602=ORIENTED_EDGE('',*,*,#2624,.F.);
#3603=ORIENTED_EDGE('',*,*,#2626,.T.);
#3604=ORIENTED_EDGE('',*,*,#2627,.T.);
#3605=ORIENTED_EDGE('',*,*,#2628,.T.);
#3606=ORIENTED_EDGE('',*,*,#2627,.F.);
#3607=ORIENTED_EDGE('',*,*,#2629,.F.);
#3608=ORIENTED_EDGE('',*,*,#2630,.F.);
#3609=ORIENTED_EDGE('',*,*,#2631,.F.);
#3610=ORIENTED_EDGE('',*,*,#2632,.F.);
#3611=ORIENTED_EDGE('',*,*,#2630,.T.);
#3612=ORIENTED_EDGE('',*,*,#2633,.F.);
#3613=ORIENTED_EDGE('',*,*,#2616,.T.);
#3614=ORIENTED_EDGE('',*,*,#2634,.T.);
#3615=ORIENTED_EDGE('',*,*,#2631,.T.);
#3616=ORIENTED_EDGE('',*,*,#2634,.F.);
#3617=ORIENTED_EDGE('',*,*,#2619,.T.);
#3618=ORIENTED_EDGE('',*,*,#2635,.T.);
#3619=ORIENTED_EDGE('',*,*,#2636,.T.);
#3620=ORIENTED_EDGE('',*,*,#2637,.T.);
#3621=ORIENTED_EDGE('',*,*,#2636,.F.);
#3622=ORIENTED_EDGE('',*,*,#2638,.F.);
#3623=ORIENTED_EDGE('',*,*,#2639,.F.);
#3624=ORIENTED_EDGE('',*,*,#2640,.F.);
#3625=ORIENTED_EDGE('',*,*,#2638,.T.);
#3626=ORIENTED_EDGE('',*,*,#2635,.F.);
#3627=ORIENTED_EDGE('',*,*,#2618,.T.);
#3628=ORIENTED_EDGE('',*,*,#2641,.T.);
#3629=ORIENTED_EDGE('',*,*,#2632,.T.);
#3630=ORIENTED_EDGE('',*,*,#2637,.F.);
#3631=ORIENTED_EDGE('',*,*,#2640,.T.);
#3632=ORIENTED_EDGE('',*,*,#2642,.F.);
#3633=ORIENTED_EDGE('',*,*,#2629,.T.);
#3634=ORIENTED_EDGE('',*,*,#2642,.T.);
#3635=ORIENTED_EDGE('',*,*,#2639,.T.);
#3636=ORIENTED_EDGE('',*,*,#2641,.F.);
#3637=ORIENTED_EDGE('',*,*,#2617,.T.);
#3638=ORIENTED_EDGE('',*,*,#2633,.T.);
#3639=ORIENTED_EDGE('',*,*,#2643,.F.);
#3640=ORIENTED_EDGE('',*,*,#2621,.F.);
#3641=ORIENTED_EDGE('',*,*,#2644,.F.);
#3642=ORIENTED_EDGE('',*,*,#2645,.F.);
#3643=ORIENTED_EDGE('',*,*,#2645,.T.);
#3644=ORIENTED_EDGE('',*,*,#2646,.T.);
#3645=ORIENTED_EDGE('',*,*,#2647,.T.);
#3646=ORIENTED_EDGE('',*,*,#2648,.T.);
#3647=ORIENTED_EDGE('',*,*,#2643,.T.);
#3648=ORIENTED_EDGE('',*,*,#2648,.F.);
#3649=ORIENTED_EDGE('',*,*,#2649,.T.);
#3650=ORIENTED_EDGE('',*,*,#2650,.F.);
#3651=ORIENTED_EDGE('',*,*,#2651,.T.);
#3652=ORIENTED_EDGE('',*,*,#2652,.F.);
#3653=ORIENTED_EDGE('',*,*,#2653,.T.);
#3654=ORIENTED_EDGE('',*,*,#2613,.F.);
#3655=ORIENTED_EDGE('',*,*,#2597,.F.);
#3656=ORIENTED_EDGE('',*,*,#2611,.F.);
#3657=ORIENTED_EDGE('',*,*,#2608,.T.);
#3658=ORIENTED_EDGE('',*,*,#2605,.F.);
#3659=ORIENTED_EDGE('',*,*,#2601,.T.);
#3660=ORIENTED_EDGE('',*,*,#2622,.F.);
#3661=ORIENTED_EDGE('',*,*,#2623,.F.);
#3662=ORIENTED_EDGE('',*,*,#2626,.F.);
#3663=ORIENTED_EDGE('',*,*,#2653,.F.);
#3664=ORIENTED_EDGE('',*,*,#2654,.F.);
#3665=ORIENTED_EDGE('',*,*,#2655,.F.);
#3666=ORIENTED_EDGE('',*,*,#2614,.F.);
#3667=ORIENTED_EDGE('',*,*,#2654,.T.);
#3668=ORIENTED_EDGE('',*,*,#2652,.T.);
#3669=ORIENTED_EDGE('',*,*,#2656,.T.);
#3670=ORIENTED_EDGE('',*,*,#2657,.T.);
#3671=ORIENTED_EDGE('',*,*,#2651,.F.);
#3672=ORIENTED_EDGE('',*,*,#2658,.F.);
#3673=ORIENTED_EDGE('',*,*,#2659,.F.);
#3674=ORIENTED_EDGE('',*,*,#2656,.F.);
#3675=ORIENTED_EDGE('',*,*,#2649,.F.);
#3676=ORIENTED_EDGE('',*,*,#2647,.F.);
#3677=ORIENTED_EDGE('',*,*,#2660,.F.);
#3678=ORIENTED_EDGE('',*,*,#2661,.F.);
#3679=ORIENTED_EDGE('',*,*,#2658,.T.);
#3680=ORIENTED_EDGE('',*,*,#2650,.T.);
#3681=ORIENTED_EDGE('',*,*,#2661,.T.);
#3682=ORIENTED_EDGE('',*,*,#2662,.T.);
#3683=ORIENTED_EDGE('',*,*,#2644,.T.);
#3684=ORIENTED_EDGE('',*,*,#2620,.F.);
#3685=ORIENTED_EDGE('',*,*,#2603,.F.);
#3686=ORIENTED_EDGE('',*,*,#2607,.F.);
#3687=ORIENTED_EDGE('',*,*,#2610,.F.);
#3688=ORIENTED_EDGE('',*,*,#2612,.F.);
#3689=ORIENTED_EDGE('',*,*,#2599,.F.);
#3690=ORIENTED_EDGE('',*,*,#2615,.F.);
#3691=ORIENTED_EDGE('',*,*,#2655,.T.);
#3692=ORIENTED_EDGE('',*,*,#2657,.F.);
#3693=ORIENTED_EDGE('',*,*,#2659,.T.);
#3694=ORIENTED_EDGE('',*,*,#2662,.F.);
#3695=ORIENTED_EDGE('',*,*,#2660,.T.);
#3696=ORIENTED_EDGE('',*,*,#2646,.F.);
#3697=ORIENTED_EDGE('',*,*,#2625,.F.);
#3698=ORIENTED_EDGE('',*,*,#2628,.F.);
#3699=ORIENTED_EDGE('',*,*,#2663,.T.);
#3700=ORIENTED_EDGE('',*,*,#2664,.T.);
#3701=ORIENTED_EDGE('',*,*,#2665,.T.);
#3702=ORIENTED_EDGE('',*,*,#2666,.T.);
#3703=ORIENTED_EDGE('',*,*,#2667,.T.);
#3704=ORIENTED_EDGE('',*,*,#2668,.F.);
#3705=ORIENTED_EDGE('',*,*,#2669,.T.);
#3706=ORIENTED_EDGE('',*,*,#2664,.F.);
#3707=ORIENTED_EDGE('',*,*,#2670,.F.);
#3708=ORIENTED_EDGE('',*,*,#2671,.T.);
#3709=ORIENTED_EDGE('',*,*,#2672,.F.);
#3710=ORIENTED_EDGE('',*,*,#2673,.F.);
#3711=ORIENTED_EDGE('',*,*,#2674,.T.);
#3712=ORIENTED_EDGE('',*,*,#2675,.F.);
#3713=ORIENTED_EDGE('',*,*,#2676,.T.);
#3714=ORIENTED_EDGE('',*,*,#2677,.F.);
#3715=ORIENTED_EDGE('',*,*,#2678,.F.);
#3716=ORIENTED_EDGE('',*,*,#2679,.T.);
#3717=ORIENTED_EDGE('',*,*,#2680,.F.);
#3718=ORIENTED_EDGE('',*,*,#2665,.F.);
#3719=ORIENTED_EDGE('',*,*,#2669,.F.);
#3720=ORIENTED_EDGE('',*,*,#2681,.T.);
#3721=ORIENTED_EDGE('',*,*,#2682,.T.);
#3722=ORIENTED_EDGE('',*,*,#2683,.T.);
#3723=ORIENTED_EDGE('',*,*,#2675,.T.);
#3724=ORIENTED_EDGE('',*,*,#2682,.F.);
#3725=ORIENTED_EDGE('',*,*,#2684,.F.);
#3726=ORIENTED_EDGE('',*,*,#2685,.T.);
#3727=ORIENTED_EDGE('',*,*,#2686,.T.);
#3728=ORIENTED_EDGE('',*,*,#2687,.T.);
#3729=ORIENTED_EDGE('',*,*,#2688,.T.);
#3730=ORIENTED_EDGE('',*,*,#2689,.T.);
#3731=ORIENTED_EDGE('',*,*,#2690,.T.);
#3732=ORIENTED_EDGE('',*,*,#2691,.T.);
#3733=ORIENTED_EDGE('',*,*,#2692,.F.);
#3734=ORIENTED_EDGE('',*,*,#2693,.T.);
#3735=ORIENTED_EDGE('',*,*,#2694,.T.);
#3736=ORIENTED_EDGE('',*,*,#2695,.F.);
#3737=ORIENTED_EDGE('',*,*,#2696,.T.);
#3738=ORIENTED_EDGE('',*,*,#2697,.F.);
#3739=ORIENTED_EDGE('',*,*,#2696,.F.);
#3740=ORIENTED_EDGE('',*,*,#2697,.T.);
#3741=ORIENTED_EDGE('',*,*,#2698,.F.);
#3742=ORIENTED_EDGE('',*,*,#2699,.F.);
#3743=ORIENTED_EDGE('',*,*,#2700,.T.);
#3744=ORIENTED_EDGE('',*,*,#2701,.F.);
#3745=ORIENTED_EDGE('',*,*,#2700,.F.);
#3746=ORIENTED_EDGE('',*,*,#2701,.T.);
#3747=ORIENTED_EDGE('',*,*,#2702,.F.);
#3748=ORIENTED_EDGE('',*,*,#2703,.F.);
#3749=ORIENTED_EDGE('',*,*,#2704,.T.);
#3750=ORIENTED_EDGE('',*,*,#2705,.T.);
#3751=ORIENTED_EDGE('',*,*,#2704,.F.);
#3752=ORIENTED_EDGE('',*,*,#2705,.F.);
#3753=ORIENTED_EDGE('',*,*,#2706,.F.);
#3754=ORIENTED_EDGE('',*,*,#2707,.F.);
#3755=ORIENTED_EDGE('',*,*,#2708,.T.);
#3756=ORIENTED_EDGE('',*,*,#2709,.T.);
#3757=ORIENTED_EDGE('',*,*,#2708,.F.);
#3758=ORIENTED_EDGE('',*,*,#2709,.F.);
#3759=ORIENTED_EDGE('',*,*,#2710,.F.);
#3760=ORIENTED_EDGE('',*,*,#2711,.F.);
#3761=ORIENTED_EDGE('',*,*,#2712,.T.);
#3762=ORIENTED_EDGE('',*,*,#2713,.F.);
#3763=ORIENTED_EDGE('',*,*,#2712,.F.);
#3764=ORIENTED_EDGE('',*,*,#2714,.F.);
#3765=ORIENTED_EDGE('',*,*,#2715,.T.);
#3766=ORIENTED_EDGE('',*,*,#2716,.F.);
#3767=ORIENTED_EDGE('',*,*,#2715,.F.);
#3768=ORIENTED_EDGE('',*,*,#2717,.T.);
#3769=ORIENTED_EDGE('',*,*,#2718,.T.);
#3770=ORIENTED_EDGE('',*,*,#2719,.T.);
#3771=ORIENTED_EDGE('',*,*,#2720,.T.);
#3772=ORIENTED_EDGE('',*,*,#2719,.F.);
#3773=ORIENTED_EDGE('',*,*,#2721,.F.);
#3774=ORIENTED_EDGE('',*,*,#2689,.F.);
#3775=ORIENTED_EDGE('',*,*,#2722,.T.);
#3776=ORIENTED_EDGE('',*,*,#2723,.F.);
#3777=ORIENTED_EDGE('',*,*,#2716,.T.);
#3778=ORIENTED_EDGE('',*,*,#2724,.T.);
#3779=ORIENTED_EDGE('',*,*,#2725,.T.);
#3780=ORIENTED_EDGE('',*,*,#2726,.T.);
#3781=ORIENTED_EDGE('',*,*,#2727,.T.);
#3782=ORIENTED_EDGE('',*,*,#2727,.F.);
#3783=ORIENTED_EDGE('',*,*,#2728,.T.);
#3784=ORIENTED_EDGE('',*,*,#2686,.F.);
#3785=ORIENTED_EDGE('',*,*,#2729,.F.);
#3786=ORIENTED_EDGE('',*,*,#2726,.F.);
#3787=ORIENTED_EDGE('',*,*,#2730,.F.);
#3788=ORIENTED_EDGE('',*,*,#2731,.T.);
#3789=ORIENTED_EDGE('',*,*,#2687,.F.);
#3790=ORIENTED_EDGE('',*,*,#2728,.F.);
#3791=ORIENTED_EDGE('',*,*,#2711,.T.);
#3792=ORIENTED_EDGE('',*,*,#2732,.T.);
#3793=ORIENTED_EDGE('',*,*,#2733,.T.);
#3794=ORIENTED_EDGE('',*,*,#2684,.T.);
#3795=ORIENTED_EDGE('',*,*,#2681,.F.);
#3796=ORIENTED_EDGE('',*,*,#2674,.F.);
#3797=ORIENTED_EDGE('',*,*,#2673,.T.);
#3798=ORIENTED_EDGE('',*,*,#2724,.F.);
#3799=ORIENTED_EDGE('',*,*,#2729,.T.);
#3800=ORIENTED_EDGE('',*,*,#2685,.F.);
#3801=ORIENTED_EDGE('',*,*,#2733,.F.);
#3802=ORIENTED_EDGE('',*,*,#2734,.F.);
#3803=ORIENTED_EDGE('',*,*,#2713,.T.);
#3804=ORIENTED_EDGE('',*,*,#2692,.T.);
#3805=ORIENTED_EDGE('',*,*,#2735,.T.);
#3806=ORIENTED_EDGE('',*,*,#2736,.T.);
#3807=ORIENTED_EDGE('',*,*,#2677,.T.);
#3808=ORIENTED_EDGE('',*,*,#2676,.F.);
#3809=ORIENTED_EDGE('',*,*,#2683,.F.);
#3810=ORIENTED_EDGE('',*,*,#2717,.F.);
#3811=ORIENTED_EDGE('',*,*,#2737,.F.);
#3812=ORIENTED_EDGE('',*,*,#2735,.F.);
#3813=ORIENTED_EDGE('',*,*,#2691,.F.);
#3814=ORIENTED_EDGE('',*,*,#2738,.T.);
#3815=ORIENTED_EDGE('',*,*,#2714,.T.);
#3816=ORIENTED_EDGE('',*,*,#2739,.F.);
#3817=ORIENTED_EDGE('',*,*,#2722,.F.);
#3818=ORIENTED_EDGE('',*,*,#2688,.F.);
#3819=ORIENTED_EDGE('',*,*,#2731,.F.);
#3820=ORIENTED_EDGE('',*,*,#2718,.F.);
#3821=ORIENTED_EDGE('',*,*,#2738,.F.);
#3822=ORIENTED_EDGE('',*,*,#2690,.F.);
#3823=ORIENTED_EDGE('',*,*,#2721,.T.);
#3824=ORIENTED_EDGE('',*,*,#2693,.F.);
#3825=ORIENTED_EDGE('',*,*,#2740,.T.);
#3826=ORIENTED_EDGE('',*,*,#2710,.T.);
#3827=ORIENTED_EDGE('',*,*,#2740,.F.);
#3828=ORIENTED_EDGE('',*,*,#2694,.F.);
#3829=ORIENTED_EDGE('',*,*,#2741,.T.);
#3830=ORIENTED_EDGE('',*,*,#2706,.T.);
#3831=ORIENTED_EDGE('',*,*,#2741,.F.);
#3832=ORIENTED_EDGE('',*,*,#2742,.T.);
#3833=ORIENTED_EDGE('',*,*,#2743,.T.);
#3834=ORIENTED_EDGE('',*,*,#2744,.T.);
#3835=ORIENTED_EDGE('',*,*,#2743,.F.);
#3836=ORIENTED_EDGE('',*,*,#2745,.T.);
#3837=ORIENTED_EDGE('',*,*,#2746,.T.);
#3838=ORIENTED_EDGE('',*,*,#2747,.T.);
#3839=ORIENTED_EDGE('',*,*,#2746,.F.);
#3840=ORIENTED_EDGE('',*,*,#2748,.F.);
#3841=ORIENTED_EDGE('',*,*,#2749,.F.);
#3842=ORIENTED_EDGE('',*,*,#2750,.F.);
#3843=ORIENTED_EDGE('',*,*,#2751,.F.);
#3844=ORIENTED_EDGE('',*,*,#2752,.T.);
#3845=ORIENTED_EDGE('',*,*,#2753,.F.);
#3846=ORIENTED_EDGE('',*,*,#2754,.T.);
#3847=ORIENTED_EDGE('',*,*,#2755,.F.);
#3848=ORIENTED_EDGE('',*,*,#2756,.F.);
#3849=ORIENTED_EDGE('',*,*,#2757,.F.);
#3850=ORIENTED_EDGE('',*,*,#2749,.T.);
#3851=ORIENTED_EDGE('',*,*,#2758,.F.);
#3852=ORIENTED_EDGE('',*,*,#2759,.T.);
#3853=ORIENTED_EDGE('',*,*,#2678,.T.);
#3854=ORIENTED_EDGE('',*,*,#2736,.F.);
#3855=ORIENTED_EDGE('',*,*,#2737,.T.);
#3856=ORIENTED_EDGE('',*,*,#2720,.F.);
#3857=ORIENTED_EDGE('',*,*,#2723,.T.);
#3858=ORIENTED_EDGE('',*,*,#2739,.T.);
#3859=ORIENTED_EDGE('',*,*,#2730,.T.);
#3860=ORIENTED_EDGE('',*,*,#2725,.F.);
#3861=ORIENTED_EDGE('',*,*,#2734,.T.);
#3862=ORIENTED_EDGE('',*,*,#2732,.F.);
#3863=ORIENTED_EDGE('',*,*,#2672,.T.);
#3864=ORIENTED_EDGE('',*,*,#2703,.T.);
#3865=ORIENTED_EDGE('',*,*,#2707,.T.);
#3866=ORIENTED_EDGE('',*,*,#2760,.F.);
#3867=ORIENTED_EDGE('',*,*,#2699,.T.);
#3868=ORIENTED_EDGE('',*,*,#2695,.T.);
#3869=ORIENTED_EDGE('',*,*,#2750,.T.);
#3870=ORIENTED_EDGE('',*,*,#2757,.T.);
#3871=ORIENTED_EDGE('',*,*,#2761,.F.);
#3872=ORIENTED_EDGE('',*,*,#2762,.T.);
#3873=ORIENTED_EDGE('',*,*,#2763,.T.);
#3874=ORIENTED_EDGE('',*,*,#2747,.F.);
#3875=ORIENTED_EDGE('',*,*,#2764,.F.);
#3876=ORIENTED_EDGE('',*,*,#2765,.F.);
#3877=ORIENTED_EDGE('',*,*,#2766,.F.);
#3878=ORIENTED_EDGE('',*,*,#2754,.F.);
#3879=ORIENTED_EDGE('',*,*,#2765,.T.);
#3880=ORIENTED_EDGE('',*,*,#2767,.T.);
#3881=ORIENTED_EDGE('',*,*,#2768,.T.);
#3882=ORIENTED_EDGE('',*,*,#2769,.F.);
#3883=ORIENTED_EDGE('',*,*,#2766,.T.);
#3884=ORIENTED_EDGE('',*,*,#2769,.T.);
#3885=ORIENTED_EDGE('',*,*,#2770,.T.);
#3886=ORIENTED_EDGE('',*,*,#2771,.F.);
#3887=ORIENTED_EDGE('',*,*,#2755,.T.);
#3888=ORIENTED_EDGE('',*,*,#2742,.F.);
#3889=ORIENTED_EDGE('',*,*,#2752,.F.);
#3890=ORIENTED_EDGE('',*,*,#2671,.F.);
#3891=ORIENTED_EDGE('',*,*,#2670,.T.);
#3892=ORIENTED_EDGE('',*,*,#2663,.F.);
#3893=ORIENTED_EDGE('',*,*,#2772,.F.);
#3894=ORIENTED_EDGE('',*,*,#2773,.F.);
#3895=ORIENTED_EDGE('',*,*,#2764,.T.);
#3896=ORIENTED_EDGE('',*,*,#2753,.T.);
#3897=ORIENTED_EDGE('',*,*,#2773,.T.);
#3898=ORIENTED_EDGE('',*,*,#2774,.T.);
#3899=ORIENTED_EDGE('',*,*,#2767,.F.);
#3900=ORIENTED_EDGE('',*,*,#2744,.F.);
#3901=ORIENTED_EDGE('',*,*,#2679,.F.);
#3902=ORIENTED_EDGE('',*,*,#2759,.F.);
#3903=ORIENTED_EDGE('',*,*,#2775,.F.);
#3904=ORIENTED_EDGE('',*,*,#2776,.F.);
#3905=ORIENTED_EDGE('',*,*,#2666,.F.);
#3906=ORIENTED_EDGE('',*,*,#2680,.T.);
#3907=ORIENTED_EDGE('',*,*,#2748,.T.);
#3908=ORIENTED_EDGE('',*,*,#2777,.F.);
#3909=ORIENTED_EDGE('',*,*,#2778,.T.);
#3910=ORIENTED_EDGE('',*,*,#2775,.T.);
#3911=ORIENTED_EDGE('',*,*,#2758,.T.);
#3912=ORIENTED_EDGE('',*,*,#2745,.F.);
#3913=ORIENTED_EDGE('',*,*,#2756,.T.);
#3914=ORIENTED_EDGE('',*,*,#2771,.T.);
#3915=ORIENTED_EDGE('',*,*,#2779,.T.);
#3916=ORIENTED_EDGE('',*,*,#2761,.T.);
#3917=ORIENTED_EDGE('',*,*,#2667,.F.);
#3918=ORIENTED_EDGE('',*,*,#2776,.T.);
#3919=ORIENTED_EDGE('',*,*,#2778,.F.);
#3920=ORIENTED_EDGE('',*,*,#2780,.F.);
#3921=ORIENTED_EDGE('',*,*,#2762,.F.);
#3922=ORIENTED_EDGE('',*,*,#2779,.F.);
#3923=ORIENTED_EDGE('',*,*,#2770,.F.);
#3924=ORIENTED_EDGE('',*,*,#2768,.F.);
#3925=ORIENTED_EDGE('',*,*,#2774,.F.);
#3926=ORIENTED_EDGE('',*,*,#2772,.T.);
#3927=ORIENTED_EDGE('',*,*,#2781,.F.);
#3928=ORIENTED_EDGE('',*,*,#2782,.F.);
#3929=ORIENTED_EDGE('',*,*,#2751,.T.);
#3930=ORIENTED_EDGE('',*,*,#2763,.F.);
#3931=ORIENTED_EDGE('',*,*,#2780,.T.);
#3932=ORIENTED_EDGE('',*,*,#2777,.T.);
#3933=ORIENTED_EDGE('',*,*,#2782,.T.);
#3934=ORIENTED_EDGE('',*,*,#2783,.T.);
#3935=ORIENTED_EDGE('',*,*,#2698,.T.);
#3936=ORIENTED_EDGE('',*,*,#2783,.F.);
#3937=ORIENTED_EDGE('',*,*,#2781,.T.);
#3938=ORIENTED_EDGE('',*,*,#2784,.T.);
#3939=ORIENTED_EDGE('',*,*,#2702,.T.);
#3940=ORIENTED_EDGE('',*,*,#2784,.F.);
#3941=ORIENTED_EDGE('',*,*,#2760,.T.);
#3942=ORIENTED_EDGE('',*,*,#2785,.T.);
#3943=ORIENTED_EDGE('',*,*,#2786,.T.);
#3944=ORIENTED_EDGE('',*,*,#2785,.F.);
#3945=ORIENTED_EDGE('',*,*,#2668,.T.);
#3946=ORIENTED_EDGE('',*,*,#2786,.F.);
#3947=CYLINDRICAL_SURFACE('',#4335,1.54999999999999);
#3948=CYLINDRICAL_SURFACE('',#4338,1.54999999999999);
#3949=CYLINDRICAL_SURFACE('',#4343,56.6666666666667);
#3950=CYLINDRICAL_SURFACE('',#4364,1.55000000000001);
#3951=CYLINDRICAL_SURFACE('',#4366,1.55000000000001);
#3952=CYLINDRICAL_SURFACE('',#4390,10.);
#3953=CYLINDRICAL_SURFACE('',#4392,3.5);
#3954=CYLINDRICAL_SURFACE('',#4394,10.);
#3955=CYLINDRICAL_SURFACE('',#4397,3.5);
#3956=CYLINDRICAL_SURFACE('',#4398,1.54999999999999);
#3957=CYLINDRICAL_SURFACE('',#4400,1.54999999999999);
#3958=CYLINDRICAL_SURFACE('',#4404,4.);
#3959=CYLINDRICAL_SURFACE('',#4423,1.55000000000001);
#3960=CYLINDRICAL_SURFACE('',#4425,1.55000000000001);
#3961=CYLINDRICAL_SURFACE('',#4449,10.);
#3962=CYLINDRICAL_SURFACE('',#4451,3.5);
#3963=CYLINDRICAL_SURFACE('',#4453,10.);
#3964=CYLINDRICAL_SURFACE('',#4456,3.5);
#3965=CYLINDRICAL_SURFACE('',#4457,1.54999999999999);
#3966=CYLINDRICAL_SURFACE('',#4459,1.54999999999999);
#3967=CYLINDRICAL_SURFACE('',#4463,4.);
#3968=CYLINDRICAL_SURFACE('',#4470,1.54999999999999);
#3969=CYLINDRICAL_SURFACE('',#4473,1.54999999999999);
#3970=CYLINDRICAL_SURFACE('',#4478,56.6666666666667);
#3971=CYLINDRICAL_SURFACE('',#4487,3.1);
#3972=CYLINDRICAL_SURFACE('',#4492,3.09999999999999);
#3973=CYLINDRICAL_SURFACE('',#4497,1.54999999999999);
#3974=CYLINDRICAL_SURFACE('',#4499,1.54999999999999);
#3975=CYLINDRICAL_SURFACE('',#4504,3.5);
#3976=CYLINDRICAL_SURFACE('',#4515,4.);
#3977=CYLINDRICAL_SURFACE('',#4516,1.54999999999999);
#3978=CYLINDRICAL_SURFACE('',#4519,3.1);
#3979=CYLINDRICAL_SURFACE('',#4524,3.09999999999999);
#3980=CYLINDRICAL_SURFACE('',#4529,1.54999999999999);
#3981=CYLINDRICAL_SURFACE('',#4531,1.54999999999999);
#3982=CYLINDRICAL_SURFACE('',#4536,3.5);
#3983=CYLINDRICAL_SURFACE('',#4547,4.);
#3984=CYLINDRICAL_SURFACE('',#4548,1.54999999999999);
#3985=CYLINDRICAL_SURFACE('',#4558,1.54999999999999);
#3986=CYLINDRICAL_SURFACE('',#4561,1.55);
#3987=CYLINDRICAL_SURFACE('',#4564,1.25);
#3988=CYLINDRICAL_SURFACE('',#4570,1.25);
#3989=CYLINDRICAL_SURFACE('',#4575,3.1);
#3990=CYLINDRICAL_SURFACE('',#4583,3.1);
#3991=CYLINDRICAL_SURFACE('',#4586,3.1);
#3992=CYLINDRICAL_SURFACE('',#4588,3.1);
#3993=CYLINDRICAL_SURFACE('',#4600,1.54999999999999);
#3994=CYLINDRICAL_SURFACE('',#4603,1.55);
#3995=CYLINDRICAL_SURFACE('',#4606,1.25);
#3996=CYLINDRICAL_SURFACE('',#4612,1.25);
#3997=CYLINDRICAL_SURFACE('',#4617,3.1);
#3998=CYLINDRICAL_SURFACE('',#4625,3.1);
#3999=CYLINDRICAL_SURFACE('',#4628,3.1);
#4000=CYLINDRICAL_SURFACE('',#4630,3.1);
#4001=CYLINDRICAL_SURFACE('',#4648,3.1);
#4002=CYLINDRICAL_SURFACE('',#4653,3.1);
#4003=CYLINDRICAL_SURFACE('',#4658,3.1);
#4004=CYLINDRICAL_SURFACE('',#4663,3.1);
#4005=CYLINDRICAL_SURFACE('',#4668,1.64999999999999);
#4006=CYLINDRICAL_SURFACE('',#4671,1.64999999999999);
#4007=CYLINDRICAL_SURFACE('',#4683,1.55000000000001);
#4008=CYLINDRICAL_SURFACE('',#4684,1.55000000000001);
#4009=CYLINDRICAL_SURFACE('',#4685,1.64999999999999);
#4010=CYLINDRICAL_SURFACE('',#4688,1.64999999999999);
#4011=CYLINDRICAL_SURFACE('',#4705,1.55000000000001);
#4012=CYLINDRICAL_SURFACE('',#4706,1.55000000000001);
#4013=ADVANCED_FACE('',(#339),#3947,.F.);
#4014=ADVANCED_FACE('',(#340),#3948,.F.);
#4015=ADVANCED_FACE('',(#341),#191,.F.);
#4016=ADVANCED_FACE('',(#342),#3949,.T.);
#4017=ADVANCED_FACE('',(#343),#192,.F.);
#4018=ADVANCED_FACE('',(#344),#193,.F.);
#4019=ADVANCED_FACE('',(#345),#194,.F.);
#4020=ADVANCED_FACE('',(#346,#115,#116),#195,.F.);
#4021=ADVANCED_FACE('',(#347,#117,#118),#196,.T.);
#4022=ADVANCED_FACE('',(#348),#197,.F.);
#4023=ADVANCED_FACE('',(#349),#198,.F.);
#4024=ADVANCED_FACE('',(#350),#199,.F.);
#4025=ADVANCED_FACE('',(#351),#200,.F.);
#4026=ADVANCED_FACE('',(#352),#201,.T.);
#4027=ADVANCED_FACE('',(#353),#202,.T.);
#4028=ADVANCED_FACE('',(#354),#203,.F.);
#4029=ADVANCED_FACE('',(#355),#204,.F.);
#4030=ADVANCED_FACE('',(#356,#119),#205,.T.);
#4031=ADVANCED_FACE('',(#357,#120),#206,.T.);
#4032=ADVANCED_FACE('',(#358),#207,.F.);
#4033=ADVANCED_FACE('',(#359),#3950,.F.);
#4034=ADVANCED_FACE('',(#360),#3951,.F.);
#4035=ADVANCED_FACE('',(#361,#121),#208,.F.);
#4036=ADVANCED_FACE('',(#362),#209,.F.);
#4037=ADVANCED_FACE('',(#363,#122),#210,.T.);
#4038=ADVANCED_FACE('',(#364,#123),#211,.F.);
#4039=ADVANCED_FACE('',(#365),#212,.F.);
#4040=ADVANCED_FACE('',(#366,#124),#213,.F.);
#4041=ADVANCED_FACE('',(#367),#214,.T.);
#4042=ADVANCED_FACE('',(#368),#215,.F.);
#4043=ADVANCED_FACE('',(#369),#3952,.F.);
#4044=ADVANCED_FACE('',(#370),#3953,.T.);
#4045=ADVANCED_FACE('',(#371),#3954,.F.);
#4046=ADVANCED_FACE('',(#372,#125),#216,.F.);
#4047=ADVANCED_FACE('',(#373),#217,.F.);
#4048=ADVANCED_FACE('',(#374),#3955,.T.);
#4049=ADVANCED_FACE('',(#375),#3956,.F.);
#4050=ADVANCED_FACE('',(#376),#218,.T.);
#4051=ADVANCED_FACE('',(#377),#3957,.F.);
#4052=ADVANCED_FACE('',(#378),#219,.T.);
#4053=ADVANCED_FACE('',(#379),#220,.T.);
#4054=ADVANCED_FACE('',(#380),#3958,.F.);
#4055=ADVANCED_FACE('',(#381),#221,.T.);
#4056=ADVANCED_FACE('',(#382),#222,.T.);
#4057=ADVANCED_FACE('',(#383,#126),#223,.T.);
#4058=ADVANCED_FACE('',(#384,#127),#224,.T.);
#4059=ADVANCED_FACE('',(#385),#225,.T.);
#4060=ADVANCED_FACE('',(#386),#226,.T.);
#4061=ADVANCED_FACE('',(#387),#227,.T.);
#4062=ADVANCED_FACE('',(#388),#228,.F.);
#4063=ADVANCED_FACE('',(#389),#229,.F.);
#4064=ADVANCED_FACE('',(#390),#230,.T.);
#4065=ADVANCED_FACE('',(#391),#231,.T.);
#4066=ADVANCED_FACE('',(#392,#128),#232,.F.);
#4067=ADVANCED_FACE('',(#393,#129),#233,.F.);
#4068=ADVANCED_FACE('',(#394),#234,.T.);
#4069=ADVANCED_FACE('',(#395),#3959,.F.);
#4070=ADVANCED_FACE('',(#396),#3960,.F.);
#4071=ADVANCED_FACE('',(#397,#130),#235,.T.);
#4072=ADVANCED_FACE('',(#398),#236,.T.);
#4073=ADVANCED_FACE('',(#399,#131),#237,.F.);
#4074=ADVANCED_FACE('',(#400,#132),#238,.T.);
#4075=ADVANCED_FACE('',(#401),#239,.T.);
#4076=ADVANCED_FACE('',(#402,#133),#240,.T.);
#4077=ADVANCED_FACE('',(#403),#241,.F.);
#4078=ADVANCED_FACE('',(#404),#242,.T.);
#4079=ADVANCED_FACE('',(#405),#3961,.F.);
#4080=ADVANCED_FACE('',(#406),#3962,.T.);
#4081=ADVANCED_FACE('',(#407),#3963,.F.);
#4082=ADVANCED_FACE('',(#408,#134),#243,.T.);
#4083=ADVANCED_FACE('',(#409),#244,.T.);
#4084=ADVANCED_FACE('',(#410),#3964,.T.);
#4085=ADVANCED_FACE('',(#411),#3965,.F.);
#4086=ADVANCED_FACE('',(#412),#245,.F.);
#4087=ADVANCED_FACE('',(#413),#3966,.F.);
#4088=ADVANCED_FACE('',(#414),#246,.F.);
#4089=ADVANCED_FACE('',(#415),#247,.F.);
#4090=ADVANCED_FACE('',(#416),#3967,.F.);
#4091=ADVANCED_FACE('',(#417),#248,.F.);
#4092=ADVANCED_FACE('',(#418),#249,.F.);
#4093=ADVANCED_FACE('',(#419,#135),#250,.F.);
#4094=ADVANCED_FACE('',(#420,#136),#251,.F.);
#4095=ADVANCED_FACE('',(#421),#3968,.F.);
#4096=ADVANCED_FACE('',(#422),#3969,.F.);
#4097=ADVANCED_FACE('',(#423),#252,.T.);
#4098=ADVANCED_FACE('',(#424),#3970,.T.);
#4099=ADVANCED_FACE('',(#425),#253,.T.);
#4100=ADVANCED_FACE('',(#426),#254,.T.);
#4101=ADVANCED_FACE('',(#427),#255,.T.);
#4102=ADVANCED_FACE('',(#428,#137,#138),#256,.T.);
#4103=ADVANCED_FACE('',(#429,#139,#140),#257,.F.);
#4104=ADVANCED_FACE('',(#430),#258,.T.);
#4105=ADVANCED_FACE('',(#431),#3971,.F.);
#4106=ADVANCED_FACE('',(#432,#141),#259,.T.);
#4107=ADVANCED_FACE('',(#433),#3972,.F.);
#4108=ADVANCED_FACE('',(#434,#142),#260,.T.);
#4109=ADVANCED_FACE('',(#435),#3973,.F.);
#4110=ADVANCED_FACE('',(#436),#3974,.F.);
#4111=ADVANCED_FACE('',(#437,#143),#261,.F.);
#4112=ADVANCED_FACE('',(#438),#3975,.T.);
#4113=ADVANCED_FACE('',(#439),#262,.T.);
#4114=ADVANCED_FACE('',(#440,#144,#145),#263,.T.);
#4115=ADVANCED_FACE('',(#441,#146),#264,.T.);
#4116=ADVANCED_FACE('',(#442,#147,#148,#149),#265,.T.);
#4117=ADVANCED_FACE('',(#443),#266,.T.);
#4118=ADVANCED_FACE('',(#444),#267,.T.);
#4119=ADVANCED_FACE('',(#445),#3976,.F.);
#4120=ADVANCED_FACE('',(#446),#3977,.F.);
#4121=ADVANCED_FACE('',(#447),#268,.T.);
#4122=ADVANCED_FACE('',(#448),#3978,.F.);
#4123=ADVANCED_FACE('',(#449,#150),#269,.F.);
#4124=ADVANCED_FACE('',(#450),#3979,.F.);
#4125=ADVANCED_FACE('',(#451,#151),#270,.F.);
#4126=ADVANCED_FACE('',(#452),#3980,.F.);
#4127=ADVANCED_FACE('',(#453),#3981,.F.);
#4128=ADVANCED_FACE('',(#454,#152),#271,.T.);
#4129=ADVANCED_FACE('',(#455),#3982,.T.);
#4130=ADVANCED_FACE('',(#456),#272,.F.);
#4131=ADVANCED_FACE('',(#457,#153,#154),#273,.F.);
#4132=ADVANCED_FACE('',(#458,#155),#274,.F.);
#4133=ADVANCED_FACE('',(#459,#156,#157,#158),#275,.F.);
#4134=ADVANCED_FACE('',(#460),#276,.F.);
#4135=ADVANCED_FACE('',(#461),#277,.F.);
#4136=ADVANCED_FACE('',(#462),#3983,.F.);
#4137=ADVANCED_FACE('',(#463),#3984,.F.);
#4138=ADVANCED_FACE('',(#464),#278,.F.);
#4139=ADVANCED_FACE('',(#465),#279,.T.);
#4140=ADVANCED_FACE('',(#466),#280,.T.);
#4141=ADVANCED_FACE('',(#467),#281,.T.);
#4142=ADVANCED_FACE('',(#468),#282,.T.);
#4143=ADVANCED_FACE('',(#469),#283,.T.);
#4144=ADVANCED_FACE('',(#470,#159),#284,.T.);
#4145=ADVANCED_FACE('',(#471),#285,.T.);
#4146=ADVANCED_FACE('',(#472),#3985,.F.);
#4147=ADVANCED_FACE('',(#473),#3986,.F.);
#4148=ADVANCED_FACE('',(#474),#3987,.T.);
#4149=ADVANCED_FACE('',(#475),#286,.T.);
#4150=ADVANCED_FACE('',(#476),#287,.T.);
#4151=ADVANCED_FACE('',(#477),#3988,.T.);
#4152=ADVANCED_FACE('',(#478),#288,.T.);
#4153=ADVANCED_FACE('',(#479),#289,.T.);
#4154=ADVANCED_FACE('',(#480),#290,.T.);
#4155=ADVANCED_FACE('',(#481),#3989,.T.);
#4156=ADVANCED_FACE('',(#482),#291,.T.);
#4157=ADVANCED_FACE('',(#483,#160,#161),#292,.T.);
#4158=ADVANCED_FACE('',(#484),#3990,.T.);
#4159=ADVANCED_FACE('',(#485),#293,.T.);
#4160=ADVANCED_FACE('',(#486),#3991,.T.);
#4161=ADVANCED_FACE('',(#487),#3992,.T.);
#4162=ADVANCED_FACE('',(#488),#294,.T.);
#4163=ADVANCED_FACE('',(#489,#162,#163),#295,.F.);
#4164=ADVANCED_FACE('',(#490),#296,.F.);
#4165=ADVANCED_FACE('',(#491),#297,.F.);
#4166=ADVANCED_FACE('',(#492),#298,.F.);
#4167=ADVANCED_FACE('',(#493),#299,.F.);
#4168=ADVANCED_FACE('',(#494),#300,.F.);
#4169=ADVANCED_FACE('',(#495,#164),#301,.F.);
#4170=ADVANCED_FACE('',(#496),#302,.F.);
#4171=ADVANCED_FACE('',(#497),#3993,.F.);
#4172=ADVANCED_FACE('',(#498),#3994,.F.);
#4173=ADVANCED_FACE('',(#499),#3995,.T.);
#4174=ADVANCED_FACE('',(#500),#303,.F.);
#4175=ADVANCED_FACE('',(#501),#304,.F.);
#4176=ADVANCED_FACE('',(#502),#3996,.T.);
#4177=ADVANCED_FACE('',(#503),#305,.F.);
#4178=ADVANCED_FACE('',(#504),#306,.F.);
#4179=ADVANCED_FACE('',(#505),#307,.F.);
#4180=ADVANCED_FACE('',(#506),#3997,.T.);
#4181=ADVANCED_FACE('',(#507),#308,.F.);
#4182=ADVANCED_FACE('',(#508,#165,#166),#309,.F.);
#4183=ADVANCED_FACE('',(#509),#3998,.T.);
#4184=ADVANCED_FACE('',(#510),#310,.F.);
#4185=ADVANCED_FACE('',(#511),#3999,.T.);
#4186=ADVANCED_FACE('',(#512),#4000,.T.);
#4187=ADVANCED_FACE('',(#513),#311,.F.);
#4188=ADVANCED_FACE('',(#514,#167,#168),#312,.T.);
#4189=ADVANCED_FACE('',(#515),#73,.F.);
#4190=ADVANCED_FACE('',(#516),#47,.T.);
#4191=ADVANCED_FACE('',(#517),#74,.F.);
#4192=ADVANCED_FACE('',(#518,#169,#170),#313,.T.);
#4193=ADVANCED_FACE('',(#519),#4001,.F.);
#4194=ADVANCED_FACE('',(#520,#171),#314,.F.);
#4195=ADVANCED_FACE('',(#521),#4002,.F.);
#4196=ADVANCED_FACE('',(#522,#172),#315,.F.);
#4197=ADVANCED_FACE('',(#523),#4003,.F.);
#4198=ADVANCED_FACE('',(#524,#173),#316,.T.);
#4199=ADVANCED_FACE('',(#525),#4004,.F.);
#4200=ADVANCED_FACE('',(#526,#174),#317,.T.);
#4201=ADVANCED_FACE('',(#527),#4005,.F.);
#4202=ADVANCED_FACE('',(#528),#4006,.F.);
#4203=ADVANCED_FACE('',(#529),#318,.T.);
#4204=ADVANCED_FACE('',(#530,#175),#319,.F.);
#4205=ADVANCED_FACE('',(#531),#320,.T.);
#4206=ADVANCED_FACE('',(#532),#321,.F.);
#4207=ADVANCED_FACE('',(#533,#176),#322,.F.);
#4208=ADVANCED_FACE('',(#534),#43,.T.);
#4209=ADVANCED_FACE('',(#535,#177),#323,.T.);
#4210=ADVANCED_FACE('',(#536),#44,.T.);
#4211=ADVANCED_FACE('',(#537,#178),#324,.T.);
#4212=ADVANCED_FACE('',(#538),#325,.F.);
#4213=ADVANCED_FACE('',(#539),#326,.F.);
#4214=ADVANCED_FACE('',(#540),#4007,.F.);
#4215=ADVANCED_FACE('',(#541),#4008,.F.);
#4216=ADVANCED_FACE('',(#542),#4009,.F.);
#4217=ADVANCED_FACE('',(#543),#4010,.F.);
#4218=ADVANCED_FACE('',(#544),#327,.F.);
#4219=ADVANCED_FACE('',(#545,#179,#180,#181,#182,#183),#328,.F.);
#4220=ADVANCED_FACE('',(#546,#184),#329,.T.);
#4221=ADVANCED_FACE('',(#547),#330,.F.);
#4222=ADVANCED_FACE('',(#548),#331,.T.);
#4223=ADVANCED_FACE('',(#549,#185),#332,.T.);
#4224=ADVANCED_FACE('',(#550),#45,.F.);
#4225=ADVANCED_FACE('',(#551,#186),#333,.F.);
#4226=ADVANCED_FACE('',(#552),#46,.F.);
#4227=ADVANCED_FACE('',(#553,#187),#334,.F.);
#4228=ADVANCED_FACE('',(#554),#335,.T.);
#4229=ADVANCED_FACE('',(#555,#188,#189),#336,.F.);
#4230=ADVANCED_FACE('',(#556),#337,.T.);
#4231=ADVANCED_FACE('',(#557),#4011,.F.);
#4232=ADVANCED_FACE('',(#558),#4012,.F.);
#4233=ADVANCED_FACE('',(#559),#48,.F.);
#4234=ADVANCED_FACE('',(#560,#190),#338,.T.);
#4235=CLOSED_SHELL('',(#4013,#4014,#4015,#4016,#4017,#4018,#4019,#4020,
#4021,#4022));
#4236=CLOSED_SHELL('',(#4023,#4024,#4025,#4026,#4027,#4028,#4029,#4030,
#4031,#4032,#4033,#4034,#4035,#4036,#4037,#4038,#4039,#4040,#4041,#4042,
#4043,#4044,#4045,#4046,#4047,#4048,#4049,#4050,#4051,#4052,#4053,#4054,
#4055,#4056,#4057,#4058));
#4237=CLOSED_SHELL('',(#4059,#4060,#4061,#4062,#4063,#4064,#4065,#4066,
#4067,#4068,#4069,#4070,#4071,#4072,#4073,#4074,#4075,#4076,#4077,#4078,
#4079,#4080,#4081,#4082,#4083,#4084,#4085,#4086,#4087,#4088,#4089,#4090,
#4091,#4092,#4093,#4094));
#4238=CLOSED_SHELL('',(#4095,#4096,#4097,#4098,#4099,#4100,#4101,#4102,
#4103,#4104));
#4239=CLOSED_SHELL('',(#4105,#4106,#4107,#4108,#4109,#4110,#4111,#4112,
#4113,#4114,#4115,#4116,#4117,#4118,#4119,#4120,#4121));
#4240=CLOSED_SHELL('',(#4122,#4123,#4124,#4125,#4126,#4127,#4128,#4129,
#4130,#4131,#4132,#4133,#4134,#4135,#4136,#4137,#4138));
#4241=CLOSED_SHELL('',(#4139,#4140,#4141,#4142,#4143,#4144,#4145,#4146,
#4147,#4148,#4149,#4150,#4151,#4152,#4153,#4154,#4155,#4156,#4157,#4158,
#4159,#4160,#4161,#4162,#4163));
#4242=CLOSED_SHELL('',(#4164,#4165,#4166,#4167,#4168,#4169,#4170,#4171,
#4172,#4173,#4174,#4175,#4176,#4177,#4178,#4179,#4180,#4181,#4182,#4183,
#4184,#4185,#4186,#4187,#4188));
#4243=CLOSED_SHELL('',(#4189,#4190,#4191,#4192,#4193,#4194,#4195,#4196,
#4197,#4198,#4199,#4200,#4201,#4202,#4203,#4204,#4205,#4206,#4207,#4208,
#4209,#4210,#4211,#4212,#4213,#4214,#4215,#4216,#4217,#4218,#4219,#4220,
#4221,#4222,#4223,#4224,#4225,#4226,#4227,#4228,#4229,#4230,#4231,#4232,
#4233,#4234));
#4244=DERIVED_UNIT_ELEMENT(#4260,1.);
#4245=DERIVED_UNIT_ELEMENT(#7392,-3.);
#4246=DERIVED_UNIT_ELEMENT(#4260,1.);
#4247=DERIVED_UNIT_ELEMENT(#7392,-3.);
#4248=DERIVED_UNIT_ELEMENT(#4260,1.);
#4249=DERIVED_UNIT_ELEMENT(#7392,-3.);
#4250=DERIVED_UNIT_ELEMENT(#4260,1.);
#4251=DERIVED_UNIT_ELEMENT(#7392,-3.);
#4252=DERIVED_UNIT_ELEMENT(#4260,1.);
#4253=DERIVED_UNIT_ELEMENT(#7392,-3.);
#4254=DERIVED_UNIT_ELEMENT(#4260,1.);
#4255=DERIVED_UNIT_ELEMENT(#7392,-3.);
#4256=DERIVED_UNIT_ELEMENT(#4260,1.);
#4257=DERIVED_UNIT_ELEMENT(#7392,-3.);
#4258=DERIVED_UNIT_ELEMENT(#4260,1.);
#4259=DERIVED_UNIT_ELEMENT(#7392,-3.);
#4260=(
MASS_UNIT()
NAMED_UNIT(*)
SI_UNIT(.KILO.,.GRAM.)
);
#4261=DERIVED_UNIT((#4244,#4245));
#4262=DERIVED_UNIT((#4246,#4247));
#4263=DERIVED_UNIT((#4248,#4249));
#4264=DERIVED_UNIT((#4250,#4251));
#4265=DERIVED_UNIT((#4252,#4253));
#4266=DERIVED_UNIT((#4254,#4255));
#4267=DERIVED_UNIT((#4256,#4257));
#4268=DERIVED_UNIT((#4258,#4259));
#4269=MEASURE_REPRESENTATION_ITEM('density measure',
POSITIVE_RATIO_MEASURE(7850.),#4261);
#4270=MEASURE_REPRESENTATION_ITEM('density measure',
POSITIVE_RATIO_MEASURE(7850.),#4262);
#4271=MEASURE_REPRESENTATION_ITEM('density measure',
POSITIVE_RATIO_MEASURE(7850.),#4263);
#4272=MEASURE_REPRESENTATION_ITEM('density measure',
POSITIVE_RATIO_MEASURE(7850.),#4264);
#4273=MEASURE_REPRESENTATION_ITEM('density measure',
POSITIVE_RATIO_MEASURE(7850.),#4265);
#4274=MEASURE_REPRESENTATION_ITEM('density measure',
POSITIVE_RATIO_MEASURE(7850.),#4266);
#4275=MEASURE_REPRESENTATION_ITEM('density measure',
POSITIVE_RATIO_MEASURE(7850.),#4267);
#4276=MEASURE_REPRESENTATION_ITEM('density measure',
POSITIVE_RATIO_MEASURE(7850.),#4268);
#4277=PROPERTY_DEFINITION_REPRESENTATION(#4317,#4293);
#4278=PROPERTY_DEFINITION_REPRESENTATION(#4318,#4294);
#4279=PROPERTY_DEFINITION_REPRESENTATION(#4319,#4295);
#4280=PROPERTY_DEFINITION_REPRESENTATION(#4320,#4296);
#4281=PROPERTY_DEFINITION_REPRESENTATION(#4321,#4297);
#4282=PROPERTY_DEFINITION_REPRESENTATION(#4322,#4298);
#4283=PROPERTY_DEFINITION_REPRESENTATION(#4323,#4299);
#4284=PROPERTY_DEFINITION_REPRESENTATION(#4324,#4300);
#4285=PROPERTY_DEFINITION_REPRESENTATION(#4325,#4301);
#4286=PROPERTY_DEFINITION_REPRESENTATION(#4326,#4302);
#4287=PROPERTY_DEFINITION_REPRESENTATION(#4327,#4303);
#4288=PROPERTY_DEFINITION_REPRESENTATION(#4328,#4304);
#4289=PROPERTY_DEFINITION_REPRESENTATION(#4329,#4305);
#4290=PROPERTY_DEFINITION_REPRESENTATION(#4330,#4306);
#4291=PROPERTY_DEFINITION_REPRESENTATION(#4331,#4307);
#4292=PROPERTY_DEFINITION_REPRESENTATION(#4332,#4308);
#4293=REPRESENTATION('material name',(#4309),#7382);
#4294=REPRESENTATION('density',(#4269),#7382);
#4295=REPRESENTATION('material name',(#4310),#7383);
#4296=REPRESENTATION('density',(#4270),#7383);
#4297=REPRESENTATION('material name',(#4311),#7384);
#4298=REPRESENTATION('density',(#4271),#7384);
#4299=REPRESENTATION('material name',(#4312),#7385);
#4300=REPRESENTATION('density',(#4272),#7385);
#4301=REPRESENTATION('material name',(#4313),#7386);
#4302=REPRESENTATION('density',(#4273),#7386);
#4303=REPRESENTATION('material name',(#4314),#7387);
#4304=REPRESENTATION('density',(#4274),#7387);
#4305=REPRESENTATION('material name',(#4315),#7388);
#4306=REPRESENTATION('density',(#4275),#7388);
#4307=REPRESENTATION('material name',(#4316),#7389);
#4308=REPRESENTATION('density',(#4276),#7389);
#4309=DESCRIPTIVE_REPRESENTATION_ITEM('\X\C7elik','\X\C7elik');
#4310=DESCRIPTIVE_REPRESENTATION_ITEM('\X\C7elik','\X\C7elik');
#4311=DESCRIPTIVE_REPRESENTATION_ITEM('\X\C7elik','\X\C7elik');
#4312=DESCRIPTIVE_REPRESENTATION_ITEM('\X\C7elik','\X\C7elik');
#4313=DESCRIPTIVE_REPRESENTATION_ITEM('\X\C7elik','\X\C7elik');
#4314=DESCRIPTIVE_REPRESENTATION_ITEM('\X\C7elik','\X\C7elik');
#4315=DESCRIPTIVE_REPRESENTATION_ITEM('\X\C7elik','\X\C7elik');
#4316=DESCRIPTIVE_REPRESENTATION_ITEM('\X\C7elik','\X\C7elik');
#4317=PROPERTY_DEFINITION('material property','material name',#7432);
#4318=PROPERTY_DEFINITION('material property','density of part',#7432);
#4319=PROPERTY_DEFINITION('material property','material name',#7433);
#4320=PROPERTY_DEFINITION('material property','density of part',#7433);
#4321=PROPERTY_DEFINITION('material property','material name',#7434);
#4322=PROPERTY_DEFINITION('material property','density of part',#7434);
#4323=PROPERTY_DEFINITION('material property','material name',#7435);
#4324=PROPERTY_DEFINITION('material property','density of part',#7435);
#4325=PROPERTY_DEFINITION('material property','material name',#7436);
#4326=PROPERTY_DEFINITION('material property','density of part',#7436);
#4327=PROPERTY_DEFINITION('material property','material name',#7437);
#4328=PROPERTY_DEFINITION('material property','density of part',#7437);
#4329=PROPERTY_DEFINITION('material property','material name',#7438);
#4330=PROPERTY_DEFINITION('material property','density of part',#7438);
#4331=PROPERTY_DEFINITION('material property','material name',#7439);
#4332=PROPERTY_DEFINITION('material property','density of part',#7439);
#4333=AXIS2_PLACEMENT_3D('',#5894,#4718,#4719);
#4334=AXIS2_PLACEMENT_3D('',#5895,#4720,#4721);
#4335=AXIS2_PLACEMENT_3D('',#5896,#4722,#4723);
#4336=AXIS2_PLACEMENT_3D('',#5898,#4724,#4725);
#4337=AXIS2_PLACEMENT_3D('',#5901,#4727,#4728);
#4338=AXIS2_PLACEMENT_3D('',#5902,#4729,#4730);
#4339=AXIS2_PLACEMENT_3D('',#5904,#4731,#4732);
#4340=AXIS2_PLACEMENT_3D('',#5907,#4734,#4735);
#4341=AXIS2_PLACEMENT_3D('',#5908,#4736,#4737);
#4342=AXIS2_PLACEMENT_3D('',#5911,#4738,#4739);
#4343=AXIS2_PLACEMENT_3D('',#5913,#4741,#4742);
#4344=AXIS2_PLACEMENT_3D('',#5917,#4744,#4745);
#4345=AXIS2_PLACEMENT_3D('',#5919,#4747,#4748);
#4346=AXIS2_PLACEMENT_3D('',#5928,#4753,#4754);
#4347=AXIS2_PLACEMENT_3D('',#5934,#4758,#4759);
#4348=AXIS2_PLACEMENT_3D('',#5940,#4763,#4764);
#4349=AXIS2_PLACEMENT_3D('',#5943,#4767,#4768);
#4350=AXIS2_PLACEMENT_3D('',#5945,#4770,#4771);
#4351=AXIS2_PLACEMENT_3D('',#5946,#4772,#4773);
#4352=AXIS2_PLACEMENT_3D('',#5947,#4774,#4775);
#4353=AXIS2_PLACEMENT_3D('',#5956,#4780,#4781);
#4354=AXIS2_PLACEMENT_3D('',#5965,#4786,#4787);
#4355=AXIS2_PLACEMENT_3D('',#5971,#4791,#4792);
#4356=AXIS2_PLACEMENT_3D('',#5979,#4797,#4798);
#4357=AXIS2_PLACEMENT_3D('',#5989,#4804,#4805);
#4358=AXIS2_PLACEMENT_3D('',#5995,#4809,#4810);
#4359=AXIS2_PLACEMENT_3D('',#5999,#4813,#4814);
#4360=AXIS2_PLACEMENT_3D('',#6006,#4818,#4819);
#4361=AXIS2_PLACEMENT_3D('',#6007,#4820,#4821);
#4362=AXIS2_PLACEMENT_3D('',#6016,#4826,#4827);
#4363=AXIS2_PLACEMENT_3D('',#6017,#4828,#4829);
#4364=AXIS2_PLACEMENT_3D('',#6021,#4832,#4833);
#4365=AXIS2_PLACEMENT_3D('',#6023,#4834,#4835);
#4366=AXIS2_PLACEMENT_3D('',#6025,#4837,#4838);
#4367=AXIS2_PLACEMENT_3D('',#6027,#4839,#4840);
#4368=AXIS2_PLACEMENT_3D('',#6029,#4842,#4843);
#4369=AXIS2_PLACEMENT_3D('',#6042,#4849,#4850);
#4370=AXIS2_PLACEMENT_3D('',#6044,#4851,#4852);
#4371=AXIS2_PLACEMENT_3D('',#6048,#4855,#4856);
#4372=AXIS2_PLACEMENT_3D('',#6049,#4857,#4858);
#4373=AXIS2_PLACEMENT_3D('',#6051,#4860,#4861);
#4374=AXIS2_PLACEMENT_3D('',#6055,#4863,#4864);
#4375=AXIS2_PLACEMENT_3D('',#6057,#4865,#4866);
#4376=AXIS2_PLACEMENT_3D('',#6066,#4871,#4872);
#4377=AXIS2_PLACEMENT_3D('',#6067,#4873,#4874);
#4378=AXIS2_PLACEMENT_3D('',#6071,#4877,#4878);
#4379=AXIS2_PLACEMENT_3D('',#6072,#4879,#4880);
#4380=AXIS2_PLACEMENT_3D('',#6074,#4882,#4883);
#4381=AXIS2_PLACEMENT_3D('',#6078,#4885,#4886);
#4382=AXIS2_PLACEMENT_3D('',#6080,#4887,#4888);
#4383=AXIS2_PLACEMENT_3D('',#6091,#4894,#4895);
#4384=AXIS2_PLACEMENT_3D('',#6092,#4896,#4897);
#4385=AXIS2_PLACEMENT_3D('',#6097,#4899,#4900);
#4386=AXIS2_PLACEMENT_3D('',#6098,#4901,#4902);
#4387=AXIS2_PLACEMENT_3D('',#6099,#4903,#4904);
#4388=AXIS2_PLACEMENT_3D('',#6101,#4905,#4906);
#4389=AXIS2_PLACEMENT_3D('',#6104,#4908,#4909);
#4390=AXIS2_PLACEMENT_3D('',#6105,#4910,#4911);
#4391=AXIS2_PLACEMENT_3D('',#6108,#4912,#4913);
#4392=AXIS2_PLACEMENT_3D('',#6111,#4916,#4917);
#4393=AXIS2_PLACEMENT_3D('',#6114,#4919,#4920);
#4394=AXIS2_PLACEMENT_3D('',#6115,#4921,#4922);
#4395=AXIS2_PLACEMENT_3D('',#6118,#4925,#4926);
#4396=AXIS2_PLACEMENT_3D('',#6120,#4928,#4929);
#4397=AXIS2_PLACEMENT_3D('',#6122,#4931,#4932);
#4398=AXIS2_PLACEMENT_3D('',#6123,#4933,#4934);
#4399=AXIS2_PLACEMENT_3D('',#6125,#4936,#4937);
#4400=AXIS2_PLACEMENT_3D('',#6127,#4939,#4940);
#4401=AXIS2_PLACEMENT_3D('',#6129,#4941,#4942);
#4402=AXIS2_PLACEMENT_3D('',#6131,#4944,#4945);
#4403=AXIS2_PLACEMENT_3D('',#6135,#4948,#4949);
#4404=AXIS2_PLACEMENT_3D('',#6141,#4953,#4954);
#4405=AXIS2_PLACEMENT_3D('',#6143,#4956,#4957);
#4406=AXIS2_PLACEMENT_3D('',#6144,#4958,#4959);
#4407=AXIS2_PLACEMENT_3D('',#6150,#4963,#4964);
#4408=AXIS2_PLACEMENT_3D('',#6151,#4965,#4966);
#4409=AXIS2_PLACEMENT_3D('',#6153,#4968,#4969);
#4410=AXIS2_PLACEMENT_3D('',#6154,#4970,#4971);
#4411=AXIS2_PLACEMENT_3D('',#6155,#4972,#4973);
#4412=AXIS2_PLACEMENT_3D('',#6164,#4978,#4979);
#4413=AXIS2_PLACEMENT_3D('',#6173,#4984,#4985);
#4414=AXIS2_PLACEMENT_3D('',#6179,#4989,#4990);
#4415=AXIS2_PLACEMENT_3D('',#6187,#4995,#4996);
#4416=AXIS2_PLACEMENT_3D('',#6197,#5002,#5003);
#4417=AXIS2_PLACEMENT_3D('',#6203,#5007,#5008);
#4418=AXIS2_PLACEMENT_3D('',#6207,#5011,#5012);
#4419=AXIS2_PLACEMENT_3D('',#6214,#5016,#5017);
#4420=AXIS2_PLACEMENT_3D('',#6215,#5018,#5019);
#4421=AXIS2_PLACEMENT_3D('',#6224,#5024,#5025);
#4422=AXIS2_PLACEMENT_3D('',#6225,#5026,#5027);
#4423=AXIS2_PLACEMENT_3D('',#6229,#5030,#5031);
#4424=AXIS2_PLACEMENT_3D('',#6231,#5032,#5033);
#4425=AXIS2_PLACEMENT_3D('',#6233,#5035,#5036);
#4426=AXIS2_PLACEMENT_3D('',#6235,#5037,#5038);
#4427=AXIS2_PLACEMENT_3D('',#6237,#5040,#5041);
#4428=AXIS2_PLACEMENT_3D('',#6245,#5045,#5046);
#4429=AXIS2_PLACEMENT_3D('',#6247,#5047,#5048);
#4430=AXIS2_PLACEMENT_3D('',#6256,#5053,#5054);
#4431=AXIS2_PLACEMENT_3D('',#6257,#5055,#5056);
#4432=AXIS2_PLACEMENT_3D('',#6259,#5058,#5059);
#4433=AXIS2_PLACEMENT_3D('',#6269,#5064,#5065);
#4434=AXIS2_PLACEMENT_3D('',#6271,#5066,#5067);
#4435=AXIS2_PLACEMENT_3D('',#6274,#5069,#5070);
#4436=AXIS2_PLACEMENT_3D('',#6275,#5071,#5072);
#4437=AXIS2_PLACEMENT_3D('',#6279,#5075,#5076);
#4438=AXIS2_PLACEMENT_3D('',#6280,#5077,#5078);
#4439=AXIS2_PLACEMENT_3D('',#6282,#5080,#5081);
#4440=AXIS2_PLACEMENT_3D('',#6294,#5087,#5088);
#4441=AXIS2_PLACEMENT_3D('',#6296,#5089,#5090);
#4442=AXIS2_PLACEMENT_3D('',#6299,#5092,#5093);
#4443=AXIS2_PLACEMENT_3D('',#6300,#5094,#5095);
#4444=AXIS2_PLACEMENT_3D('',#6305,#5097,#5098);
#4445=AXIS2_PLACEMENT_3D('',#6306,#5099,#5100);
#4446=AXIS2_PLACEMENT_3D('',#6307,#5101,#5102);
#4447=AXIS2_PLACEMENT_3D('',#6309,#5103,#5104);
#4448=AXIS2_PLACEMENT_3D('',#6312,#5106,#5107);
#4449=AXIS2_PLACEMENT_3D('',#6313,#5108,#5109);
#4450=AXIS2_PLACEMENT_3D('',#6316,#5110,#5111);
#4451=AXIS2_PLACEMENT_3D('',#6319,#5114,#5115);
#4452=AXIS2_PLACEMENT_3D('',#6321,#5116,#5117);
#4453=AXIS2_PLACEMENT_3D('',#6323,#5119,#5120);
#4454=AXIS2_PLACEMENT_3D('',#6326,#5123,#5124);
#4455=AXIS2_PLACEMENT_3D('',#6328,#5126,#5127);
#4456=AXIS2_PLACEMENT_3D('',#6330,#5129,#5130);
#4457=AXIS2_PLACEMENT_3D('',#6331,#5131,#5132);
#4458=AXIS2_PLACEMENT_3D('',#6333,#5134,#5135);
#4459=AXIS2_PLACEMENT_3D('',#6335,#5137,#5138);
#4460=AXIS2_PLACEMENT_3D('',#6337,#5139,#5140);
#4461=AXIS2_PLACEMENT_3D('',#6339,#5142,#5143);
#4462=AXIS2_PLACEMENT_3D('',#6343,#5146,#5147);
#4463=AXIS2_PLACEMENT_3D('',#6349,#5151,#5152);
#4464=AXIS2_PLACEMENT_3D('',#6351,#5154,#5155);
#4465=AXIS2_PLACEMENT_3D('',#6352,#5156,#5157);
#4466=AXIS2_PLACEMENT_3D('',#6358,#5161,#5162);
#4467=AXIS2_PLACEMENT_3D('',#6359,#5163,#5164);
#4468=AXIS2_PLACEMENT_3D('',#6361,#5166,#5167);
#4469=AXIS2_PLACEMENT_3D('',#6362,#5168,#5169);
#4470=AXIS2_PLACEMENT_3D('',#6363,#5170,#5171);
#4471=AXIS2_PLACEMENT_3D('',#6365,#5172,#5173);
#4472=AXIS2_PLACEMENT_3D('',#6368,#5175,#5176);
#4473=AXIS2_PLACEMENT_3D('',#6369,#5177,#5178);
#4474=AXIS2_PLACEMENT_3D('',#6371,#5179,#5180);
#4475=AXIS2_PLACEMENT_3D('',#6374,#5182,#5183);
#4476=AXIS2_PLACEMENT_3D('',#6375,#5184,#5185);
#4477=AXIS2_PLACEMENT_3D('',#6378,#5186,#5187);
#4478=AXIS2_PLACEMENT_3D('',#6380,#5189,#5190);
#4479=AXIS2_PLACEMENT_3D('',#6384,#5192,#5193);
#4480=AXIS2_PLACEMENT_3D('',#6386,#5195,#5196);
#4481=AXIS2_PLACEMENT_3D('',#6395,#5201,#5202);
#4482=AXIS2_PLACEMENT_3D('',#6401,#5206,#5207);
#4483=AXIS2_PLACEMENT_3D('',#6407,#5211,#5212);
#4484=AXIS2_PLACEMENT_3D('',#6410,#5215,#5216);
#4485=AXIS2_PLACEMENT_3D('',#6412,#5218,#5219);
#4486=AXIS2_PLACEMENT_3D('',#6413,#5220,#5221);
#4487=AXIS2_PLACEMENT_3D('',#6414,#5222,#5223);
#4488=AXIS2_PLACEMENT_3D('',#6416,#5224,#5225);
#4489=AXIS2_PLACEMENT_3D('',#6419,#5227,#5228);
#4490=AXIS2_PLACEMENT_3D('',#6420,#5229,#5230);
#4491=AXIS2_PLACEMENT_3D('',#6422,#5231,#5232);
#4492=AXIS2_PLACEMENT_3D('',#6423,#5233,#5234);
#4493=AXIS2_PLACEMENT_3D('',#6425,#5235,#5236);
#4494=AXIS2_PLACEMENT_3D('',#6428,#5238,#5239);
#4495=AXIS2_PLACEMENT_3D('',#6429,#5240,#5241);
#4496=AXIS2_PLACEMENT_3D('',#6431,#5242,#5243);
#4497=AXIS2_PLACEMENT_3D('',#6432,#5244,#5245);
#4498=AXIS2_PLACEMENT_3D('',#6434,#5246,#5247);
#4499=AXIS2_PLACEMENT_3D('',#6436,#5249,#5250);
#4500=AXIS2_PLACEMENT_3D('',#6438,#5251,#5252);
#4501=AXIS2_PLACEMENT_3D('',#6440,#5254,#5255);
#4502=AXIS2_PLACEMENT_3D('',#6447,#5258,#5259);
#4503=AXIS2_PLACEMENT_3D('',#6454,#5263,#5264);
#4504=AXIS2_PLACEMENT_3D('',#6455,#5265,#5266);
#4505=AXIS2_PLACEMENT_3D('',#6459,#5268,#5269);
#4506=AXIS2_PLACEMENT_3D('',#6461,#5271,#5272);
#4507=AXIS2_PLACEMENT_3D('',#6465,#5275,#5276);
#4508=AXIS2_PLACEMENT_3D('',#6469,#5279,#5280);
#4509=AXIS2_PLACEMENT_3D('',#6476,#5284,#5285);
#4510=AXIS2_PLACEMENT_3D('',#6477,#5286,#5287);
#4511=AXIS2_PLACEMENT_3D('',#6481,#5290,#5291);
#4512=AXIS2_PLACEMENT_3D('',#6482,#5292,#5293);
#4513=AXIS2_PLACEMENT_3D('',#6483,#5294,#5295);
#4514=AXIS2_PLACEMENT_3D('',#6485,#5296,#5297);
#4515=AXIS2_PLACEMENT_3D('',#6486,#5298,#5299);
#4516=AXIS2_PLACEMENT_3D('',#6488,#5301,#5302);
#4517=AXIS2_PLACEMENT_3D('',#6490,#5304,#5305);
#4518=AXIS2_PLACEMENT_3D('',#6491,#5306,#5307);
#4519=AXIS2_PLACEMENT_3D('',#6492,#5308,#5309);
#4520=AXIS2_PLACEMENT_3D('',#6494,#5310,#5311);
#4521=AXIS2_PLACEMENT_3D('',#6497,#5313,#5314);
#4522=AXIS2_PLACEMENT_3D('',#6498,#5315,#5316);
#4523=AXIS2_PLACEMENT_3D('',#6500,#5317,#5318);
#4524=AXIS2_PLACEMENT_3D('',#6501,#5319,#5320);
#4525=AXIS2_PLACEMENT_3D('',#6503,#5321,#5322);
#4526=AXIS2_PLACEMENT_3D('',#6506,#5324,#5325);
#4527=AXIS2_PLACEMENT_3D('',#6507,#5326,#5327);
#4528=AXIS2_PLACEMENT_3D('',#6509,#5328,#5329);
#4529=AXIS2_PLACEMENT_3D('',#6510,#5330,#5331);
#4530=AXIS2_PLACEMENT_3D('',#6512,#5332,#5333);
#4531=AXIS2_PLACEMENT_3D('',#6514,#5335,#5336);
#4532=AXIS2_PLACEMENT_3D('',#6516,#5337,#5338);
#4533=AXIS2_PLACEMENT_3D('',#6518,#5340,#5341);
#4534=AXIS2_PLACEMENT_3D('',#6529,#5346,#5347);
#4535=AXIS2_PLACEMENT_3D('',#6532,#5349,#5350);
#4536=AXIS2_PLACEMENT_3D('',#6533,#5351,#5352);
#4537=AXIS2_PLACEMENT_3D('',#6537,#5354,#5355);
#4538=AXIS2_PLACEMENT_3D('',#6539,#5357,#5358);
#4539=AXIS2_PLACEMENT_3D('',#6543,#5361,#5362);
#4540=AXIS2_PLACEMENT_3D('',#6547,#5365,#5366);
#4541=AXIS2_PLACEMENT_3D('',#6554,#5370,#5371);
#4542=AXIS2_PLACEMENT_3D('',#6555,#5372,#5373);
#4543=AXIS2_PLACEMENT_3D('',#6559,#5376,#5377);
#4544=AXIS2_PLACEMENT_3D('',#6560,#5378,#5379);
#4545=AXIS2_PLACEMENT_3D('',#6561,#5380,#5381);
#4546=AXIS2_PLACEMENT_3D('',#6563,#5382,#5383);
#4547=AXIS2_PLACEMENT_3D('',#6564,#5384,#5385);
#4548=AXIS2_PLACEMENT_3D('',#6566,#5387,#5388);
#4549=AXIS2_PLACEMENT_3D('',#6568,#5390,#5391);
#4550=AXIS2_PLACEMENT_3D('',#6569,#5392,#5393);
#4551=AXIS2_PLACEMENT_3D('',#6570,#5394,#5395);
#4552=AXIS2_PLACEMENT_3D('',#6579,#5400,#5401);
#4553=AXIS2_PLACEMENT_3D('',#6588,#5406,#5407);
#4554=AXIS2_PLACEMENT_3D('',#6594,#5411,#5412);
#4555=AXIS2_PLACEMENT_3D('',#6600,#5416,#5417);
#4556=AXIS2_PLACEMENT_3D('',#6603,#5420,#5421);
#4557=AXIS2_PLACEMENT_3D('',#6617,#5429,#5430);
#4558=AXIS2_PLACEMENT_3D('',#6623,#5434,#5435);
#4559=AXIS2_PLACEMENT_3D('',#6625,#5436,#5437);
#4560=AXIS2_PLACEMENT_3D('',#6628,#5439,#5440);
#4561=AXIS2_PLACEMENT_3D('',#6629,#5441,#5442);
#4562=AXIS2_PLACEMENT_3D('',#6631,#5443,#5444);
#4563=AXIS2_PLACEMENT_3D('',#6634,#5446,#5447);
#4564=AXIS2_PLACEMENT_3D('',#6635,#5448,#5449);
#4565=AXIS2_PLACEMENT_3D('',#6638,#5450,#5451);
#4566=AXIS2_PLACEMENT_3D('',#6642,#5453,#5454);
#4567=AXIS2_PLACEMENT_3D('',#6644,#5456,#5457);
#4568=AXIS2_PLACEMENT_3D('',#6647,#5460,#5461);
#4569=AXIS2_PLACEMENT_3D('',#6651,#5463,#5464);
#4570=AXIS2_PLACEMENT_3D('',#6653,#5466,#5467);
#4571=AXIS2_PLACEMENT_3D('',#6657,#5469,#5470);
#4572=AXIS2_PLACEMENT_3D('',#6659,#5472,#5473);
#4573=AXIS2_PLACEMENT_3D('',#6661,#5475,#5476);
#4574=AXIS2_PLACEMENT_3D('',#6663,#5478,#5479);
#4575=AXIS2_PLACEMENT_3D('',#6664,#5480,#5481);
#4576=AXIS2_PLACEMENT_3D('',#6666,#5482,#5483);
#4577=AXIS2_PLACEMENT_3D('',#6669,#5485,#5486);
#4578=AXIS2_PLACEMENT_3D('',#6670,#5487,#5488);
#4579=AXIS2_PLACEMENT_3D('',#6676,#5492,#5493);
#4580=AXIS2_PLACEMENT_3D('',#6678,#5494,#5495);
#4581=AXIS2_PLACEMENT_3D('',#6682,#5497,#5498);
#4582=AXIS2_PLACEMENT_3D('',#6685,#5500,#5501);
#4583=AXIS2_PLACEMENT_3D('',#6686,#5502,#5503);
#4584=AXIS2_PLACEMENT_3D('',#6688,#5504,#5505);
#4585=AXIS2_PLACEMENT_3D('',#6690,#5507,#5508);
#4586=AXIS2_PLACEMENT_3D('',#6694,#5511,#5512);
#4587=AXIS2_PLACEMENT_3D('',#6696,#5513,#5514);
#4588=AXIS2_PLACEMENT_3D('',#6698,#5516,#5517);
#4589=AXIS2_PLACEMENT_3D('',#6701,#5519,#5520);
#4590=AXIS2_PLACEMENT_3D('',#6702,#5521,#5522);
#4591=AXIS2_PLACEMENT_3D('',#6704,#5524,#5525);
#4592=AXIS2_PLACEMENT_3D('',#6705,#5526,#5527);
#4593=AXIS2_PLACEMENT_3D('',#6706,#5528,#5529);
#4594=AXIS2_PLACEMENT_3D('',#6715,#5534,#5535);
#4595=AXIS2_PLACEMENT_3D('',#6724,#5540,#5541);
#4596=AXIS2_PLACEMENT_3D('',#6730,#5545,#5546);
#4597=AXIS2_PLACEMENT_3D('',#6736,#5550,#5551);
#4598=AXIS2_PLACEMENT_3D('',#6739,#5554,#5555);
#4599=AXIS2_PLACEMENT_3D('',#6753,#5563,#5564);
#4600=AXIS2_PLACEMENT_3D('',#6759,#5568,#5569);
#4601=AXIS2_PLACEMENT_3D('',#6761,#5570,#5571);
#4602=AXIS2_PLACEMENT_3D('',#6764,#5573,#5574);
#4603=AXIS2_PLACEMENT_3D('',#6765,#5575,#5576);
#4604=AXIS2_PLACEMENT_3D('',#6767,#5577,#5578);
#4605=AXIS2_PLACEMENT_3D('',#6770,#5580,#5581);
#4606=AXIS2_PLACEMENT_3D('',#6771,#5582,#5583);
#4607=AXIS2_PLACEMENT_3D('',#6774,#5584,#5585);
#4608=AXIS2_PLACEMENT_3D('',#6778,#5587,#5588);
#4609=AXIS2_PLACEMENT_3D('',#6780,#5590,#5591);
#4610=AXIS2_PLACEMENT_3D('',#6783,#5594,#5595);
#4611=AXIS2_PLACEMENT_3D('',#6787,#5597,#5598);
#4612=AXIS2_PLACEMENT_3D('',#6789,#5600,#5601);
#4613=AXIS2_PLACEMENT_3D('',#6793,#5603,#5604);
#4614=AXIS2_PLACEMENT_3D('',#6795,#5606,#5607);
#4615=AXIS2_PLACEMENT_3D('',#6797,#5609,#5610);
#4616=AXIS2_PLACEMENT_3D('',#6799,#5612,#5613);
#4617=AXIS2_PLACEMENT_3D('',#6800,#5614,#5615);
#4618=AXIS2_PLACEMENT_3D('',#6802,#5616,#5617);
#4619=AXIS2_PLACEMENT_3D('',#6804,#5618,#5619);
#4620=AXIS2_PLACEMENT_3D('',#6806,#5621,#5622);
#4621=AXIS2_PLACEMENT_3D('',#6812,#5626,#5627);
#4622=AXIS2_PLACEMENT_3D('',#6814,#5628,#5629);
#4623=AXIS2_PLACEMENT_3D('',#6818,#5631,#5632);
#4624=AXIS2_PLACEMENT_3D('',#6821,#5634,#5635);
#4625=AXIS2_PLACEMENT_3D('',#6822,#5636,#5637);
#4626=AXIS2_PLACEMENT_3D('',#6825,#5639,#5640);
#4627=AXIS2_PLACEMENT_3D('',#6826,#5641,#5642);
#4628=AXIS2_PLACEMENT_3D('',#6830,#5645,#5646);
#4629=AXIS2_PLACEMENT_3D('',#6833,#5648,#5649);
#4630=AXIS2_PLACEMENT_3D('',#6834,#5650,#5651);
#4631=AXIS2_PLACEMENT_3D('',#6836,#5652,#5653);
#4632=AXIS2_PLACEMENT_3D('',#6838,#5655,#5656);
#4633=AXIS2_PLACEMENT_3D('',#6840,#5658,#5659);
#4634=AXIS2_PLACEMENT_3D('',#6841,#5660,#5661);
#4635=AXIS2_PLACEMENT_3D('',#6855,#5662,#5663);
#4636=AXIS2_PLACEMENT_3D('',#6857,#5664,#5665);
#4637=AXIS2_PLACEMENT_3D('',#6871,#5666,#5667);
#4638=AXIS2_PLACEMENT_3D('',#6872,#5668,#5669);
#4639=AXIS2_PLACEMENT_3D('',#6874,#5670,#5671);
#4640=AXIS2_PLACEMENT_3D('',#6887,#5673,#5674);
#4641=AXIS2_PLACEMENT_3D('',#6899,#5675,#5676);
#4642=AXIS2_PLACEMENT_3D('',#6911,#5677,#5678);
#4643=AXIS2_PLACEMENT_3D('',#6921,#5679,#5680);
#4644=AXIS2_PLACEMENT_3D('',#6936,#5681,#5682);
#4645=AXIS2_PLACEMENT_3D('',#6947,#5683,#5684);
#4646=AXIS2_PLACEMENT_3D('',#6972,#5692,#5693);
#4647=AXIS2_PLACEMENT_3D('',#6974,#5694,#5695);
#4648=AXIS2_PLACEMENT_3D('',#6975,#5696,#5697);
#4649=AXIS2_PLACEMENT_3D('',#6977,#5698,#5699);
#4650=AXIS2_PLACEMENT_3D('',#6980,#5701,#5702);
#4651=AXIS2_PLACEMENT_3D('',#6981,#5703,#5704);
#4652=AXIS2_PLACEMENT_3D('',#6983,#5705,#5706);
#4653=AXIS2_PLACEMENT_3D('',#6984,#5707,#5708);
#4654=AXIS2_PLACEMENT_3D('',#6986,#5709,#5710);
#4655=AXIS2_PLACEMENT_3D('',#6989,#5712,#5713);
#4656=AXIS2_PLACEMENT_3D('',#6990,#5714,#5715);
#4657=AXIS2_PLACEMENT_3D('',#6992,#5716,#5717);
#4658=AXIS2_PLACEMENT_3D('',#6993,#5718,#5719);
#4659=AXIS2_PLACEMENT_3D('',#6995,#5720,#5721);
#4660=AXIS2_PLACEMENT_3D('',#6998,#5723,#5724);
#4661=AXIS2_PLACEMENT_3D('',#6999,#5725,#5726);
#4662=AXIS2_PLACEMENT_3D('',#7001,#5727,#5728);
#4663=AXIS2_PLACEMENT_3D('',#7002,#5729,#5730);
#4664=AXIS2_PLACEMENT_3D('',#7004,#5731,#5732);
#4665=AXIS2_PLACEMENT_3D('',#7007,#5734,#5735);
#4666=AXIS2_PLACEMENT_3D('',#7008,#5736,#5737);
#4667=AXIS2_PLACEMENT_3D('',#7010,#5738,#5739);
#4668=AXIS2_PLACEMENT_3D('',#7011,#5740,#5741);
#4669=AXIS2_PLACEMENT_3D('',#7013,#5742,#5743);
#4670=AXIS2_PLACEMENT_3D('',#7016,#5745,#5746);
#4671=AXIS2_PLACEMENT_3D('',#7017,#5747,#5748);
#4672=AXIS2_PLACEMENT_3D('',#7019,#5749,#5750);
#4673=AXIS2_PLACEMENT_3D('',#7022,#5752,#5753);
#4674=AXIS2_PLACEMENT_3D('',#7023,#5754,#5755);
#4675=AXIS2_PLACEMENT_3D('',#7032,#5760,#5761);
#4676=AXIS2_PLACEMENT_3D('',#7037,#5765,#5766);
#4677=AXIS2_PLACEMENT_3D('',#7046,#5771,#5772);
#4678=AXIS2_PLACEMENT_3D('',#7049,#5775,#5776);
#4679=AXIS2_PLACEMENT_3D('',#7105,#5779,#5780);
#4680=AXIS2_PLACEMENT_3D('',#7159,#5782,#5783);
#4681=AXIS2_PLACEMENT_3D('',#7162,#5786,#5787);
#4682=AXIS2_PLACEMENT_3D('',#7164,#5789,#5790);
#4683=AXIS2_PLACEMENT_3D('',#7165,#5791,#5792);
#4684=AXIS2_PLACEMENT_3D('',#7167,#5794,#5795);
#4685=AXIS2_PLACEMENT_3D('',#7169,#5797,#5798);
#4686=AXIS2_PLACEMENT_3D('',#7171,#5799,#5800);
#4687=AXIS2_PLACEMENT_3D('',#7174,#5802,#5803);
#4688=AXIS2_PLACEMENT_3D('',#7175,#5804,#5805);
#4689=AXIS2_PLACEMENT_3D('',#7177,#5806,#5807);
#4690=AXIS2_PLACEMENT_3D('',#7180,#5809,#5810);
#4691=AXIS2_PLACEMENT_3D('',#7181,#5811,#5812);
#4692=AXIS2_PLACEMENT_3D('',#7190,#5817,#5818);
#4693=AXIS2_PLACEMENT_3D('',#7266,#5825,#5826);
#4694=AXIS2_PLACEMENT_3D('',#7267,#5827,#5828);
#4695=AXIS2_PLACEMENT_3D('',#7273,#5832,#5833);
#4696=AXIS2_PLACEMENT_3D('',#7279,#5837,#5838);
#4697=AXIS2_PLACEMENT_3D('',#7285,#5842,#5843);
#4698=AXIS2_PLACEMENT_3D('',#7314,#5846,#5847);
#4699=AXIS2_PLACEMENT_3D('',#7341,#5849,#5850);
#4700=AXIS2_PLACEMENT_3D('',#7345,#5853,#5854);
#4701=AXIS2_PLACEMENT_3D('',#7347,#5856,#5857);
#4702=AXIS2_PLACEMENT_3D('',#7350,#5859,#5860);
#4703=AXIS2_PLACEMENT_3D('',#7352,#5861,#5862);
#4704=AXIS2_PLACEMENT_3D('',#7353,#5863,#5864);
#4705=AXIS2_PLACEMENT_3D('',#7354,#5865,#5866);
#4706=AXIS2_PLACEMENT_3D('',#7356,#5868,#5869);
#4707=AXIS2_PLACEMENT_3D('',#7358,#5871,#5872);
#4708=AXIS2_PLACEMENT_3D('',#7361,#5874,#5875);
#4709=AXIS2_PLACEMENT_3D('',#7362,#5876,#5877);
#4710=AXIS2_PLACEMENT_3D('',#7363,#5878,#5879);
#4711=AXIS2_PLACEMENT_3D('',#7364,#5880,#5881);
#4712=AXIS2_PLACEMENT_3D('',#7365,#5882,#5883);
#4713=AXIS2_PLACEMENT_3D('',#7366,#5884,#5885);
#4714=AXIS2_PLACEMENT_3D('',#7367,#5886,#5887);
#4715=AXIS2_PLACEMENT_3D('',#7368,#5888,#5889);
#4716=AXIS2_PLACEMENT_3D('',#7369,#5890,#5891);
#4717=AXIS2_PLACEMENT_3D('',#7370,#5892,#5893);
#4718=DIRECTION('axis',(0.,0.,1.));
#4719=DIRECTION('refdir',(1.,0.,0.));
#4720=DIRECTION('axis',(0.,0.,1.));
#4721=DIRECTION('refdir',(1.,0.,0.));
#4722=DIRECTION('center_axis',(-0.130170317096168,0.,0.99149164824878));
#4723=DIRECTION('ref_axis',(0.,1.,0.));
#4724=DIRECTION('center_axis',(-0.130170317096168,-8.88178419700124E-15,
0.99149164824878));
#4725=DIRECTION('ref_axis',(0.,1.,0.));
#4726=DIRECTION('',(0.130170317096168,0.,-0.99149164824878));
#4727=DIRECTION('center_axis',(0.13017031709617,7.68766241670654E-15,-0.99149164824878));
#4728=DIRECTION('ref_axis',(0.,1.,0.));
#4729=DIRECTION('center_axis',(-0.130170317096168,0.,0.99149164824878));
#4730=DIRECTION('ref_axis',(0.,1.,0.));
#4731=DIRECTION('center_axis',(-0.130170317096168,-8.88178419700124E-15,
0.99149164824878));
#4732=DIRECTION('ref_axis',(0.,1.,0.));
#4733=DIRECTION('',(0.130170317096168,0.,-0.99149164824878));
#4734=DIRECTION('center_axis',(0.13017031709617,7.68766241670654E-15,-0.99149164824878));
#4735=DIRECTION('ref_axis',(0.,1.,0.));
#4736=DIRECTION('center_axis',(-0.13017031709617,0.,0.99149164824878));
#4737=DIRECTION('ref_axis',(-0.99149164824878,0.,-0.13017031709617));
#4738=DIRECTION('center_axis',(0.13017031709617,0.,-0.99149164824878));
#4739=DIRECTION('ref_axis',(0.46658430505825,-0.882352941176471,0.0612566198099625));
#4740=DIRECTION('',(0.,1.,0.));
#4741=DIRECTION('center_axis',(-0.13017031709617,0.,0.99149164824878));
#4742=DIRECTION('ref_axis',(0.46658430505825,-0.882352941176471,0.0612566198099625));
#4743=DIRECTION('',(0.13017031709617,0.,-0.99149164824878));
#4744=DIRECTION('center_axis',(0.130170317096168,8.88178419700124E-15,-0.99149164824878));
#4745=DIRECTION('ref_axis',(0.46658430505825,-0.882352941176471,0.0612566198099625));
#4746=DIRECTION('',(-0.130170317096168,0.,0.99149164824878));
#4747=DIRECTION('center_axis',(1.15614466530341E-15,-1.,-8.80621485287473E-15));
#4748=DIRECTION('ref_axis',(0.99149164824878,0.,0.13017031709617));
#4749=DIRECTION('',(-0.99149164824878,0.,-0.13017031709617));
#4750=DIRECTION('',(-0.130170317096168,-8.88178419700124E-15,0.99149164824878));
#4751=DIRECTION('',(-0.99149164824878,-2.42574728355461E-29,-0.130170317096168));
#4752=DIRECTION('',(0.13017031709617,8.88178419700124E-15,-0.99149164824878));
#4753=DIRECTION('center_axis',(0.99149164824878,0.,0.130170317096168));
#4754=DIRECTION('ref_axis',(0.,1.,0.));
#4755=DIRECTION('',(0.,-1.,0.));
#4756=DIRECTION('',(-0.130170317096168,-8.88178419700124E-15,0.99149164824878));
#4757=DIRECTION('',(-1.15614466530338E-15,1.,8.80621485287473E-15));
#4758=DIRECTION('center_axis',(-1.15614466530324E-15,1.,8.80621485287475E-15));
#4759=DIRECTION('ref_axis',(-0.991491648248782,0.,-0.130170317096152));
#4760=DIRECTION('',(0.991491648248782,0.,0.130170317096152));
#4761=DIRECTION('',(-0.130170317096168,-8.88178419700124E-15,0.99149164824878));
#4762=DIRECTION('',(-0.99149164824878,1.39233949771509E-28,-0.130170317096168));
#4763=DIRECTION('center_axis',(0.130170317096168,8.88178419700124E-15,-0.99149164824878));
#4764=DIRECTION('ref_axis',(-0.99149164824878,0.,-0.130170317096168));
#4765=DIRECTION('',(-1.15614466530341E-15,1.,8.80621485287473E-15));
#4766=DIRECTION('',(-1.15614466530341E-15,1.,8.80621485287473E-15));
#4767=DIRECTION('center_axis',(0.13017031709617,7.68766241670654E-15,-0.99149164824878));
#4768=DIRECTION('ref_axis',(-1.000705454511E-15,1.,7.62225308072057E-15));
#4769=DIRECTION('',(0.,-1.,0.));
#4770=DIRECTION('center_axis',(0.99149164824878,0.,0.13017031709617));
#4771=DIRECTION('ref_axis',(0.,-1.,0.));
#4772=DIRECTION('axis',(0.,0.,1.));
#4773=DIRECTION('refdir',(1.,0.,0.));
#4774=DIRECTION('center_axis',(1.,0.,0.));
#4775=DIRECTION('ref_axis',(0.,0.,-1.));
#4776=DIRECTION('',(0.,-1.,0.));
#4777=DIRECTION('',(0.,0.,1.));
#4778=DIRECTION('',(0.,1.,0.));
#4779=DIRECTION('',(0.,0.,1.));
#4780=DIRECTION('center_axis',(1.,0.,0.));
#4781=DIRECTION('ref_axis',(0.,0.,-1.));
#4782=DIRECTION('',(0.,0.,-1.));
#4783=DIRECTION('',(0.,1.,0.));
#4784=DIRECTION('',(0.,0.,1.));
#4785=DIRECTION('',(0.,-1.,0.));
#4786=DIRECTION('center_axis',(0.,0.,1.));
#4787=DIRECTION('ref_axis',(-1.,0.,0.));
#4788=DIRECTION('',(-1.,0.,0.));
#4789=DIRECTION('',(0.,1.,0.));
#4790=DIRECTION('',(-1.,0.,0.));
#4791=DIRECTION('center_axis',(0.,-1.,0.));
#4792=DIRECTION('ref_axis',(0.,0.,1.));
#4793=DIRECTION('',(0.,0.,1.));
#4794=DIRECTION('',(-1.,0.,0.));
#4795=DIRECTION('',(0.,0.,-1.));
#4796=DIRECTION('',(1.,0.,0.));
#4797=DIRECTION('center_axis',(0.,1.,0.));
#4798=DIRECTION('ref_axis',(0.,0.,-1.));
#4799=DIRECTION('',(-1.,0.,0.));
#4800=DIRECTION('',(0.,0.,1.));
#4801=DIRECTION('',(1.,0.,0.));
#4802=DIRECTION('',(0.,0.,-1.));
#4803=DIRECTION('',(1.,0.,0.));
#4804=DIRECTION('center_axis',(0.,0.,-1.));
#4805=DIRECTION('ref_axis',(1.,0.,0.));
#4806=DIRECTION('',(0.,1.,0.));
#4807=DIRECTION('',(-1.,0.,0.));
#4808=DIRECTION('',(0.,1.,0.));
#4809=DIRECTION('center_axis',(1.,0.,0.));
#4810=DIRECTION('ref_axis',(0.,0.,-1.));
#4811=DIRECTION('',(0.,1.,0.));
#4812=DIRECTION('',(0.,0.,-1.));
#4813=DIRECTION('center_axis',(0.,0.,-1.));
#4814=DIRECTION('ref_axis',(-1.,0.,0.));
#4815=DIRECTION('',(-1.,0.,0.));
#4816=DIRECTION('',(0.,1.,0.));
#4817=DIRECTION('',(1.,0.,0.));
#4818=DIRECTION('center_axis',(0.,0.,-1.));
#4819=DIRECTION('ref_axis',(1.,0.,0.));
#4820=DIRECTION('center_axis',(0.,0.,-1.));
#4821=DIRECTION('ref_axis',(-1.,0.,0.));
#4822=DIRECTION('',(0.,1.,0.));
#4823=DIRECTION('',(-1.,0.,0.));
#4824=DIRECTION('',(0.,1.,0.));
#4825=DIRECTION('',(1.,0.,0.));
#4826=DIRECTION('center_axis',(0.,0.,-1.));
#4827=DIRECTION('ref_axis',(1.,0.,0.));
#4828=DIRECTION('center_axis',(0.,0.,1.));
#4829=DIRECTION('ref_axis',(-1.,0.,0.));
#4830=DIRECTION('',(0.,1.,0.));
#4831=DIRECTION('',(1.,0.,0.));
#4832=DIRECTION('center_axis',(0.,0.,-1.));
#4833=DIRECTION('ref_axis',(1.,0.,0.));
#4834=DIRECTION('center_axis',(0.,0.,1.));
#4835=DIRECTION('ref_axis',(1.,0.,0.));
#4836=DIRECTION('',(0.,0.,-1.));
#4837=DIRECTION('center_axis',(0.,0.,1.));
#4838=DIRECTION('ref_axis',(1.,0.,0.));
#4839=DIRECTION('center_axis',(0.,0.,1.));
#4840=DIRECTION('ref_axis',(1.,0.,0.));
#4841=DIRECTION('',(0.,0.,-1.));
#4842=DIRECTION('center_axis',(0.,1.,0.));
#4843=DIRECTION('ref_axis',(0.,0.,-1.));
#4844=DIRECTION('',(1.,0.,0.));
#4845=DIRECTION('',(0.,0.,-1.));
#4846=DIRECTION('',(-0.991423590996496,0.,-0.130687655176811));
#4847=DIRECTION('',(0.,0.,1.));
#4848=DIRECTION('',(1.,0.,0.));
#4849=DIRECTION('center_axis',(0.,-1.,0.));
#4850=DIRECTION('ref_axis',(-0.360041149911548,0.,-0.932936423541481));
#4851=DIRECTION('center_axis',(0.,1.,0.));
#4852=DIRECTION('ref_axis',(1.,0.,0.));
#4853=DIRECTION('',(0.,0.,1.));
#4854=DIRECTION('',(0.,0.,1.));
#4855=DIRECTION('center_axis',(0.,-1.,0.));
#4856=DIRECTION('ref_axis',(1.,0.,0.));
#4857=DIRECTION('center_axis',(1.,0.,0.));
#4858=DIRECTION('ref_axis',(0.,0.,-1.));
#4859=DIRECTION('',(0.,1.,0.));
#4860=DIRECTION('center_axis',(0.,1.,0.));
#4861=DIRECTION('ref_axis',(0.,0.,-1.));
#4862=DIRECTION('',(0.,0.,-1.));
#4863=DIRECTION('center_axis',(0.,-1.,0.));
#4864=DIRECTION('ref_axis',(1.,0.,0.));
#4865=DIRECTION('center_axis',(0.,1.,0.));
#4866=DIRECTION('ref_axis',(-0.360041149911548,0.,-0.932936423541481));
#4867=DIRECTION('',(-1.,0.,0.));
#4868=DIRECTION('',(0.,0.,-1.));
#4869=DIRECTION('',(0.991423590996496,0.,0.130687655176811));
#4870=DIRECTION('',(0.,0.,1.));
#4871=DIRECTION('center_axis',(0.,1.,0.));
#4872=DIRECTION('ref_axis',(1.,0.,0.));
#4873=DIRECTION('center_axis',(-0.130687655176811,0.,0.991423590996496));
#4874=DIRECTION('ref_axis',(0.991423590996496,0.,0.130687655176811));
#4875=DIRECTION('',(0.,-1.,0.));
#4876=DIRECTION('',(0.,1.,0.));
#4877=DIRECTION('center_axis',(0.130687655176811,0.,-0.991423590996496));
#4878=DIRECTION('ref_axis',(0.991423590996496,0.,0.130687655176811));
#4879=DIRECTION('center_axis',(0.,0.,-1.));
#4880=DIRECTION('ref_axis',(1.,0.,0.));
#4881=DIRECTION('',(0.,1.,0.));
#4882=DIRECTION('center_axis',(0.,-1.,0.));
#4883=DIRECTION('ref_axis',(1.,0.,0.));
#4884=DIRECTION('',(0.,0.,1.));
#4885=DIRECTION('center_axis',(0.,1.,0.));
#4886=DIRECTION('ref_axis',(1.,0.,0.));
#4887=DIRECTION('center_axis',(0.,-1.,0.));
#4888=DIRECTION('ref_axis',(-0.360041149911548,0.,-0.932936423541481));
#4889=DIRECTION('',(1.,0.,0.));
#4890=DIRECTION('',(0.,0.,1.));
#4891=DIRECTION('',(0.,0.,1.));
#4892=DIRECTION('',(0.983869910099907,0.,0.178885438199983));
#4893=DIRECTION('',(0.,0.,-1.));
#4894=DIRECTION('center_axis',(0.,-1.,0.));
#4895=DIRECTION('ref_axis',(1.,0.,0.));
#4896=DIRECTION('center_axis',(0.130170317096168,0.,-0.99149164824878));
#4897=DIRECTION('ref_axis',(0.,1.,0.));
#4898=DIRECTION('',(0.,-1.,0.));
#4899=DIRECTION('center_axis',(0.130170317096168,0.,-0.99149164824878));
#4900=DIRECTION('ref_axis',(0.,1.,0.));
#4901=DIRECTION('center_axis',(0.130170317096168,0.,-0.99149164824878));
#4902=DIRECTION('ref_axis',(0.,1.,0.));
#4903=DIRECTION('center_axis',(-1.,0.,0.));
#4904=DIRECTION('ref_axis',(0.,0.,-1.));
#4905=DIRECTION('center_axis',(1.,0.,0.));
#4906=DIRECTION('ref_axis',(0.,0.,1.));
#4907=DIRECTION('',(0.,-1.,0.));
#4908=DIRECTION('center_axis',(1.,0.,0.));
#4909=DIRECTION('ref_axis',(0.,0.,1.));
#4910=DIRECTION('center_axis',(0.,-1.,0.));
#4911=DIRECTION('ref_axis',(-0.360041149911548,0.,-0.932936423541481));
#4912=DIRECTION('center_axis',(0.,1.,0.));
#4913=DIRECTION('ref_axis',(-0.360041149911548,0.,-0.932936423541481));
#4914=DIRECTION('',(0.,1.,0.));
#4915=DIRECTION('',(0.,1.,0.));
#4916=DIRECTION('center_axis',(0.,1.,0.));
#4917=DIRECTION('ref_axis',(1.,0.,0.));
#4918=DIRECTION('',(0.,1.,0.));
#4919=DIRECTION('center_axis',(0.,1.,0.));
#4920=DIRECTION('ref_axis',(1.,0.,0.));
#4921=DIRECTION('center_axis',(0.,1.,0.));
#4922=DIRECTION('ref_axis',(-0.360041149911548,0.,-0.932936423541481));
#4923=DIRECTION('',(0.,-1.,0.));
#4924=DIRECTION('',(0.,-1.,0.));
#4925=DIRECTION('center_axis',(0.,0.,-1.));
#4926=DIRECTION('ref_axis',(1.,0.,0.));
#4927=DIRECTION('',(0.,-1.,0.));
#4928=DIRECTION('center_axis',(1.,0.,0.));
#4929=DIRECTION('ref_axis',(0.,0.,1.));
#4930=DIRECTION('',(0.,-1.,0.));
#4931=DIRECTION('center_axis',(0.,1.,0.));
#4932=DIRECTION('ref_axis',(1.,0.,0.));
#4933=DIRECTION('center_axis',(0.,1.,0.));
#4934=DIRECTION('ref_axis',(1.,0.,0.));
#4935=DIRECTION('',(0.,-1.,0.));
#4936=DIRECTION('center_axis',(-1.,0.,0.));
#4937=DIRECTION('ref_axis',(0.,0.,1.));
#4938=DIRECTION('',(0.,0.,1.));
#4939=DIRECTION('center_axis',(0.,1.,0.));
#4940=DIRECTION('ref_axis',(1.,0.,0.));
#4941=DIRECTION('center_axis',(0.,-1.,0.));
#4942=DIRECTION('ref_axis',(1.,0.,0.));
#4943=DIRECTION('',(0.,1.,0.));
#4944=DIRECTION('center_axis',(1.,0.,0.));
#4945=DIRECTION('ref_axis',(0.,0.,-1.));
#4946=DIRECTION('',(0.,1.,0.));
#4947=DIRECTION('',(0.,0.,1.));
#4948=DIRECTION('center_axis',(-0.178885438199983,0.,0.983869910099907));
#4949=DIRECTION('ref_axis',(0.983869910099907,0.,0.178885438199983));
#4950=DIRECTION('',(0.,1.,0.));
#4951=DIRECTION('',(0.983869910099907,0.,0.178885438199983));
#4952=DIRECTION('',(0.983869910099907,0.,0.178885438199983));
#4953=DIRECTION('center_axis',(0.130170317096169,0.,-0.99149164824878));
#4954=DIRECTION('ref_axis',(0.,1.,0.));
#4955=DIRECTION('',(-0.130170317096169,0.,0.99149164824878));
#4956=DIRECTION('center_axis',(0.130170317096168,0.,-0.99149164824878));
#4957=DIRECTION('ref_axis',(0.,1.,0.));
#4958=DIRECTION('center_axis',(-1.,0.,0.));
#4959=DIRECTION('ref_axis',(0.,0.,1.));
#4960=DIRECTION('',(0.,0.,1.));
#4961=DIRECTION('',(0.,0.,1.));
#4962=DIRECTION('',(0.,1.,0.));
#4963=DIRECTION('center_axis',(0.130170317096168,0.,-0.99149164824878));
#4964=DIRECTION('ref_axis',(0.,1.,0.));
#4965=DIRECTION('center_axis',(0.,0.,1.));
#4966=DIRECTION('ref_axis',(1.,0.,0.));
#4967=DIRECTION('',(1.,0.,0.));
#4968=DIRECTION('center_axis',(0.,-1.,0.));
#4969=DIRECTION('ref_axis',(1.,0.,0.));
#4970=DIRECTION('axis',(0.,0.,1.));
#4971=DIRECTION('refdir',(1.,0.,0.));
#4972=DIRECTION('center_axis',(1.,0.,0.));
#4973=DIRECTION('ref_axis',(0.,0.,-1.));
#4974=DIRECTION('',(0.,-1.,0.));
#4975=DIRECTION('',(0.,0.,1.));
#4976=DIRECTION('',(0.,1.,0.));
#4977=DIRECTION('',(0.,0.,1.));
#4978=DIRECTION('center_axis',(1.,0.,0.));
#4979=DIRECTION('ref_axis',(0.,0.,-1.));
#4980=DIRECTION('',(0.,0.,-1.));
#4981=DIRECTION('',(0.,-1.,0.));
#4982=DIRECTION('',(0.,0.,1.));
#4983=DIRECTION('',(0.,1.,0.));
#4984=DIRECTION('center_axis',(0.,0.,-1.));
#4985=DIRECTION('ref_axis',(1.,0.,0.));
#4986=DIRECTION('',(1.,0.,0.));
#4987=DIRECTION('',(0.,1.,0.));
#4988=DIRECTION('',(1.,0.,0.));
#4989=DIRECTION('center_axis',(0.,1.,0.));
#4990=DIRECTION('ref_axis',(0.,0.,1.));
#4991=DIRECTION('',(-1.,0.,0.));
#4992=DIRECTION('',(0.,0.,-1.));
#4993=DIRECTION('',(1.,0.,0.));
#4994=DIRECTION('',(0.,0.,1.));
#4995=DIRECTION('center_axis',(0.,-1.,0.));
#4996=DIRECTION('ref_axis',(0.,0.,-1.));
#4997=DIRECTION('',(-1.,0.,0.));
#4998=DIRECTION('',(0.,0.,-1.));
#4999=DIRECTION('',(-1.,0.,0.));
#5000=DIRECTION('',(0.,0.,1.));
#5001=DIRECTION('',(1.,0.,0.));
#5002=DIRECTION('center_axis',(0.,0.,1.));
#5003=DIRECTION('ref_axis',(-1.,0.,0.));
#5004=DIRECTION('',(0.,1.,0.));
#5005=DIRECTION('',(1.,0.,0.));
#5006=DIRECTION('',(0.,1.,0.));
#5007=DIRECTION('center_axis',(1.,0.,0.));
#5008=DIRECTION('ref_axis',(0.,0.,-1.));
#5009=DIRECTION('',(0.,0.,-1.));
#5010=DIRECTION('',(0.,1.,0.));
#5011=DIRECTION('center_axis',(0.,0.,1.));
#5012=DIRECTION('ref_axis',(1.,0.,0.));
#5013=DIRECTION('',(1.,0.,0.));
#5014=DIRECTION('',(-1.,0.,0.));
#5015=DIRECTION('',(0.,1.,0.));
#5016=DIRECTION('center_axis',(0.,0.,1.));
#5017=DIRECTION('ref_axis',(-1.,0.,0.));
#5018=DIRECTION('center_axis',(0.,0.,1.));
#5019=DIRECTION('ref_axis',(1.,0.,0.));
#5020=DIRECTION('',(-1.,0.,0.));
#5021=DIRECTION('',(0.,1.,0.));
#5022=DIRECTION('',(1.,0.,0.));
#5023=DIRECTION('',(0.,1.,0.));
#5024=DIRECTION('center_axis',(0.,0.,1.));
#5025=DIRECTION('ref_axis',(-1.,0.,0.));
#5026=DIRECTION('center_axis',(0.,0.,-1.));
#5027=DIRECTION('ref_axis',(1.,0.,0.));
#5028=DIRECTION('',(-1.,0.,0.));
#5029=DIRECTION('',(0.,1.,0.));
#5030=DIRECTION('center_axis',(0.,0.,1.));
#5031=DIRECTION('ref_axis',(-1.,0.,0.));
#5032=DIRECTION('center_axis',(0.,0.,-1.));
#5033=DIRECTION('ref_axis',(-1.,0.,0.));
#5034=DIRECTION('',(0.,0.,-1.));
#5035=DIRECTION('center_axis',(0.,0.,-1.));
#5036=DIRECTION('ref_axis',(-1.,0.,0.));
#5037=DIRECTION('center_axis',(0.,0.,-1.));
#5038=DIRECTION('ref_axis',(-1.,0.,0.));
#5039=DIRECTION('',(0.,0.,-1.));
#5040=DIRECTION('center_axis',(0.,-1.,0.));
#5041=DIRECTION('ref_axis',(0.,0.,-1.));
#5042=DIRECTION('',(-1.,0.,0.));
#5043=DIRECTION('',(0.,0.,1.));
#5044=DIRECTION('',(0.,0.,1.));
#5045=DIRECTION('center_axis',(0.,-1.,0.));
#5046=DIRECTION('ref_axis',(-1.,0.,0.));
#5047=DIRECTION('center_axis',(0.,1.,0.));
#5048=DIRECTION('ref_axis',(0.360041149911548,0.,-0.932936423541481));
#5049=DIRECTION('',(-1.,0.,0.));
#5050=DIRECTION('',(0.,0.,1.));
#5051=DIRECTION('',(0.991423590996496,0.,-0.130687655176811));
#5052=DIRECTION('',(0.,0.,-1.));
#5053=DIRECTION('center_axis',(0.,1.,0.));
#5054=DIRECTION('ref_axis',(-1.,0.,0.));
#5055=DIRECTION('center_axis',(1.,0.,0.));
#5056=DIRECTION('ref_axis',(0.,0.,-1.));
#5057=DIRECTION('',(0.,1.,0.));
#5058=DIRECTION('center_axis',(0.,-1.,0.));
#5059=DIRECTION('ref_axis',(0.,0.,-1.));
#5060=DIRECTION('',(0.,0.,1.));
#5061=DIRECTION('',(-0.991423590996496,0.,0.130687655176811));
#5062=DIRECTION('',(0.,0.,-1.));
#5063=DIRECTION('',(1.,0.,0.));
#5064=DIRECTION('center_axis',(0.,-1.,0.));
#5065=DIRECTION('ref_axis',(0.360041149911548,0.,-0.932936423541481));
#5066=DIRECTION('center_axis',(0.,1.,0.));
#5067=DIRECTION('ref_axis',(-1.,0.,0.));
#5068=DIRECTION('',(0.,0.,-1.));
#5069=DIRECTION('center_axis',(0.,-1.,0.));
#5070=DIRECTION('ref_axis',(-1.,0.,0.));
#5071=DIRECTION('center_axis',(-0.130687655176811,0.,-0.991423590996496));
#5072=DIRECTION('ref_axis',(-0.991423590996496,0.,0.130687655176811));
#5073=DIRECTION('',(0.,1.,0.));
#5074=DIRECTION('',(0.,-1.,0.));
#5075=DIRECTION('center_axis',(0.130687655176811,0.,0.991423590996496));
#5076=DIRECTION('ref_axis',(-0.991423590996496,0.,0.130687655176811));
#5077=DIRECTION('center_axis',(0.,0.,1.));
#5078=DIRECTION('ref_axis',(-1.,0.,0.));
#5079=DIRECTION('',(0.,1.,0.));
#5080=DIRECTION('center_axis',(0.,1.,0.));
#5081=DIRECTION('ref_axis',(-1.,0.,0.));
#5082=DIRECTION('',(0.,0.,-1.));
#5083=DIRECTION('',(-0.983869910099907,0.,0.178885438199983));
#5084=DIRECTION('',(0.,0.,1.));
#5085=DIRECTION('',(0.,0.,1.));
#5086=DIRECTION('',(-1.,0.,0.));
#5087=DIRECTION('center_axis',(0.,1.,0.));
#5088=DIRECTION('ref_axis',(0.360041149911548,0.,-0.932936423541481));
#5089=DIRECTION('center_axis',(0.,-1.,0.));
#5090=DIRECTION('ref_axis',(-1.,0.,0.));
#5091=DIRECTION('',(0.,0.,1.));
#5092=DIRECTION('center_axis',(0.,1.,0.));
#5093=DIRECTION('ref_axis',(-1.,0.,0.));
#5094=DIRECTION('center_axis',(0.130170317096168,0.,0.99149164824878));
#5095=DIRECTION('ref_axis',(0.,1.,0.));
#5096=DIRECTION('',(0.,-1.,0.));
#5097=DIRECTION('center_axis',(0.130170317096168,0.,0.99149164824878));
#5098=DIRECTION('ref_axis',(0.,1.,0.));
#5099=DIRECTION('center_axis',(0.130170317096168,0.,0.99149164824878));
#5100=DIRECTION('ref_axis',(0.,1.,0.));
#5101=DIRECTION('center_axis',(-1.,0.,0.));
#5102=DIRECTION('ref_axis',(0.,0.,-1.));
#5103=DIRECTION('center_axis',(1.,0.,0.));
#5104=DIRECTION('ref_axis',(0.,0.,1.));
#5105=DIRECTION('',(0.,-1.,0.));
#5106=DIRECTION('center_axis',(1.,0.,0.));
#5107=DIRECTION('ref_axis',(0.,0.,1.));
#5108=DIRECTION('center_axis',(0.,1.,0.));
#5109=DIRECTION('ref_axis',(0.360041149911548,0.,-0.932936423541481));
#5110=DIRECTION('center_axis',(0.,-1.,0.));
#5111=DIRECTION('ref_axis',(0.360041149911548,0.,-0.932936423541481));
#5112=DIRECTION('',(0.,1.,0.));
#5113=DIRECTION('',(0.,1.,0.));
#5114=DIRECTION('center_axis',(0.,-1.,0.));
#5115=DIRECTION('ref_axis',(-1.,0.,0.));
#5116=DIRECTION('center_axis',(0.,-1.,0.));
#5117=DIRECTION('ref_axis',(-1.,0.,0.));
#5118=DIRECTION('',(0.,1.,0.));
#5119=DIRECTION('center_axis',(0.,-1.,0.));
#5120=DIRECTION('ref_axis',(0.360041149911548,0.,-0.932936423541481));
#5121=DIRECTION('',(0.,-1.,0.));
#5122=DIRECTION('',(0.,-1.,0.));
#5123=DIRECTION('center_axis',(0.,0.,1.));
#5124=DIRECTION('ref_axis',(-1.,0.,0.));
#5125=DIRECTION('',(0.,-1.,0.));
#5126=DIRECTION('center_axis',(1.,0.,0.));
#5127=DIRECTION('ref_axis',(0.,0.,1.));
#5128=DIRECTION('',(0.,-1.,0.));
#5129=DIRECTION('center_axis',(0.,-1.,0.));
#5130=DIRECTION('ref_axis',(-1.,0.,0.));
#5131=DIRECTION('center_axis',(0.,-1.,0.));
#5132=DIRECTION('ref_axis',(-1.,0.,0.));
#5133=DIRECTION('',(0.,-1.,0.));
#5134=DIRECTION('center_axis',(-1.,0.,0.));
#5135=DIRECTION('ref_axis',(0.,0.,1.));
#5136=DIRECTION('',(0.,0.,1.));
#5137=DIRECTION('center_axis',(0.,-1.,0.));
#5138=DIRECTION('ref_axis',(-1.,0.,0.));
#5139=DIRECTION('center_axis',(0.,1.,0.));
#5140=DIRECTION('ref_axis',(-1.,0.,0.));
#5141=DIRECTION('',(0.,1.,0.));
#5142=DIRECTION('center_axis',(1.,0.,0.));
#5143=DIRECTION('ref_axis',(0.,0.,-1.));
#5144=DIRECTION('',(0.,0.,1.));
#5145=DIRECTION('',(0.,1.,0.));
#5146=DIRECTION('center_axis',(-0.178885438199983,0.,-0.983869910099907));
#5147=DIRECTION('ref_axis',(-0.983869910099907,0.,0.178885438199983));
#5148=DIRECTION('',(-0.983869910099907,0.,0.178885438199983));
#5149=DIRECTION('',(-0.983869910099907,0.,0.178885438199983));
#5150=DIRECTION('',(0.,1.,0.));
#5151=DIRECTION('center_axis',(0.130170317096169,0.,0.99149164824878));
#5152=DIRECTION('ref_axis',(0.,1.,0.));
#5153=DIRECTION('',(0.130170317096169,0.,0.99149164824878));
#5154=DIRECTION('center_axis',(0.130170317096168,0.,0.99149164824878));
#5155=DIRECTION('ref_axis',(0.,1.,0.));
#5156=DIRECTION('center_axis',(-1.,0.,0.));
#5157=DIRECTION('ref_axis',(0.,0.,1.));
#5158=DIRECTION('',(0.,0.,1.));
#5159=DIRECTION('',(0.,1.,0.));
#5160=DIRECTION('',(0.,0.,1.));
#5161=DIRECTION('center_axis',(0.130170317096168,0.,0.99149164824878));
#5162=DIRECTION('ref_axis',(0.,1.,0.));
#5163=DIRECTION('center_axis',(0.,0.,-1.));
#5164=DIRECTION('ref_axis',(-1.,0.,0.));
#5165=DIRECTION('',(-1.,0.,0.));
#5166=DIRECTION('center_axis',(0.,1.,0.));
#5167=DIRECTION('ref_axis',(-1.,0.,0.));
#5168=DIRECTION('axis',(0.,0.,1.));
#5169=DIRECTION('refdir',(1.,0.,0.));
#5170=DIRECTION('center_axis',(-0.130170317096168,0.,-0.99149164824878));
#5171=DIRECTION('ref_axis',(0.,1.,0.));
#5172=DIRECTION('center_axis',(-0.130170317096168,8.88178419700124E-15,
-0.99149164824878));
#5173=DIRECTION('ref_axis',(0.,1.,0.));
#5174=DIRECTION('',(-0.130170317096168,0.,-0.99149164824878));
#5175=DIRECTION('center_axis',(0.13017031709617,-7.68766241670654E-15,0.99149164824878));
#5176=DIRECTION('ref_axis',(0.,1.,0.));
#5177=DIRECTION('center_axis',(-0.130170317096168,0.,-0.99149164824878));
#5178=DIRECTION('ref_axis',(0.,1.,0.));
#5179=DIRECTION('center_axis',(-0.130170317096168,8.88178419700124E-15,
-0.99149164824878));
#5180=DIRECTION('ref_axis',(0.,1.,0.));
#5181=DIRECTION('',(-0.130170317096168,0.,-0.99149164824878));
#5182=DIRECTION('center_axis',(0.13017031709617,-7.68766241670654E-15,0.99149164824878));
#5183=DIRECTION('ref_axis',(0.,1.,0.));
#5184=DIRECTION('center_axis',(-0.13017031709617,0.,-0.99149164824878));
#5185=DIRECTION('ref_axis',(0.99149164824878,0.,-0.13017031709617));
#5186=DIRECTION('center_axis',(-0.13017031709617,0.,-0.99149164824878));
#5187=DIRECTION('ref_axis',(-0.46658430505825,-0.882352941176471,0.0612566198099625));
#5188=DIRECTION('',(0.,-1.,0.));
#5189=DIRECTION('center_axis',(-0.13017031709617,0.,-0.99149164824878));
#5190=DIRECTION('ref_axis',(-0.46658430505825,-0.882352941176471,0.0612566198099625));
#5191=DIRECTION('',(0.130170317096168,0.,0.99149164824878));
#5192=DIRECTION('center_axis',(0.130170317096168,-8.88178419700124E-15,
0.99149164824878));
#5193=DIRECTION('ref_axis',(-0.46658430505825,-0.882352941176471,0.0612566198099625));
#5194=DIRECTION('',(-0.13017031709617,0.,-0.99149164824878));
#5195=DIRECTION('center_axis',(1.15614466530341E-15,1.,8.80621485287473E-15));
#5196=DIRECTION('ref_axis',(-0.99149164824878,0.,0.13017031709617));
#5197=DIRECTION('',(0.99149164824878,0.,-0.13017031709617));
#5198=DIRECTION('',(-0.13017031709617,8.88178419700124E-15,-0.99149164824878));
#5199=DIRECTION('',(0.99149164824878,-2.42574728355461E-29,-0.130170317096168));
#5200=DIRECTION('',(0.130170317096168,-8.88178419700124E-15,0.99149164824878));
#5201=DIRECTION('center_axis',(0.99149164824878,0.,-0.130170317096168));
#5202=DIRECTION('ref_axis',(0.,1.,0.));
#5203=DIRECTION('',(0.,-1.,0.));
#5204=DIRECTION('',(1.15614466530338E-15,1.,8.80621485287473E-15));
#5205=DIRECTION('',(0.130170317096168,-8.88178419700124E-15,0.99149164824878));
#5206=DIRECTION('center_axis',(-1.15614466530324E-15,-1.,-8.80621485287475E-15));
#5207=DIRECTION('ref_axis',(0.991491648248782,0.,-0.130170317096152));
#5208=DIRECTION('',(-0.991491648248782,0.,0.130170317096152));
#5209=DIRECTION('',(0.99149164824878,1.39233949771509E-28,-0.130170317096168));
#5210=DIRECTION('',(0.130170317096168,-8.88178419700124E-15,0.99149164824878));
#5211=DIRECTION('center_axis',(0.130170317096168,-8.88178419700124E-15,
0.99149164824878));
#5212=DIRECTION('ref_axis',(0.99149164824878,0.,-0.130170317096168));
#5213=DIRECTION('',(1.15614466530341E-15,1.,8.80621485287473E-15));
#5214=DIRECTION('',(1.15614466530341E-15,1.,8.80621485287473E-15));
#5215=DIRECTION('center_axis',(0.13017031709617,-7.68766241670654E-15,0.99149164824878));
#5216=DIRECTION('ref_axis',(1.000705454511E-15,1.,7.62225308072057E-15));
#5217=DIRECTION('',(0.,-1.,0.));
#5218=DIRECTION('center_axis',(0.99149164824878,0.,-0.13017031709617));
#5219=DIRECTION('ref_axis',(0.,-1.,0.));
#5220=DIRECTION('axis',(0.,0.,1.));
#5221=DIRECTION('refdir',(1.,0.,0.));
#5222=DIRECTION('center_axis',(0.130170317096169,0.,0.99149164824878));
#5223=DIRECTION('ref_axis',(0.,-1.,0.));
#5224=DIRECTION('center_axis',(0.130170317096168,0.,0.99149164824878));
#5225=DIRECTION('ref_axis',(0.,-1.,0.));
#5226=DIRECTION('',(0.130170317096169,0.,0.99149164824878));
#5227=DIRECTION('center_axis',(0.130170317096167,0.,0.99149164824878));
#5228=DIRECTION('ref_axis',(0.,-1.,0.));
#5229=DIRECTION('center_axis',(-0.130170317096167,0.,-0.99149164824878));
#5230=DIRECTION('ref_axis',(0.,-1.,0.));
#5231=DIRECTION('center_axis',(-0.130170317096167,0.,-0.99149164824878));
#5232=DIRECTION('ref_axis',(0.,1.,0.));
#5233=DIRECTION('center_axis',(0.130170317096169,0.,0.99149164824878));
#5234=DIRECTION('ref_axis',(0.,-1.,0.));
#5235=DIRECTION('center_axis',(0.130170317096168,0.,0.99149164824878));
#5236=DIRECTION('ref_axis',(0.,-1.,0.));
#5237=DIRECTION('',(0.130170317096169,0.,0.99149164824878));
#5238=DIRECTION('center_axis',(0.130170317096167,0.,0.99149164824878));
#5239=DIRECTION('ref_axis',(0.,-1.,0.));
#5240=DIRECTION('center_axis',(-0.130170317096167,0.,-0.99149164824878));
#5241=DIRECTION('ref_axis',(0.,-1.,0.));
#5242=DIRECTION('center_axis',(-0.130170317096167,0.,-0.99149164824878));
#5243=DIRECTION('ref_axis',(0.,1.,0.));
#5244=DIRECTION('center_axis',(-0.130170317096168,0.,-0.99149164824878));
#5245=DIRECTION('ref_axis',(0.,1.,0.));
#5246=DIRECTION('center_axis',(-0.130170317096169,0.,-0.99149164824878));
#5247=DIRECTION('ref_axis',(0.,1.,0.));
#5248=DIRECTION('',(-0.130170317096168,0.,-0.99149164824878));
#5249=DIRECTION('center_axis',(-0.130170317096168,0.,-0.99149164824878));
#5250=DIRECTION('ref_axis',(0.,1.,0.));
#5251=DIRECTION('center_axis',(-0.130170317096169,0.,-0.99149164824878));
#5252=DIRECTION('ref_axis',(0.,1.,0.));
#5253=DIRECTION('',(-0.130170317096168,0.,-0.99149164824878));
#5254=DIRECTION('center_axis',(0.,1.,0.));
#5255=DIRECTION('ref_axis',(-1.,0.,0.));
#5256=DIRECTION('',(-0.99149164824878,0.,0.130170317096168));
#5257=DIRECTION('',(-0.998711352383492,0.,0.0507507105402112));
#5258=DIRECTION('center_axis',(0.,1.,0.));
#5259=DIRECTION('ref_axis',(-1.,0.,0.));
#5260=DIRECTION('',(0.964564301452477,0.,-0.263847888684931));
#5261=DIRECTION('',(0.99149164824878,0.,-0.130170317096169));
#5262=DIRECTION('',(0.13017031709617,0.,0.99149164824878));
#5263=DIRECTION('center_axis',(0.,-1.,0.));
#5264=DIRECTION('ref_axis',(-1.,0.,0.));
#5265=DIRECTION('center_axis',(0.,-1.,0.));
#5266=DIRECTION('ref_axis',(0.98740337505478,0.,-0.158223180761951));
#5267=DIRECTION('',(0.,-1.,0.));
#5268=DIRECTION('center_axis',(0.,-1.,0.));
#5269=DIRECTION('ref_axis',(-1.,0.,0.));
#5270=DIRECTION('',(0.,-1.,0.));
#5271=DIRECTION('center_axis',(-0.0507507105402112,0.,-0.998711352383492));
#5272=DIRECTION('ref_axis',(0.998711352383492,0.,-0.0507507105402112));
#5273=DIRECTION('',(0.,-1.,0.));
#5274=DIRECTION('',(0.998711352383492,0.,-0.0507507105402112));
#5275=DIRECTION('center_axis',(-0.130170317096168,0.,-0.99149164824878));
#5276=DIRECTION('ref_axis',(0.99149164824878,0.,-0.130170317096168));
#5277=DIRECTION('',(0.,-1.,0.));
#5278=DIRECTION('',(0.99149164824878,0.,-0.130170317096168));
#5279=DIRECTION('center_axis',(0.,1.,0.));
#5280=DIRECTION('ref_axis',(-1.,0.,0.));
#5281=DIRECTION('',(-0.13017031709617,0.,-0.99149164824878));
#5282=DIRECTION('',(-0.99149164824878,0.,0.130170317096169));
#5283=DIRECTION('',(-0.964564301452477,0.,0.263847888684931));
#5284=DIRECTION('center_axis',(0.,1.,0.));
#5285=DIRECTION('ref_axis',(-1.,0.,0.));
#5286=DIRECTION('center_axis',(0.130170317096169,0.,0.99149164824878));
#5287=DIRECTION('ref_axis',(-0.99149164824878,0.,0.130170317096169));
#5288=DIRECTION('',(0.,-1.,0.));
#5289=DIRECTION('',(0.,1.,0.));
#5290=DIRECTION('center_axis',(-0.130170317096169,0.,-0.99149164824878));
#5291=DIRECTION('ref_axis',(0.,1.,0.));
#5292=DIRECTION('center_axis',(-0.99149164824878,0.,0.13017031709617));
#5293=DIRECTION('ref_axis',(0.13017031709617,0.,0.99149164824878));
#5294=DIRECTION('center_axis',(0.130170317096168,0.,0.99149164824878));
#5295=DIRECTION('ref_axis',(0.,1.,0.));
#5296=DIRECTION('center_axis',(-0.130170317096168,0.,-0.99149164824878));
#5297=DIRECTION('ref_axis',(0.,1.,0.));
#5298=DIRECTION('center_axis',(0.130170317096169,0.,0.99149164824878));
#5299=DIRECTION('ref_axis',(0.,1.,0.));
#5300=DIRECTION('',(0.130170317096169,0.,0.99149164824878));
#5301=DIRECTION('center_axis',(0.,-1.,0.));
#5302=DIRECTION('ref_axis',(-1.,0.,0.));
#5303=DIRECTION('',(0.,-1.,0.));
#5304=DIRECTION('center_axis',(0.263847888684931,0.,0.964564301452477));
#5305=DIRECTION('ref_axis',(-0.964564301452477,0.,0.263847888684931));
#5306=DIRECTION('axis',(0.,0.,1.));
#5307=DIRECTION('refdir',(1.,0.,0.));
#5308=DIRECTION('center_axis',(0.130170317096169,0.,-0.99149164824878));
#5309=DIRECTION('ref_axis',(0.,-1.,0.));
#5310=DIRECTION('center_axis',(0.130170317096168,0.,-0.99149164824878));
#5311=DIRECTION('ref_axis',(0.,-1.,0.));
#5312=DIRECTION('',(-0.130170317096169,0.,0.99149164824878));
#5313=DIRECTION('center_axis',(0.130170317096167,0.,-0.99149164824878));
#5314=DIRECTION('ref_axis',(0.,-1.,0.));
#5315=DIRECTION('center_axis',(-0.130170317096167,0.,0.99149164824878));
#5316=DIRECTION('ref_axis',(0.,-1.,0.));
#5317=DIRECTION('center_axis',(-0.130170317096167,0.,0.99149164824878));
#5318=DIRECTION('ref_axis',(0.,1.,0.));
#5319=DIRECTION('center_axis',(0.130170317096169,0.,-0.99149164824878));
#5320=DIRECTION('ref_axis',(0.,-1.,0.));
#5321=DIRECTION('center_axis',(0.130170317096168,0.,-0.99149164824878));
#5322=DIRECTION('ref_axis',(0.,-1.,0.));
#5323=DIRECTION('',(-0.130170317096169,0.,0.99149164824878));
#5324=DIRECTION('center_axis',(0.130170317096167,0.,-0.99149164824878));
#5325=DIRECTION('ref_axis',(0.,-1.,0.));
#5326=DIRECTION('center_axis',(-0.130170317096167,0.,0.99149164824878));
#5327=DIRECTION('ref_axis',(0.,-1.,0.));
#5328=DIRECTION('center_axis',(-0.130170317096167,0.,0.99149164824878));
#5329=DIRECTION('ref_axis',(0.,1.,0.));
#5330=DIRECTION('center_axis',(-0.130170317096168,0.,0.99149164824878));
#5331=DIRECTION('ref_axis',(0.,1.,0.));
#5332=DIRECTION('center_axis',(-0.130170317096169,0.,0.99149164824878));
#5333=DIRECTION('ref_axis',(0.,1.,0.));
#5334=DIRECTION('',(0.130170317096168,0.,-0.99149164824878));
#5335=DIRECTION('center_axis',(-0.130170317096168,0.,0.99149164824878));
#5336=DIRECTION('ref_axis',(0.,1.,0.));
#5337=DIRECTION('center_axis',(-0.130170317096169,0.,0.99149164824878));
#5338=DIRECTION('ref_axis',(0.,1.,0.));
#5339=DIRECTION('',(0.130170317096168,0.,-0.99149164824878));
#5340=DIRECTION('center_axis',(0.,-1.,0.));
#5341=DIRECTION('ref_axis',(1.,0.,0.));
#5342=DIRECTION('',(0.99149164824878,0.,0.130170317096168));
#5343=DIRECTION('',(-0.13017031709617,0.,0.99149164824878));
#5344=DIRECTION('',(-0.99149164824878,0.,-0.130170317096169));
#5345=DIRECTION('',(-0.964564301452477,0.,-0.263847888684931));
#5346=DIRECTION('center_axis',(0.,-1.,0.));
#5347=DIRECTION('ref_axis',(1.,0.,0.));
#5348=DIRECTION('',(0.998711352383492,0.,0.0507507105402112));
#5349=DIRECTION('center_axis',(0.,1.,0.));
#5350=DIRECTION('ref_axis',(1.,0.,0.));
#5351=DIRECTION('center_axis',(0.,1.,0.));
#5352=DIRECTION('ref_axis',(-0.98740337505478,0.,-0.158223180761951));
#5353=DIRECTION('',(0.,-1.,0.));
#5354=DIRECTION('center_axis',(0.,1.,0.));
#5355=DIRECTION('ref_axis',(1.,0.,0.));
#5356=DIRECTION('',(0.,-1.,0.));
#5357=DIRECTION('center_axis',(-0.0507507105402112,0.,0.998711352383492));
#5358=DIRECTION('ref_axis',(-0.998711352383492,0.,-0.0507507105402112));
#5359=DIRECTION('',(-0.998711352383492,0.,-0.0507507105402112));
#5360=DIRECTION('',(0.,-1.,0.));
#5361=DIRECTION('center_axis',(-0.130170317096168,0.,0.99149164824878));
#5362=DIRECTION('ref_axis',(-0.99149164824878,0.,-0.130170317096168));
#5363=DIRECTION('',(-0.99149164824878,0.,-0.130170317096168));
#5364=DIRECTION('',(0.,-1.,0.));
#5365=DIRECTION('center_axis',(0.,-1.,0.));
#5366=DIRECTION('ref_axis',(1.,0.,0.));
#5367=DIRECTION('',(0.964564301452477,0.,0.263847888684931));
#5368=DIRECTION('',(0.99149164824878,0.,0.130170317096169));
#5369=DIRECTION('',(0.13017031709617,0.,-0.99149164824878));
#5370=DIRECTION('center_axis',(0.,-1.,0.));
#5371=DIRECTION('ref_axis',(1.,0.,0.));
#5372=DIRECTION('center_axis',(0.130170317096169,0.,-0.99149164824878));
#5373=DIRECTION('ref_axis',(0.99149164824878,0.,0.130170317096169));
#5374=DIRECTION('',(0.,1.,0.));
#5375=DIRECTION('',(0.,-1.,0.));
#5376=DIRECTION('center_axis',(-0.130170317096169,0.,0.99149164824878));
#5377=DIRECTION('ref_axis',(0.,1.,0.));
#5378=DIRECTION('center_axis',(-0.99149164824878,0.,-0.13017031709617));
#5379=DIRECTION('ref_axis',(-0.13017031709617,0.,0.99149164824878));
#5380=DIRECTION('center_axis',(0.130170317096168,0.,-0.99149164824878));
#5381=DIRECTION('ref_axis',(0.,1.,0.));
#5382=DIRECTION('center_axis',(-0.130170317096168,0.,0.99149164824878));
#5383=DIRECTION('ref_axis',(0.,1.,0.));
#5384=DIRECTION('center_axis',(0.130170317096169,0.,-0.99149164824878));
#5385=DIRECTION('ref_axis',(0.,1.,0.));
#5386=DIRECTION('',(-0.130170317096169,0.,0.99149164824878));
#5387=DIRECTION('center_axis',(0.,1.,0.));
#5388=DIRECTION('ref_axis',(1.,0.,0.));
#5389=DIRECTION('',(0.,-1.,0.));
#5390=DIRECTION('center_axis',(0.263847888684931,0.,-0.964564301452477));
#5391=DIRECTION('ref_axis',(0.964564301452477,0.,0.263847888684931));
#5392=DIRECTION('axis',(0.,0.,1.));
#5393=DIRECTION('refdir',(1.,0.,0.));
#5394=DIRECTION('center_axis',(-1.,0.,0.));
#5395=DIRECTION('ref_axis',(0.,0.,1.));
#5396=DIRECTION('',(0.,0.,-1.));
#5397=DIRECTION('',(0.,1.,0.));
#5398=DIRECTION('',(0.,0.,1.));
#5399=DIRECTION('',(0.,1.,-2.71926214689378E-32));
#5400=DIRECTION('center_axis',(1.,0.,0.));
#5401=DIRECTION('ref_axis',(0.,0.,-1.));
#5402=DIRECTION('',(0.,0.,-1.));
#5403=DIRECTION('',(0.,-1.,2.71926214689378E-32));
#5404=DIRECTION('',(0.,0.,-1.));
#5405=DIRECTION('',(0.,1.,0.));
#5406=DIRECTION('center_axis',(0.171824574947335,0.,0.985127563031391));
#5407=DIRECTION('ref_axis',(0.985127563031391,-4.60471318006486E-48,-0.171824574947335));
#5408=DIRECTION('',(-0.985127563031391,4.60471318006486E-48,0.171824574947335));
#5409=DIRECTION('',(0.985127563031391,-4.60471318006486E-48,-0.171824574947335));
#5410=DIRECTION('',(0.,1.,0.));
#5411=DIRECTION('center_axis',(-1.,0.,0.));
#5412=DIRECTION('ref_axis',(0.,0.,1.));
#5413=DIRECTION('',(0.,0.,1.));
#5414=DIRECTION('',(0.,0.,1.));
#5415=DIRECTION('',(0.,1.,0.));
#5416=DIRECTION('center_axis',(-0.171824574947335,0.,-0.985127563031391));
#5417=DIRECTION('ref_axis',(-0.985127563031391,4.59480280427141E-48,0.171824574947335));
#5418=DIRECTION('',(0.985127563031391,-4.59480280427141E-48,-0.171824574947335));
#5419=DIRECTION('',(-0.985127563031391,4.59480280427141E-48,0.171824574947335));
#5420=DIRECTION('center_axis',(2.22044604925031E-16,2.71926214689378E-32,
1.));
#5421=DIRECTION('ref_axis',(-1.,-3.44509284839767E-16,2.22044604925031E-16));
#5422=DIRECTION('',(1.,3.44509284839767E-16,-2.22044604925031E-16));
#5423=DIRECTION('',(-3.44509284839767E-16,1.,4.93038065763132E-32));
#5424=DIRECTION('',(-1.,-3.44509284839767E-16,2.22044604925031E-16));
#5425=DIRECTION('',(3.44509284839767E-16,-1.,-4.93038065763132E-32));
#5426=DIRECTION('',(-1.,-3.44509284839767E-16,2.22044604925031E-16));
#5427=DIRECTION('',(-3.44509284839767E-16,1.,4.93038065763132E-32));
#5428=DIRECTION('',(1.,3.44509284839767E-16,-2.22044604925031E-16));
#5429=DIRECTION('center_axis',(2.22044604925031E-16,2.71926214689378E-32,
1.));
#5430=DIRECTION('ref_axis',(-1.,-3.44509284839767E-16,2.22044604925031E-16));
#5431=DIRECTION('',(-1.,-3.44509284839767E-16,2.22044604925031E-16));
#5432=DIRECTION('',(3.44509284839767E-16,-1.,-4.93038065763132E-32));
#5433=DIRECTION('',(1.,3.44509284839767E-16,-2.22044604925031E-16));
#5434=DIRECTION('center_axis',(-2.22044604925031E-16,1.,0.));
#5435=DIRECTION('ref_axis',(1.,2.22044604925031E-16,0.));
#5436=DIRECTION('center_axis',(-3.44509284839767E-16,1.,4.93038065763132E-32));
#5437=DIRECTION('ref_axis',(1.,2.22044604925031E-16,0.));
#5438=DIRECTION('',(-2.22044604925031E-16,1.,0.));
#5439=DIRECTION('center_axis',(3.44509284839767E-16,-1.,-4.93038065763132E-32));
#5440=DIRECTION('ref_axis',(1.,2.22044604925031E-16,0.));
#5441=DIRECTION('center_axis',(-2.22044604925031E-16,1.,0.));
#5442=DIRECTION('ref_axis',(1.,2.22044604925031E-16,0.));
#5443=DIRECTION('center_axis',(-3.44509284839767E-16,1.,4.93038065763132E-32));
#5444=DIRECTION('ref_axis',(1.,2.22044604925031E-16,0.));
#5445=DIRECTION('',(-2.22044604925031E-16,1.,0.));
#5446=DIRECTION('center_axis',(3.44509284839767E-16,-1.,-4.93038065763132E-32));
#5447=DIRECTION('ref_axis',(1.,2.22044604925031E-16,0.));
#5448=DIRECTION('center_axis',(-3.44509284839767E-16,1.,0.));
#5449=DIRECTION('ref_axis',(0.707106781186547,2.43604851491927E-16,0.707106781186547));
#5450=DIRECTION('center_axis',(3.44509284839767E-16,-1.,0.));
#5451=DIRECTION('ref_axis',(0.707106781186547,2.43604851491927E-16,0.707106781186547));
#5452=DIRECTION('',(3.44509284839767E-16,-1.,0.));
#5453=DIRECTION('center_axis',(-3.44509284839767E-16,1.,0.));
#5454=DIRECTION('ref_axis',(0.707106781186547,2.43604851491927E-16,0.707106781186547));
#5455=DIRECTION('',(-3.44509284839767E-16,1.,0.));
#5456=DIRECTION('center_axis',(1.,3.44509284839767E-16,0.));
#5457=DIRECTION('ref_axis',(-3.44509284839767E-16,1.,0.));
#5458=DIRECTION('',(0.,0.,1.));
#5459=DIRECTION('',(0.,0.,1.));
#5460=DIRECTION('center_axis',(3.44509284839767E-16,-1.,0.));
#5461=DIRECTION('ref_axis',(1.,3.44509284839767E-16,0.));
#5462=DIRECTION('',(1.,3.44509284839767E-16,0.));
#5463=DIRECTION('center_axis',(-3.44509284839767E-16,1.,0.));
#5464=DIRECTION('ref_axis',(-0.707106781186547,-2.43604851491927E-16,0.707106781186547));
#5465=DIRECTION('',(0.,0.,1.));
#5466=DIRECTION('center_axis',(3.44509284839767E-16,-1.,0.));
#5467=DIRECTION('ref_axis',(-0.707106781186547,-2.43604851491927E-16,0.707106781186547));
#5468=DIRECTION('',(-3.44509284839767E-16,1.,0.));
#5469=DIRECTION('center_axis',(3.44509284839767E-16,-1.,0.));
#5470=DIRECTION('ref_axis',(-0.707106781186547,-2.43604851491927E-16,0.707106781186547));
#5471=DIRECTION('',(3.44509284839767E-16,-1.,0.));
#5472=DIRECTION('center_axis',(-1.,-3.44509284839767E-16,0.));
#5473=DIRECTION('ref_axis',(3.44509284839767E-16,-1.,0.));
#5474=DIRECTION('',(0.,0.,1.));
#5475=DIRECTION('center_axis',(0.,0.,1.));
#5476=DIRECTION('ref_axis',(3.44509284839767E-16,-1.,0.));
#5477=DIRECTION('',(-1.,-3.44509284839767E-16,0.));
#5478=DIRECTION('center_axis',(-3.44509284839767E-16,1.,0.));
#5479=DIRECTION('ref_axis',(-1.,-3.44509284839767E-16,0.));
#5480=DIRECTION('center_axis',(3.44509284839767E-16,-1.,-4.93038065763132E-32));
#5481=DIRECTION('ref_axis',(0.707106781186545,2.43604851491926E-16,0.70710678118655));
#5482=DIRECTION('center_axis',(-3.44509284839767E-16,1.,4.93038065763132E-32));
#5483=DIRECTION('ref_axis',(0.707106781186545,2.43604851491926E-16,0.70710678118655));
#5484=DIRECTION('',(-3.44509284839767E-16,1.,4.93038065763132E-32));
#5485=DIRECTION('center_axis',(3.44509284839767E-16,-1.,-4.93038065763132E-32));
#5486=DIRECTION('ref_axis',(0.707106781186545,2.43604851491926E-16,0.70710678118655));
#5487=DIRECTION('center_axis',(1.,3.44509284839767E-16,-2.22044604925031E-16));
#5488=DIRECTION('ref_axis',(2.22044604925031E-16,2.71926214689378E-32,1.));
#5489=DIRECTION('',(2.22044604925031E-16,2.71926214689378E-32,1.));
#5490=DIRECTION('',(3.44509284839767E-16,-1.,-4.93038065763132E-32));
#5491=DIRECTION('',(-2.22044604925031E-16,-2.71926214689378E-32,-1.));
#5492=DIRECTION('center_axis',(3.44509284839767E-16,-1.,-4.93038065763132E-32));
#5493=DIRECTION('ref_axis',(-2.22044604925031E-16,-2.71926214689378E-32,
-1.));
#5494=DIRECTION('center_axis',(-3.44509284839767E-16,1.,4.93038065763132E-32));
#5495=DIRECTION('ref_axis',(-0.707106781186544,-2.43604851491926E-16,0.707106781186551));
#5496=DIRECTION('',(-2.22044604925031E-16,-2.71926214689378E-32,-1.));
#5497=DIRECTION('center_axis',(-3.44509284839767E-16,1.,4.93038065763132E-32));
#5498=DIRECTION('ref_axis',(-0.707106781186554,-2.43604851491929E-16,-0.707106781186541));
#5499=DIRECTION('',(1.,3.44509284839767E-16,-2.22044604925031E-16));
#5500=DIRECTION('center_axis',(-3.44509284839767E-16,1.,4.93038065763132E-32));
#5501=DIRECTION('ref_axis',(0.707106781186545,2.43604851491926E-16,-0.70710678118655));
#5502=DIRECTION('center_axis',(3.44509284839767E-16,-1.,-4.93038065763132E-32));
#5503=DIRECTION('ref_axis',(-0.707106781186544,-2.43604851491926E-16,0.707106781186551));
#5504=DIRECTION('center_axis',(3.44509284839767E-16,-1.,-4.93038065763132E-32));
#5505=DIRECTION('ref_axis',(-0.707106781186544,-2.43604851491926E-16,0.707106781186551));
#5506=DIRECTION('',(3.44509284839767E-16,-1.,-4.93038065763132E-32));
#5507=DIRECTION('center_axis',(-1.,-3.44509284839767E-16,2.22044604925031E-16));
#5508=DIRECTION('ref_axis',(-2.22044604925031E-16,-2.71926214689378E-32,
-1.));
#5509=DIRECTION('',(2.22044604925031E-16,2.71926214689378E-32,1.));
#5510=DIRECTION('',(-3.44509284839767E-16,1.,4.93038065763132E-32));
#5511=DIRECTION('center_axis',(3.44509284839767E-16,-1.,-4.93038065763132E-32));
#5512=DIRECTION('ref_axis',(-0.707106781186554,-2.43604851491929E-16,-0.707106781186541));
#5513=DIRECTION('center_axis',(3.44509284839767E-16,-1.,-4.93038065763132E-32));
#5514=DIRECTION('ref_axis',(-0.707106781186554,-2.43604851491929E-16,-0.707106781186541));
#5515=DIRECTION('',(3.44509284839767E-16,-1.,-4.93038065763132E-32));
#5516=DIRECTION('center_axis',(3.44509284839767E-16,-1.,-4.93038065763132E-32));
#5517=DIRECTION('ref_axis',(0.707106781186545,2.43604851491926E-16,-0.70710678118655));
#5518=DIRECTION('',(-3.44509284839767E-16,1.,4.93038065763132E-32));
#5519=DIRECTION('center_axis',(3.44509284839767E-16,-1.,-4.93038065763132E-32));
#5520=DIRECTION('ref_axis',(0.707106781186545,2.43604851491926E-16,-0.70710678118655));
#5521=DIRECTION('center_axis',(-2.22044604925031E-16,-2.71926214689378E-32,
-1.));
#5522=DIRECTION('ref_axis',(1.,3.44509284839767E-16,-2.22044604925031E-16));
#5523=DIRECTION('',(-1.,-3.44509284839767E-16,2.22044604925031E-16));
#5524=DIRECTION('center_axis',(3.44509284839767E-16,-1.,-4.93038065763132E-32));
#5525=DIRECTION('ref_axis',(-2.22044604925031E-16,-2.71926214689378E-32,
-1.));
#5526=DIRECTION('axis',(0.,0.,1.));
#5527=DIRECTION('refdir',(1.,0.,0.));
#5528=DIRECTION('center_axis',(-1.,0.,0.));
#5529=DIRECTION('ref_axis',(0.,0.,1.));
#5530=DIRECTION('',(0.,0.,-1.));
#5531=DIRECTION('',(0.,1.,-2.71926214689378E-32));
#5532=DIRECTION('',(0.,0.,1.));
#5533=DIRECTION('',(0.,1.,0.));
#5534=DIRECTION('center_axis',(1.,0.,0.));
#5535=DIRECTION('ref_axis',(0.,0.,-1.));
#5536=DIRECTION('',(0.,0.,-1.));
#5537=DIRECTION('',(0.,1.,0.));
#5538=DIRECTION('',(0.,0.,-1.));
#5539=DIRECTION('',(0.,-1.,2.71926214689378E-32));
#5540=DIRECTION('center_axis',(0.171824574947335,0.,-0.985127563031391));
#5541=DIRECTION('ref_axis',(-0.985127563031391,-4.60471318006486E-48,-0.171824574947335));
#5542=DIRECTION('',(0.985127563031391,4.60471318006486E-48,0.171824574947335));
#5543=DIRECTION('',(0.,1.,0.));
#5544=DIRECTION('',(-0.985127563031391,-4.60471318006486E-48,-0.171824574947335));
#5545=DIRECTION('center_axis',(-1.,0.,0.));
#5546=DIRECTION('ref_axis',(0.,0.,1.));
#5547=DIRECTION('',(0.,0.,1.));
#5548=DIRECTION('',(0.,1.,0.));
#5549=DIRECTION('',(0.,0.,1.));
#5550=DIRECTION('center_axis',(-0.171824574947335,0.,0.985127563031391));
#5551=DIRECTION('ref_axis',(0.985127563031391,4.59480280427141E-48,0.171824574947335));
#5552=DIRECTION('',(-0.985127563031391,-4.59480280427141E-48,-0.171824574947335));
#5553=DIRECTION('',(0.985127563031391,4.59480280427141E-48,0.171824574947335));
#5554=DIRECTION('center_axis',(2.22044604925031E-16,-2.71926214689378E-32,
-1.));
#5555=DIRECTION('ref_axis',(1.,-3.44509284839767E-16,2.22044604925031E-16));
#5556=DIRECTION('',(1.,-3.44509284839767E-16,2.22044604925031E-16));
#5557=DIRECTION('',(3.44509284839767E-16,1.,4.93038065763132E-32));
#5558=DIRECTION('',(-1.,3.44509284839767E-16,-2.22044604925031E-16));
#5559=DIRECTION('',(-3.44509284839767E-16,-1.,-4.93038065763132E-32));
#5560=DIRECTION('',(-1.,3.44509284839767E-16,-2.22044604925031E-16));
#5561=DIRECTION('',(3.44509284839767E-16,1.,4.93038065763132E-32));
#5562=DIRECTION('',(1.,-3.44509284839767E-16,2.22044604925031E-16));
#5563=DIRECTION('center_axis',(2.22044604925031E-16,-2.71926214689378E-32,
-1.));
#5564=DIRECTION('ref_axis',(1.,-3.44509284839767E-16,2.22044604925031E-16));
#5565=DIRECTION('',(-1.,3.44509284839767E-16,-2.22044604925031E-16));
#5566=DIRECTION('',(-3.44509284839767E-16,-1.,-4.93038065763132E-32));
#5567=DIRECTION('',(1.,-3.44509284839767E-16,2.22044604925031E-16));
#5568=DIRECTION('center_axis',(-2.22044604925031E-16,-1.,0.));
#5569=DIRECTION('ref_axis',(-1.,2.22044604925031E-16,0.));
#5570=DIRECTION('center_axis',(-3.44509284839767E-16,-1.,-4.93038065763132E-32));
#5571=DIRECTION('ref_axis',(-1.,2.22044604925031E-16,0.));
#5572=DIRECTION('',(2.22044604925031E-16,1.,0.));
#5573=DIRECTION('center_axis',(3.44509284839767E-16,1.,4.93038065763132E-32));
#5574=DIRECTION('ref_axis',(-1.,2.22044604925031E-16,0.));
#5575=DIRECTION('center_axis',(-2.22044604925031E-16,-1.,0.));
#5576=DIRECTION('ref_axis',(-1.,2.22044604925031E-16,0.));
#5577=DIRECTION('center_axis',(-3.44509284839767E-16,-1.,-4.93038065763132E-32));
#5578=DIRECTION('ref_axis',(-1.,2.22044604925031E-16,0.));
#5579=DIRECTION('',(2.22044604925031E-16,1.,0.));
#5580=DIRECTION('center_axis',(3.44509284839767E-16,1.,4.93038065763132E-32));
#5581=DIRECTION('ref_axis',(-1.,2.22044604925031E-16,0.));
#5582=DIRECTION('center_axis',(-3.44509284839767E-16,-1.,0.));
#5583=DIRECTION('ref_axis',(-0.707106781186547,2.43604851491927E-16,0.707106781186547));
#5584=DIRECTION('center_axis',(3.44509284839767E-16,1.,0.));
#5585=DIRECTION('ref_axis',(-0.707106781186547,2.43604851491927E-16,0.707106781186547));
#5586=DIRECTION('',(3.44509284839767E-16,1.,0.));
#5587=DIRECTION('center_axis',(-3.44509284839767E-16,-1.,0.));
#5588=DIRECTION('ref_axis',(-0.707106781186547,2.43604851491927E-16,0.707106781186547));
#5589=DIRECTION('',(-3.44509284839767E-16,-1.,0.));
#5590=DIRECTION('center_axis',(1.,-3.44509284839767E-16,0.));
#5591=DIRECTION('ref_axis',(3.44509284839767E-16,1.,0.));
#5592=DIRECTION('',(0.,0.,1.));
#5593=DIRECTION('',(0.,0.,1.));
#5594=DIRECTION('center_axis',(3.44509284839767E-16,1.,0.));
#5595=DIRECTION('ref_axis',(-1.,3.44509284839767E-16,0.));
#5596=DIRECTION('',(0.,0.,1.));
#5597=DIRECTION('center_axis',(-3.44509284839767E-16,-1.,0.));
#5598=DIRECTION('ref_axis',(0.707106781186547,-2.43604851491927E-16,0.707106781186547));
#5599=DIRECTION('',(-1.,3.44509284839767E-16,0.));
#5600=DIRECTION('center_axis',(3.44509284839767E-16,1.,0.));
#5601=DIRECTION('ref_axis',(0.707106781186547,-2.43604851491927E-16,0.707106781186547));
#5602=DIRECTION('',(-3.44509284839767E-16,-1.,0.));
#5603=DIRECTION('center_axis',(3.44509284839767E-16,1.,0.));
#5604=DIRECTION('ref_axis',(0.707106781186547,-2.43604851491927E-16,0.707106781186547));
#5605=DIRECTION('',(3.44509284839767E-16,1.,0.));
#5606=DIRECTION('center_axis',(-1.,3.44509284839767E-16,0.));
#5607=DIRECTION('ref_axis',(-3.44509284839767E-16,-1.,0.));
#5608=DIRECTION('',(0.,0.,1.));
#5609=DIRECTION('center_axis',(0.,0.,-1.));
#5610=DIRECTION('ref_axis',(-3.44509284839767E-16,-1.,0.));
#5611=DIRECTION('',(1.,-3.44509284839767E-16,0.));
#5612=DIRECTION('center_axis',(-3.44509284839767E-16,-1.,0.));
#5613=DIRECTION('ref_axis',(1.,-3.44509284839767E-16,0.));
#5614=DIRECTION('center_axis',(3.44509284839767E-16,1.,4.93038065763132E-32));
#5615=DIRECTION('ref_axis',(-0.707106781186545,2.43604851491926E-16,0.70710678118655));
#5616=DIRECTION('center_axis',(-3.44509284839767E-16,-1.,-4.93038065763132E-32));
#5617=DIRECTION('ref_axis',(-0.707106781186545,2.43604851491926E-16,0.70710678118655));
#5618=DIRECTION('center_axis',(3.44509284839767E-16,1.,4.93038065763132E-32));
#5619=DIRECTION('ref_axis',(-0.707106781186545,2.43604851491926E-16,0.70710678118655));
#5620=DIRECTION('',(3.44509284839767E-16,1.,4.93038065763132E-32));
#5621=DIRECTION('center_axis',(1.,-3.44509284839767E-16,2.22044604925031E-16));
#5622=DIRECTION('ref_axis',(-2.22044604925031E-16,2.71926214689378E-32,
1.));
#5623=DIRECTION('',(2.22044604925031E-16,-2.71926214689378E-32,-1.));
#5624=DIRECTION('',(-3.44509284839767E-16,-1.,-4.93038065763132E-32));
#5625=DIRECTION('',(-2.22044604925031E-16,2.71926214689378E-32,1.));
#5626=DIRECTION('center_axis',(3.44509284839767E-16,1.,4.93038065763132E-32));
#5627=DIRECTION('ref_axis',(2.22044604925031E-16,-2.71926214689378E-32,
-1.));
#5628=DIRECTION('center_axis',(-3.44509284839767E-16,-1.,-4.93038065763132E-32));
#5629=DIRECTION('ref_axis',(-0.707106781186545,2.43604851491926E-16,-0.70710678118655));
#5630=DIRECTION('',(-1.,3.44509284839767E-16,-2.22044604925031E-16));
#5631=DIRECTION('center_axis',(-3.44509284839767E-16,-1.,-4.93038065763132E-32));
#5632=DIRECTION('ref_axis',(0.707106781186554,-2.43604851491929E-16,-0.707106781186541));
#5633=DIRECTION('',(2.22044604925031E-16,-2.71926214689378E-32,-1.));
#5634=DIRECTION('center_axis',(-3.44509284839767E-16,-1.,-4.93038065763132E-32));
#5635=DIRECTION('ref_axis',(0.707106781186544,-2.43604851491926E-16,0.707106781186551));
#5636=DIRECTION('center_axis',(3.44509284839767E-16,1.,4.93038065763132E-32));
#5637=DIRECTION('ref_axis',(0.707106781186544,-2.43604851491926E-16,0.707106781186551));
#5638=DIRECTION('',(-3.44509284839767E-16,-1.,-4.93038065763132E-32));
#5639=DIRECTION('center_axis',(3.44509284839767E-16,1.,4.93038065763132E-32));
#5640=DIRECTION('ref_axis',(0.707106781186544,-2.43604851491926E-16,0.707106781186551));
#5641=DIRECTION('center_axis',(-1.,3.44509284839767E-16,-2.22044604925031E-16));
#5642=DIRECTION('ref_axis',(2.22044604925031E-16,-2.71926214689378E-32,
-1.));
#5643=DIRECTION('',(3.44509284839767E-16,1.,4.93038065763132E-32));
#5644=DIRECTION('',(-2.22044604925031E-16,2.71926214689378E-32,1.));
#5645=DIRECTION('center_axis',(3.44509284839767E-16,1.,4.93038065763132E-32));
#5646=DIRECTION('ref_axis',(0.707106781186554,-2.43604851491929E-16,-0.707106781186541));
#5647=DIRECTION('',(-3.44509284839767E-16,-1.,-4.93038065763132E-32));
#5648=DIRECTION('center_axis',(3.44509284839767E-16,1.,4.93038065763132E-32));
#5649=DIRECTION('ref_axis',(0.707106781186554,-2.43604851491929E-16,-0.707106781186541));
#5650=DIRECTION('center_axis',(3.44509284839767E-16,1.,4.93038065763132E-32));
#5651=DIRECTION('ref_axis',(-0.707106781186545,2.43604851491926E-16,-0.70710678118655));
#5652=DIRECTION('center_axis',(3.44509284839767E-16,1.,4.93038065763132E-32));
#5653=DIRECTION('ref_axis',(-0.707106781186545,2.43604851491926E-16,-0.70710678118655));
#5654=DIRECTION('',(3.44509284839767E-16,1.,4.93038065763132E-32));
#5655=DIRECTION('center_axis',(-2.22044604925031E-16,2.71926214689378E-32,
1.));
#5656=DIRECTION('ref_axis',(-1.,3.44509284839767E-16,-2.22044604925031E-16));
#5657=DIRECTION('',(1.,-3.44509284839767E-16,2.22044604925031E-16));
#5658=DIRECTION('center_axis',(3.44509284839767E-16,1.,4.93038065763132E-32));
#5659=DIRECTION('ref_axis',(2.22044604925031E-16,-2.71926214689378E-32,
-1.));
#5660=DIRECTION('center_axis',(0.,0.,-1.));
#5661=DIRECTION('ref_axis',(1.,-2.6932100967937E-8,0.));
#5662=DIRECTION('center_axis',(0.,0.,-1.));
#5663=DIRECTION('ref_axis',(1.,-2.68870115225902E-8,0.));
#5664=DIRECTION('center_axis',(0.,0.,-1.));
#5665=DIRECTION('ref_axis',(1.,-2.68870115225902E-8,0.));
#5666=DIRECTION('center_axis',(0.,0.,1.));
#5667=DIRECTION('ref_axis',(1.,-2.68870114215904E-8,0.));
#5668=DIRECTION('center_axis',(0.,0.,-1.));
#5669=DIRECTION('ref_axis',(-1.,0.,0.));
#5670=DIRECTION('center_axis',(0.,0.,-1.));
#5671=DIRECTION('ref_axis',(-1.,0.,0.));
#5672=DIRECTION('',(0.0428178383921859,-5.24367287333992E-18,-0.99908289581767));
#5673=DIRECTION('center_axis',(0.,0.,1.));
#5674=DIRECTION('ref_axis',(-1.,0.,0.));
#5675=DIRECTION('center_axis',(0.,0.,-1.));
#5676=DIRECTION('ref_axis',(-1.,-2.68870120012505E-8,0.));
#5677=DIRECTION('center_axis',(0.,0.,1.));
#5678=DIRECTION('ref_axis',(-1.,0.,0.));
#5679=DIRECTION('center_axis',(0.,0.,1.));
#5680=DIRECTION('ref_axis',(-1.,-2.69321002412267E-8,0.));
#5681=DIRECTION('center_axis',(0.,0.,1.));
#5682=DIRECTION('ref_axis',(-1.,-2.68870118997222E-8,0.));
#5683=DIRECTION('center_axis',(0.,0.,1.));
#5684=DIRECTION('ref_axis',(1.,0.,0.));
#5685=DIRECTION('',(-1.,0.,-2.95024316067156E-16));
#5686=DIRECTION('',(0.,-1.,0.));
#5687=DIRECTION('',(1.,0.,0.));
#5688=DIRECTION('',(0.,-1.,0.));
#5689=DIRECTION('',(-1.,0.,0.));
#5690=DIRECTION('',(0.,-1.,0.));
#5691=DIRECTION('',(1.,0.,0.));
#5692=DIRECTION('center_axis',(0.,0.,-1.));
#5693=DIRECTION('ref_axis',(-1.,0.,0.));
#5694=DIRECTION('center_axis',(0.,0.,-1.));
#5695=DIRECTION('ref_axis',(-1.,0.,0.));
#5696=DIRECTION('center_axis',(0.,0.,-1.));
#5697=DIRECTION('ref_axis',(-1.,0.,0.));
#5698=DIRECTION('center_axis',(0.,0.,1.));
#5699=DIRECTION('ref_axis',(-1.,0.,0.));
#5700=DIRECTION('',(0.,0.,1.));
#5701=DIRECTION('center_axis',(0.,0.,-1.));
#5702=DIRECTION('ref_axis',(-1.,0.,0.));
#5703=DIRECTION('center_axis',(0.,0.,1.));
#5704=DIRECTION('ref_axis',(-1.,0.,0.));
#5705=DIRECTION('center_axis',(0.,0.,-1.));
#5706=DIRECTION('ref_axis',(1.,0.,0.));
#5707=DIRECTION('center_axis',(0.,0.,-1.));
#5708=DIRECTION('ref_axis',(-1.,0.,0.));
#5709=DIRECTION('center_axis',(0.,0.,1.));
#5710=DIRECTION('ref_axis',(-1.,0.,0.));
#5711=DIRECTION('',(0.,0.,1.));
#5712=DIRECTION('center_axis',(0.,0.,-1.));
#5713=DIRECTION('ref_axis',(-1.,0.,0.));
#5714=DIRECTION('center_axis',(0.,0.,1.));
#5715=DIRECTION('ref_axis',(-1.,0.,0.));
#5716=DIRECTION('center_axis',(0.,0.,-1.));
#5717=DIRECTION('ref_axis',(1.,0.,0.));
#5718=DIRECTION('center_axis',(0.,0.,1.));
#5719=DIRECTION('ref_axis',(1.,0.,0.));
#5720=DIRECTION('center_axis',(0.,0.,1.));
#5721=DIRECTION('ref_axis',(1.,0.,0.));
#5722=DIRECTION('',(0.,0.,1.));
#5723=DIRECTION('center_axis',(0.,0.,1.));
#5724=DIRECTION('ref_axis',(1.,0.,0.));
#5725=DIRECTION('center_axis',(0.,0.,-1.));
#5726=DIRECTION('ref_axis',(1.,0.,0.));
#5727=DIRECTION('center_axis',(0.,0.,-1.));
#5728=DIRECTION('ref_axis',(-1.,0.,0.));
#5729=DIRECTION('center_axis',(0.,0.,1.));
#5730=DIRECTION('ref_axis',(1.,0.,0.));
#5731=DIRECTION('center_axis',(0.,0.,1.));
#5732=DIRECTION('ref_axis',(1.,0.,0.));
#5733=DIRECTION('',(0.,0.,1.));
#5734=DIRECTION('center_axis',(0.,0.,1.));
#5735=DIRECTION('ref_axis',(1.,0.,0.));
#5736=DIRECTION('center_axis',(0.,0.,-1.));
#5737=DIRECTION('ref_axis',(1.,0.,0.));
#5738=DIRECTION('center_axis',(0.,0.,-1.));
#5739=DIRECTION('ref_axis',(-1.,0.,0.));
#5740=DIRECTION('center_axis',(0.,1.,0.));
#5741=DIRECTION('ref_axis',(-1.,0.,0.));
#5742=DIRECTION('center_axis',(0.,1.,0.));
#5743=DIRECTION('ref_axis',(-1.,0.,0.));
#5744=DIRECTION('',(0.,1.,0.));
#5745=DIRECTION('center_axis',(0.,-1.,0.));
#5746=DIRECTION('ref_axis',(-1.,0.,0.));
#5747=DIRECTION('center_axis',(0.,1.,0.));
#5748=DIRECTION('ref_axis',(-1.,0.,0.));
#5749=DIRECTION('center_axis',(0.,1.,0.));
#5750=DIRECTION('ref_axis',(-1.,0.,0.));
#5751=DIRECTION('',(0.,1.,0.));
#5752=DIRECTION('center_axis',(0.,-1.,0.));
#5753=DIRECTION('ref_axis',(-1.,0.,0.));
#5754=DIRECTION('center_axis',(-0.707106781186547,0.,-0.707106781186548));
#5755=DIRECTION('ref_axis',(-0.707106781186548,0.,0.707106781186547));
#5756=DIRECTION('',(-0.707106781186548,0.,0.707106781186547));
#5757=DIRECTION('',(0.,1.,0.));
#5758=DIRECTION('',(0.707106781186548,0.,-0.707106781186547));
#5759=DIRECTION('',(0.,-1.,0.));
#5760=DIRECTION('center_axis',(0.,-1.,0.));
#5761=DIRECTION('ref_axis',(0.,0.,-1.));
#5762=DIRECTION('',(0.,0.,-1.));
#5763=DIRECTION('',(0.,0.,-1.));
#5764=DIRECTION('',(-1.,0.,0.));
#5765=DIRECTION('center_axis',(-0.707106781186547,0.,-0.707106781186548));
#5766=DIRECTION('ref_axis',(-0.707106781186548,0.,0.707106781186547));
#5767=DIRECTION('',(0.707106781186548,0.,-0.707106781186547));
#5768=DIRECTION('',(0.,-1.,0.));
#5769=DIRECTION('',(-0.707106781186548,0.,0.707106781186547));
#5770=DIRECTION('',(0.,1.,0.));
#5771=DIRECTION('center_axis',(1.,0.,0.));
#5772=DIRECTION('ref_axis',(0.,0.,-1.));
#5773=DIRECTION('',(0.,0.,1.));
#5774=DIRECTION('',(0.,0.,1.));
#5775=DIRECTION('center_axis',(0.,1.,0.));
#5776=DIRECTION('ref_axis',(0.,0.,1.));
#5777=DIRECTION('',(1.,0.,0.));
#5778=DIRECTION('',(0.,0.,1.));
#5779=DIRECTION('center_axis',(0.,1.,0.));
#5780=DIRECTION('ref_axis',(-1.,0.,-2.95024316067156E-16));
#5781=DIRECTION('',(1.,0.,0.));
#5782=DIRECTION('center_axis',(0.,-1.,0.));
#5783=DIRECTION('ref_axis',(1.,0.,0.));
#5784=DIRECTION('',(-1.,0.,0.));
#5785=DIRECTION('',(0.,0.,-1.));
#5786=DIRECTION('center_axis',(1.,0.,0.));
#5787=DIRECTION('ref_axis',(0.,0.,-1.));
#5788=DIRECTION('',(0.,-1.,0.));
#5789=DIRECTION('center_axis',(1.,0.,0.));
#5790=DIRECTION('ref_axis',(0.,0.,-1.));
#5791=DIRECTION('center_axis',(0.,0.,1.));
#5792=DIRECTION('ref_axis',(-1.,0.,0.));
#5793=DIRECTION('',(0.,0.,-1.));
#5794=DIRECTION('center_axis',(0.,0.,-1.));
#5795=DIRECTION('ref_axis',(-1.,0.,0.));
#5796=DIRECTION('',(0.,0.,-1.));
#5797=DIRECTION('center_axis',(0.,-1.,0.));
#5798=DIRECTION('ref_axis',(1.,0.,0.));
#5799=DIRECTION('center_axis',(0.,-1.,0.));
#5800=DIRECTION('ref_axis',(1.,0.,0.));
#5801=DIRECTION('',(0.,1.,0.));
#5802=DIRECTION('center_axis',(0.,1.,0.));
#5803=DIRECTION('ref_axis',(1.,0.,0.));
#5804=DIRECTION('center_axis',(0.,-1.,0.));
#5805=DIRECTION('ref_axis',(1.,0.,0.));
#5806=DIRECTION('center_axis',(0.,-1.,0.));
#5807=DIRECTION('ref_axis',(1.,0.,0.));
#5808=DIRECTION('',(0.,1.,0.));
#5809=DIRECTION('center_axis',(0.,1.,0.));
#5810=DIRECTION('ref_axis',(1.,0.,0.));
#5811=DIRECTION('center_axis',(-0.707106781186547,0.,0.707106781186548));
#5812=DIRECTION('ref_axis',(0.707106781186548,0.,0.707106781186547));
#5813=DIRECTION('',(0.707106781186548,0.,0.707106781186547));
#5814=DIRECTION('',(0.,-1.,0.));
#5815=DIRECTION('',(-0.707106781186548,0.,-0.707106781186547));
#5816=DIRECTION('',(0.,1.,0.));
#5817=DIRECTION('center_axis',(0.,0.,1.));
#5818=DIRECTION('ref_axis',(1.,0.,0.));
#5819=DIRECTION('',(-1.,0.,0.));
#5820=DIRECTION('',(0.,-1.,0.));
#5821=DIRECTION('',(-1.,0.,0.));
#5822=DIRECTION('',(0.,-1.,0.));
#5823=DIRECTION('',(1.,0.,0.));
#5824=DIRECTION('',(1.,0.,0.));
#5825=DIRECTION('center_axis',(0.,0.,1.));
#5826=DIRECTION('ref_axis',(-1.,0.,0.));
#5827=DIRECTION('center_axis',(0.,1.,0.));
#5828=DIRECTION('ref_axis',(0.,0.,-1.));
#5829=DIRECTION('',(0.,0.,-1.));
#5830=DIRECTION('',(1.,0.,0.));
#5831=DIRECTION('',(0.,0.,-1.));
#5832=DIRECTION('center_axis',(-0.707106781186547,0.,0.707106781186548));
#5833=DIRECTION('ref_axis',(0.707106781186548,0.,0.707106781186547));
#5834=DIRECTION('',(-0.707106781186548,0.,-0.707106781186547));
#5835=DIRECTION('',(0.,1.,0.));
#5836=DIRECTION('',(0.707106781186548,0.,0.707106781186547));
#5837=DIRECTION('center_axis',(1.,0.,0.));
#5838=DIRECTION('ref_axis',(0.,0.,-1.));
#5839=DIRECTION('',(0.,0.,1.));
#5840=DIRECTION('',(0.,-1.,0.));
#5841=DIRECTION('',(0.,0.,1.));
#5842=DIRECTION('center_axis',(0.,-1.,0.));
#5843=DIRECTION('ref_axis',(0.,0.,1.));
#5844=DIRECTION('',(-1.,0.,0.));
#5845=DIRECTION('',(0.,0.,1.));
#5846=DIRECTION('center_axis',(0.,-1.,0.));
#5847=DIRECTION('ref_axis',(1.,0.,-2.95024316067156E-16));
#5848=DIRECTION('',(1.,0.,-2.95024316067156E-16));
#5849=DIRECTION('center_axis',(0.,1.,0.));
#5850=DIRECTION('ref_axis',(-1.,0.,0.));
#5851=DIRECTION('',(0.,0.,-1.));
#5852=DIRECTION('',(-1.,0.,0.));
#5853=DIRECTION('center_axis',(1.,0.,0.));
#5854=DIRECTION('ref_axis',(0.,0.,-1.));
#5855=DIRECTION('',(0.,-1.,0.));
#5856=DIRECTION('center_axis',(0.,0.,-1.));
#5857=DIRECTION('ref_axis',(-1.,0.,0.));
#5858=DIRECTION('',(0.,-1.,0.));
#5859=DIRECTION('center_axis',(0.,0.,1.));
#5860=DIRECTION('ref_axis',(1.,0.,0.));
#5861=DIRECTION('center_axis',(0.,0.,1.));
#5862=DIRECTION('ref_axis',(1.,0.,0.));
#5863=DIRECTION('center_axis',(1.,0.,0.));
#5864=DIRECTION('ref_axis',(0.,0.,-1.));
#5865=DIRECTION('center_axis',(0.,0.,-1.));
#5866=DIRECTION('ref_axis',(1.,0.,0.));
#5867=DIRECTION('',(0.,0.,-1.));
#5868=DIRECTION('center_axis',(0.,0.,1.));
#5869=DIRECTION('ref_axis',(1.,0.,0.));
#5870=DIRECTION('',(0.,0.,-1.));
#5871=DIRECTION('center_axis',(0.,0.,-1.));
#5872=DIRECTION('ref_axis',(-1.,0.,0.));
#5873=DIRECTION('',(-0.0428178383921859,5.24367287333992E-18,0.99908289581767));
#5874=DIRECTION('center_axis',(0.,0.,-1.));
#5875=DIRECTION('ref_axis',(-1.,0.,0.));
#5876=DIRECTION('center_axis',(0.,0.,1.));
#5877=DIRECTION('ref_axis',(1.,0.,0.));
#5878=DIRECTION('',(0.,0.,1.));
#5879=DIRECTION('',(1.,0.,0.));
#5880=DIRECTION('',(0.,0.,1.));
#5881=DIRECTION('',(1.,0.,0.));
#5882=DIRECTION('',(0.,0.,1.));
#5883=DIRECTION('',(1.,0.,0.));
#5884=DIRECTION('',(0.,0.,1.));
#5885=DIRECTION('',(1.,0.,0.));
#5886=DIRECTION('',(0.,0.,1.));
#5887=DIRECTION('',(1.,0.,0.));
#5888=DIRECTION('',(0.,0.,1.));
#5889=DIRECTION('',(1.,0.,0.));
#5890=DIRECTION('',(0.,0.,1.));
#5891=DIRECTION('',(1.,0.,0.));
#5892=DIRECTION('',(0.,0.,1.));
#5893=DIRECTION('',(1.,0.,0.));
#5894=CARTESIAN_POINT('',(0.,0.,0.));
#5895=CARTESIAN_POINT('',(0.,0.,0.));
#5896=CARTESIAN_POINT('Origin',(286.535765027554,94.0000011175871,39.4236923796221));
#5897=CARTESIAN_POINT('',(286.535765027554,92.4500011175871,39.4236923796221));
#5898=CARTESIAN_POINT('Origin',(286.535765027554,94.0000011175871,39.4236923796221));
#5899=CARTESIAN_POINT('',(286.926275978842,92.4500011175871,36.4492174348755));
#5900=CARTESIAN_POINT('',(286.535765027554,92.4500011175871,39.4236923796221));
#5901=CARTESIAN_POINT('Origin',(286.926275978842,94.0000011175871,36.4492174348755));
#5902=CARTESIAN_POINT('Origin',(286.535765027555,106.000001117587,39.4236923796222));
#5903=CARTESIAN_POINT('',(286.535765027555,104.450001117587,39.4236923796222));
#5904=CARTESIAN_POINT('Origin',(286.535765027555,106.000001117587,39.4236923796222));
#5905=CARTESIAN_POINT('',(286.926275978843,104.450001117587,36.4492174348757));
#5906=CARTESIAN_POINT('',(286.535765027555,104.450001117587,39.4236923796222));
#5907=CARTESIAN_POINT('Origin',(286.926275978843,106.000001117587,36.4492174348757));
#5908=CARTESIAN_POINT('Origin',(307.094551768261,100.000001117587,36.4747454913511));
#5909=CARTESIAN_POINT('',(292.222177044529,150.000001117587,34.5221907349085));
#5910=CARTESIAN_POINT('',(292.222177044529,50.0000011175871,34.5221907349085));
#5911=CARTESIAN_POINT('Origin',(265.782399757895,100.000001117587,31.0509822790107));
#5912=CARTESIAN_POINT('',(292.222177044529,125.000001117587,34.5221907349085));
#5913=CARTESIAN_POINT('Origin',(265.61317834567,100.000001117587,32.3399214217341));
#5914=CARTESIAN_POINT('',(291.493223268791,150.000001117587,40.0745439651024));
#5915=CARTESIAN_POINT('',(292.052955632304,150.000001117587,35.811129877632));
#5916=CARTESIAN_POINT('',(291.493223268791,50.0000011175871,40.0745439651015));
#5917=CARTESIAN_POINT('Origin',(265.053445982156,100.000001117587,36.6033355092041));
#5918=CARTESIAN_POINT('',(291.883734220079,50.0000011175871,37.1000690203554));
#5919=CARTESIAN_POINT('Origin',(281.968817737591,112.00000166893,35.7983658493939));
#5920=CARTESIAN_POINT('',(291.883734220079,112.000004179776,37.1000690203554));
#5921=CARTESIAN_POINT('',(281.968817737591,112.00000166893,35.7983658493939));
#5922=CARTESIAN_POINT('',(291.883734220079,112.00000166893,37.1000690203556));
#5923=CARTESIAN_POINT('',(281.578306786303,112.00000166893,38.7728407941404));
#5924=CARTESIAN_POINT('',(281.968817737591,112.00000166893,35.7983658493939));
#5925=CARTESIAN_POINT('',(291.493223268791,112.00000166893,40.0745439651021));
#5926=CARTESIAN_POINT('',(284.057039008024,112.00000166893,39.098266994016));
#5927=CARTESIAN_POINT('',(291.968344926192,112.00000166893,36.4555994489936));
#5928=CARTESIAN_POINT('Origin',(281.968817737591,88.0000041797757,35.7983658493939));
#5929=CARTESIAN_POINT('',(281.968817737591,88.0000041797757,35.7983658493939));
#5930=CARTESIAN_POINT('',(281.968817737591,112.00000166893,35.7983658493939));
#5931=CARTESIAN_POINT('',(281.578306786303,88.0000041797757,38.7728407941402));
#5932=CARTESIAN_POINT('',(281.968817737591,88.0000041797757,35.7983658493939));
#5933=CARTESIAN_POINT('',(281.578306786303,94.0000073074871,38.7728407941403));
#5934=CARTESIAN_POINT('Origin',(291.883734220079,88.0000041797757,37.1000690203554));
#5935=CARTESIAN_POINT('',(291.883734220079,88.0000041797757,37.1000690203554));
#5936=CARTESIAN_POINT('',(281.968817737591,88.0000041797757,35.7983658493939));
#5937=CARTESIAN_POINT('',(291.493223268791,88.0000041797757,40.0745439651019));
#5938=CARTESIAN_POINT('',(291.883734220079,88.0000041797757,37.1000690203554));
#5939=CARTESIAN_POINT('',(289.014497249268,88.0000041797757,39.7491185794966));
#5940=CARTESIAN_POINT('Origin',(286.535771229746,100.000010435199,39.4236931938915));
#5941=CARTESIAN_POINT('',(291.493223268791,125.000005776393,40.0745439651022));
#5942=CARTESIAN_POINT('',(291.493223268791,125.000005776393,40.0745439651022));
#5943=CARTESIAN_POINT('Origin',(286.926282181035,100.000010435199,36.449218249145));
#5944=CARTESIAN_POINT('',(291.883734220079,125.000001117587,37.1000690203554));
#5945=CARTESIAN_POINT('Origin',(292.052955632304,150.000001117587,35.811129877632));
#5946=CARTESIAN_POINT('',(0.,0.,0.));
#5947=CARTESIAN_POINT('Origin',(275.1,122.,10.));
#5948=CARTESIAN_POINT('',(275.1,122.000001117587,13.0000002980232));
#5949=CARTESIAN_POINT('',(275.1,105.200001490116,13.0000002980232));
#5950=CARTESIAN_POINT('',(275.1,122.000000558794,13.0000002980232));
#5951=CARTESIAN_POINT('',(275.1,105.200001490116,20.1));
#5952=CARTESIAN_POINT('',(275.1,105.200001490116,7.5000000372529));
#5953=CARTESIAN_POINT('',(275.1,122.000001117587,20.1));
#5954=CARTESIAN_POINT('',(275.1,110.999999580905,20.1));
#5955=CARTESIAN_POINT('',(275.1,122.000001117587,16.6457645511642));
#5956=CARTESIAN_POINT('Origin',(275.1,122.,10.));
#5957=CARTESIAN_POINT('',(275.1,77.9999972060323,13.0000002980232));
#5958=CARTESIAN_POINT('',(275.1,77.9999972060323,20.1));
#5959=CARTESIAN_POINT('',(275.1,77.9999972060323,16.6457645511642));
#5960=CARTESIAN_POINT('',(275.1,94.8000014901161,20.1));
#5961=CARTESIAN_POINT('',(275.1,110.999999580905,20.1));
#5962=CARTESIAN_POINT('',(275.1,94.8000014901161,13.0000002980232));
#5963=CARTESIAN_POINT('',(275.1,94.8000014901161,15.7499997764826));
#5964=CARTESIAN_POINT('',(275.1,122.000000558794,13.0000002980232));
#5965=CARTESIAN_POINT('Origin',(272.999998271465,122.000001117587,13.0000002980232));
#5966=CARTESIAN_POINT('',(279.999998271465,122.000001117587,13.0000002980232));
#5967=CARTESIAN_POINT('',(266.023016050633,122.000001117587,13.0000002980232));
#5968=CARTESIAN_POINT('',(279.999998271465,105.200001490116,13.0000002980232));
#5969=CARTESIAN_POINT('',(279.999998271465,99.9999991618097,13.0000002980232));
#5970=CARTESIAN_POINT('',(276.499998271465,105.200001490116,13.0000002980232));
#5971=CARTESIAN_POINT('Origin',(279.999998271465,105.200001490116,5.00000007450581));
#5972=CARTESIAN_POINT('',(279.999998271465,105.200001490116,21.4999995529652));
#5973=CARTESIAN_POINT('',(279.999998271465,105.200001490116,15.7915289905697));
#5974=CARTESIAN_POINT('',(273.1,105.200001490116,21.4999995529652));
#5975=CARTESIAN_POINT('',(276.549999135733,105.200001490116,21.4999995529652));
#5976=CARTESIAN_POINT('',(273.1,105.200001490116,20.1));
#5977=CARTESIAN_POINT('',(273.1,105.200001490116,7.5000000372529));
#5978=CARTESIAN_POINT('',(271.125000094064,105.200001490116,20.1));
#5979=CARTESIAN_POINT('Origin',(279.999998271465,94.8000014901161,21.4999995529652));
#5980=CARTESIAN_POINT('',(273.1,94.8000014901161,20.1));
#5981=CARTESIAN_POINT('',(271.125000094064,94.8000014901161,20.1));
#5982=CARTESIAN_POINT('',(273.1,94.8000014901161,21.4999995529652));
#5983=CARTESIAN_POINT('',(273.1,94.8000014901161,15.7499997764826));
#5984=CARTESIAN_POINT('',(279.999998271465,94.8000014901161,21.4999995529652));
#5985=CARTESIAN_POINT('',(276.549999135733,94.8000014901161,21.4999995529652));
#5986=CARTESIAN_POINT('',(279.999998271465,94.8000014901161,13.0000002980232));
#5987=CARTESIAN_POINT('',(279.999998271465,94.8000014901161,24.0415287297993));
#5988=CARTESIAN_POINT('',(276.499998271465,94.8000014901161,13.0000002980232));
#5989=CARTESIAN_POINT('Origin',(273.1,115.100001117587,21.4999995529652));
#5990=CARTESIAN_POINT('',(273.1,87.8999972060323,21.4999995529652));
#5991=CARTESIAN_POINT('',(273.1,118.550000558794,21.4999995529652));
#5992=CARTESIAN_POINT('',(279.999998271465,87.8999972060323,21.4999995529652));
#5993=CARTESIAN_POINT('',(266.0730169149,87.8999972060323,21.4999995529652));
#5994=CARTESIAN_POINT('',(279.999998271465,96.5499991618097,21.4999995529652));
#5995=CARTESIAN_POINT('Origin',(273.1,122.,10.));
#5996=CARTESIAN_POINT('',(273.1,87.8999972060323,20.1));
#5997=CARTESIAN_POINT('',(273.1,110.999999580905,20.1));
#5998=CARTESIAN_POINT('',(273.1,87.8999972060323,16.6457645511642));
#5999=CARTESIAN_POINT('Origin',(262.250001916662,99.9999991618097,20.1));
#6000=CARTESIAN_POINT('',(238.092069388135,77.9999972060323,20.1));
#6001=CARTESIAN_POINT('',(260.648017873231,77.9999972060323,20.1));
#6002=CARTESIAN_POINT('',(238.092069388135,87.8999972060323,20.1));
#6003=CARTESIAN_POINT('',(238.092069388135,87.499998183921,20.1));
#6004=CARTESIAN_POINT('',(260.648017873231,87.8999972060323,20.1));
#6005=CARTESIAN_POINT('',(254.780623034648,82.9499972060323,20.1));
#6006=CARTESIAN_POINT('Origin',(256.330623034648,82.9499972060323,20.1));
#6007=CARTESIAN_POINT('Origin',(262.250001916662,99.9999991618097,20.1));
#6008=CARTESIAN_POINT('',(273.1,112.100001117587,20.1));
#6009=CARTESIAN_POINT('',(273.1,110.999999580905,20.1));
#6010=CARTESIAN_POINT('',(238.092069388135,112.100001117587,20.1));
#6011=CARTESIAN_POINT('',(260.648017873231,112.100001117587,20.1));
#6012=CARTESIAN_POINT('',(238.092069388135,122.000001117587,20.1));
#6013=CARTESIAN_POINT('',(238.092069388135,112.500000139698,20.1));
#6014=CARTESIAN_POINT('',(260.648017873231,122.000001117587,20.1));
#6015=CARTESIAN_POINT('',(254.780623034648,117.050001117587,20.1));
#6016=CARTESIAN_POINT('Origin',(256.330623034648,117.050001117587,20.1));
#6017=CARTESIAN_POINT('Origin',(272.999998271465,122.000001117587,13.0000002980232));
#6018=CARTESIAN_POINT('',(279.999998271465,77.9999972060323,13.0000002980232));
#6019=CARTESIAN_POINT('',(279.999998271465,99.9999991618097,13.0000002980232));
#6020=CARTESIAN_POINT('',(266.023016050633,77.9999972060323,13.0000002980232));
#6021=CARTESIAN_POINT('Origin',(256.330623034648,82.9499972060323,26.5830579066335));
#6022=CARTESIAN_POINT('',(254.780623034648,82.9499972060323,26.5830579066335));
#6023=CARTESIAN_POINT('Origin',(256.330623034648,82.9499972060323,26.5830579066335));
#6024=CARTESIAN_POINT('',(254.780623034648,82.9499972060323,26.5830579066335));
#6025=CARTESIAN_POINT('Origin',(256.330623034648,117.050001117587,26.5830579066335));
#6026=CARTESIAN_POINT('',(254.780623034648,117.050001117587,26.5830579066335));
#6027=CARTESIAN_POINT('Origin',(256.330623034648,117.050001117587,26.5830579066335));
#6028=CARTESIAN_POINT('',(254.780623034648,117.050001117587,26.5830579066335));
#6029=CARTESIAN_POINT('Origin',(259.0460338298,112.100001117587,23.2915291023284));
#6030=CARTESIAN_POINT('',(273.1,112.100001117587,21.4999995529652));
#6031=CARTESIAN_POINT('',(279.999998271465,112.100001117587,21.4999995529652));
#6032=CARTESIAN_POINT('',(266.0730169149,112.100001117587,21.4999995529652));
#6033=CARTESIAN_POINT('',(279.999998271465,112.100001117587,35.5727259286087));
#6034=CARTESIAN_POINT('',(279.999998271465,112.100001117587,24.9372935044809));
#6035=CARTESIAN_POINT('',(262.000002838671,112.100001117587,33.1999992579222));
#6036=CARTESIAN_POINT('',(259.906339635019,112.100001117587,32.9240163810772));
#6037=CARTESIAN_POINT('',(261.999998107553,112.100001117587,26.5830579066335));
#6038=CARTESIAN_POINT('',(261.999998107553,112.100001117587,26.0000003874302));
#6039=CARTESIAN_POINT('',(250.661247961744,112.100001117587,26.5830579066335));
#6040=CARTESIAN_POINT('',(245.092069388135,112.100001117587,26.5830579066335));
#6041=CARTESIAN_POINT('',(243.943337907219,112.100001117587,29.1756504992261));
#6042=CARTESIAN_POINT('Origin',(250.661247961744,112.100001117587,36.5830579066335));
#6043=CARTESIAN_POINT('',(238.092069388135,112.100001117587,26.5830579066335));
#6044=CARTESIAN_POINT('Origin',(241.592069388135,112.100001117587,26.5830579066335));
#6045=CARTESIAN_POINT('',(238.092069388135,112.100001117587,26.5830579066335));
#6046=CARTESIAN_POINT('',(273.1,112.100001117587,16.6457645511642));
#6047=CARTESIAN_POINT('',(240.042069388135,112.100001117587,26.5830579066335));
#6048=CARTESIAN_POINT('Origin',(241.592069388135,112.100001117587,26.5830579066335));
#6049=CARTESIAN_POINT('Origin',(273.1,122.,10.));
#6050=CARTESIAN_POINT('',(273.1,118.550000558794,21.4999995529652));
#6051=CARTESIAN_POINT('Origin',(259.0460338298,87.8999972060323,23.2915291023284));
#6052=CARTESIAN_POINT('',(238.092069388135,87.8999972060323,26.5830579066335));
#6053=CARTESIAN_POINT('',(238.092069388135,87.8999972060323,26.5830579066335));
#6054=CARTESIAN_POINT('',(243.943337907219,87.8999972060323,29.1756504992261));
#6055=CARTESIAN_POINT('Origin',(241.592069388135,87.8999972060323,26.5830579066335));
#6056=CARTESIAN_POINT('',(250.661247961744,87.8999972060323,26.5830579066335));
#6057=CARTESIAN_POINT('Origin',(250.661247961744,87.8999972060323,36.5830579066335));
#6058=CARTESIAN_POINT('',(261.999998107553,87.8999972060323,26.5830579066335));
#6059=CARTESIAN_POINT('',(245.092069388135,87.8999972060323,26.5830579066335));
#6060=CARTESIAN_POINT('',(262.000002838671,87.8999972060323,33.1999992579222));
#6061=CARTESIAN_POINT('',(261.999998107553,87.8999972060323,26.0000003874302));
#6062=CARTESIAN_POINT('',(279.999998271465,87.8999972060323,35.5727259286087));
#6063=CARTESIAN_POINT('',(259.906339635019,87.8999972060323,32.9240163810772));
#6064=CARTESIAN_POINT('',(279.999998271465,87.8999972060323,24.9372935044809));
#6065=CARTESIAN_POINT('',(240.042069388135,87.8999972060323,26.5830579066335));
#6066=CARTESIAN_POINT('Origin',(241.592069388135,87.8999972060323,26.5830579066335));
#6067=CARTESIAN_POINT('Origin',(262.000002838671,84.8999972060323,33.1999992579222));
#6068=CARTESIAN_POINT('',(279.999998271465,81.4499972060323,35.5727259286087));
#6069=CARTESIAN_POINT('',(262.000002838671,84.8999972060323,33.1999992579222));
#6070=CARTESIAN_POINT('',(271.46234589533,96.0000011175871,34.4473081153908));
#6071=CARTESIAN_POINT('Origin',(271.46234589533,100.000001117587,34.4473081153908));
#6072=CARTESIAN_POINT('Origin',(273.1,115.100001117587,21.4999995529652));
#6073=CARTESIAN_POINT('',(279.999998271465,96.5499991618097,21.4999995529652));
#6074=CARTESIAN_POINT('Origin',(259.0460338298,122.000001117587,23.2915291023284));
#6075=CARTESIAN_POINT('',(238.092069388135,122.000001117587,26.5830579066335));
#6076=CARTESIAN_POINT('',(238.092069388135,122.000001117587,24.5546214857861));
#6077=CARTESIAN_POINT('',(243.943337907219,122.000001117587,29.1756504992261));
#6078=CARTESIAN_POINT('Origin',(241.592069388135,122.000001117587,26.5830579066335));
#6079=CARTESIAN_POINT('',(250.661247961744,122.000001117587,26.5830579066335));
#6080=CARTESIAN_POINT('Origin',(250.661247961744,122.000001117587,36.5830579066335));
#6081=CARTESIAN_POINT('',(261.999998107553,122.000001117587,26.5830579066335));
#6082=CARTESIAN_POINT('',(245.092069388135,122.000001117587,26.5830579066335));
#6083=CARTESIAN_POINT('',(262.000002838671,122.000001117587,33.1999992579222));
#6084=CARTESIAN_POINT('',(261.999998107553,122.000001117587,26.0000003874302));
#6085=CARTESIAN_POINT('',(261.999998107553,122.000001117587,38.0000005662441));
#6086=CARTESIAN_POINT('',(261.999998107553,122.000001117587,26.0000003874302));
#6087=CARTESIAN_POINT('',(279.999998271465,122.000001117587,41.2727278687737));
#6088=CARTESIAN_POINT('',(261.999998107553,122.000001117587,38.0000005662441));
#6089=CARTESIAN_POINT('',(279.999998271465,122.000001117587,24.9372935044809));
#6090=CARTESIAN_POINT('',(240.042069388135,122.000001117587,26.5830579066335));
#6091=CARTESIAN_POINT('Origin',(241.592069388135,122.000001117587,26.5830579066335));
#6092=CARTESIAN_POINT('Origin',(271.09009248388,100.000001117587,37.2827175752295));
#6093=CARTESIAN_POINT('',(272.999998271465,103.505623185735,37.5334640564862));
#6094=CARTESIAN_POINT('',(272.999998271465,96.4943790494391,37.5334640564862));
#6095=CARTESIAN_POINT('',(272.999998271465,111.000001117587,37.5334640564862));
#6096=CARTESIAN_POINT('',(271.09009248388,96.0000011175871,37.2827175752295));
#6097=CARTESIAN_POINT('Origin',(271.09009248388,100.000001117587,37.2827175752295));
#6098=CARTESIAN_POINT('Origin',(271.09009248388,100.000001117587,37.2827175752295));
#6099=CARTESIAN_POINT('Origin',(272.999998271465,122.000001117587,34.6499992255121));
#6100=CARTESIAN_POINT('',(272.999998271465,103.491066476264,37.7351803294909));
#6101=CARTESIAN_POINT('Origin',(272.999998271465,100.000001117587,22.7351949174054));
#6102=CARTESIAN_POINT('',(272.999998271465,96.50893575891,37.7351803294909));
#6103=CARTESIAN_POINT('',(272.999998271465,111.000001117587,37.7351803294909));
#6104=CARTESIAN_POINT('Origin',(272.999998271465,100.000001117587,22.7351949174054));
#6105=CARTESIAN_POINT('Origin',(250.661247961744,74.9999972060323,36.5830579066335));
#6106=CARTESIAN_POINT('',(250.661247961744,77.9999972060323,26.5830579066335));
#6107=CARTESIAN_POINT('',(243.943337907219,77.9999972060323,29.1756504992261));
#6108=CARTESIAN_POINT('Origin',(250.661247961744,77.9999972060323,36.5830579066335));
#6109=CARTESIAN_POINT('',(250.661247961744,84.8999972060323,26.5830579066335));
#6110=CARTESIAN_POINT('',(243.943337907219,74.9999972060323,29.1756504992261));
#6111=CARTESIAN_POINT('Origin',(241.592069388135,74.9999972060323,26.5830579066335));
#6112=CARTESIAN_POINT('',(238.092069388135,77.9999972060323,26.5830579066335));
#6113=CARTESIAN_POINT('',(238.092069388135,84.8999972060323,26.5830579066335));
#6114=CARTESIAN_POINT('Origin',(241.592069388135,77.9999972060323,26.5830579066335));
#6115=CARTESIAN_POINT('Origin',(250.661247961744,125.000001117587,36.5830579066335));
#6116=CARTESIAN_POINT('',(243.943337907219,115.100001117587,29.1756504992261));
#6117=CARTESIAN_POINT('',(250.661247961744,125.000001117587,26.5830579066335));
#6118=CARTESIAN_POINT('Origin',(245.092069388135,122.000001117587,26.5830579066335));
#6119=CARTESIAN_POINT('',(261.999998107553,122.000001117587,26.5830579066335));
#6120=CARTESIAN_POINT('Origin',(238.092069388135,125.000001117587,20.0000002980232));
#6121=CARTESIAN_POINT('',(238.092069388135,125.000001117587,26.5830579066335));
#6122=CARTESIAN_POINT('Origin',(241.592069388135,125.000001117587,26.5830579066335));
#6123=CARTESIAN_POINT('Origin',(241.592069388135,125.000001117587,26.5830579066335));
#6124=CARTESIAN_POINT('',(240.042069388135,125.000001117587,26.5830579066335));
#6125=CARTESIAN_POINT('Origin',(238.092069388135,74.9999972060323,20.0000002980232));
#6126=CARTESIAN_POINT('',(238.092069388135,77.9999972060323,24.5546214857861));
#6127=CARTESIAN_POINT('Origin',(241.592069388135,74.9999972060323,26.5830579066335));
#6128=CARTESIAN_POINT('',(240.042069388135,77.9999972060323,26.5830579066335));
#6129=CARTESIAN_POINT('Origin',(241.592069388135,77.9999972060323,26.5830579066335));
#6130=CARTESIAN_POINT('',(240.042069388135,74.9999972060323,26.5830579066335));
#6131=CARTESIAN_POINT('Origin',(279.999998271465,77.9999972060323,26.5830579066335));
#6132=CARTESIAN_POINT('',(279.999998271465,77.9999972060323,41.2727278687737));
#6133=CARTESIAN_POINT('',(279.999998271465,77.9999972060323,41.2727278687737));
#6134=CARTESIAN_POINT('',(279.999998271465,77.9999972060323,24.9372935044809));
#6135=CARTESIAN_POINT('Origin',(261.999998107553,77.9999972060323,38.0000005662441));
#6136=CARTESIAN_POINT('',(261.999998107553,77.9999972060323,38.0000005662441));
#6137=CARTESIAN_POINT('',(261.999998107553,77.9999972060323,38.0000005662441));
#6138=CARTESIAN_POINT('',(272.999998271465,78.0000011175871,40.0000005960464));
#6139=CARTESIAN_POINT('',(261.999998107553,77.9999972060323,38.0000005662441));
#6140=CARTESIAN_POINT('',(261.999998107553,77.9999972060323,38.0000005662441));
#6141=CARTESIAN_POINT('Origin',(271.467586403459,100.000001117587,34.4073917953081));
#6142=CARTESIAN_POINT('',(271.467586403459,96.0000011175871,34.4073917953081));
#6143=CARTESIAN_POINT('Origin',(271.064058420461,100.000001117587,37.4810159048793));
#6144=CARTESIAN_POINT('Origin',(261.999998107553,77.9999972060323,26.5830579066335));
#6145=CARTESIAN_POINT('',(261.999998107553,77.9999972060323,26.5830579066335));
#6146=CARTESIAN_POINT('',(262.000002838671,77.9999972060323,33.1999992579222));
#6147=CARTESIAN_POINT('',(261.999998107553,77.9999972060323,26.0000003874302));
#6148=CARTESIAN_POINT('',(261.999998107553,77.9999972060323,26.0000003874302));
#6149=CARTESIAN_POINT('',(261.999998107553,77.9999972060323,26.5830579066335));
#6150=CARTESIAN_POINT('Origin',(271.064058420461,100.000001117587,37.4810159048793));
#6151=CARTESIAN_POINT('Origin',(245.092069388135,77.9999972060323,26.5830579066335));
#6152=CARTESIAN_POINT('',(245.092069388135,77.9999972060323,26.5830579066335));
#6153=CARTESIAN_POINT('Origin',(259.0460338298,77.9999972060323,23.2915291023284));
#6154=CARTESIAN_POINT('',(0.,0.,0.));
#6155=CARTESIAN_POINT('Origin',(124.9,122.,10.));
#6156=CARTESIAN_POINT('',(124.9,122.000001117587,13.0000002980232));
#6157=CARTESIAN_POINT('',(124.9,105.200001490116,13.0000002980232));
#6158=CARTESIAN_POINT('',(124.9,122.000000558794,13.0000002980232));
#6159=CARTESIAN_POINT('',(124.9,122.000001117587,20.1));
#6160=CARTESIAN_POINT('',(124.9,122.000001117587,16.6457645511642));
#6161=CARTESIAN_POINT('',(124.9,105.200001490116,20.1));
#6162=CARTESIAN_POINT('',(124.9,110.999999580905,20.1));
#6163=CARTESIAN_POINT('',(124.9,105.200001490116,7.5000000372529));
#6164=CARTESIAN_POINT('Origin',(124.9,122.,10.));
#6165=CARTESIAN_POINT('',(124.9,77.9999972060323,13.0000002980232));
#6166=CARTESIAN_POINT('',(124.9,77.9999972060323,20.1));
#6167=CARTESIAN_POINT('',(124.9,77.9999972060323,16.6457645511642));
#6168=CARTESIAN_POINT('',(124.9,94.8000014901161,13.0000002980232));
#6169=CARTESIAN_POINT('',(124.9,122.000000558794,13.0000002980232));
#6170=CARTESIAN_POINT('',(124.9,94.8000014901161,20.1));
#6171=CARTESIAN_POINT('',(124.9,94.8000014901161,15.7499997764826));
#6172=CARTESIAN_POINT('',(124.9,110.999999580905,20.1));
#6173=CARTESIAN_POINT('Origin',(127.000001728535,122.000001117587,13.0000002980232));
#6174=CARTESIAN_POINT('',(120.000001728535,105.200001490116,13.0000002980232));
#6175=CARTESIAN_POINT('',(123.500001728535,105.200001490116,13.0000002980232));
#6176=CARTESIAN_POINT('',(120.000001728535,122.000001117587,13.0000002980232));
#6177=CARTESIAN_POINT('',(120.000001728535,99.9999991618097,13.0000002980232));
#6178=CARTESIAN_POINT('',(133.976983949367,122.000001117587,13.0000002980232));
#6179=CARTESIAN_POINT('Origin',(120.000001728535,105.200001490116,5.00000007450581));
#6180=CARTESIAN_POINT('',(126.9,105.200001490116,20.1));
#6181=CARTESIAN_POINT('',(128.874999905936,105.200001490116,20.1));
#6182=CARTESIAN_POINT('',(126.9,105.200001490116,21.4999995529652));
#6183=CARTESIAN_POINT('',(126.9,105.200001490116,7.5000000372529));
#6184=CARTESIAN_POINT('',(120.000001728535,105.200001490116,21.4999995529652));
#6185=CARTESIAN_POINT('',(123.450000864267,105.200001490116,21.4999995529652));
#6186=CARTESIAN_POINT('',(120.000001728535,105.200001490116,15.7915289905697));
#6187=CARTESIAN_POINT('Origin',(120.000001728535,94.8000014901161,21.4999995529652));
#6188=CARTESIAN_POINT('',(120.000001728535,94.8000014901161,13.0000002980232));
#6189=CARTESIAN_POINT('',(123.500001728535,94.8000014901161,13.0000002980232));
#6190=CARTESIAN_POINT('',(120.000001728535,94.8000014901161,21.4999995529652));
#6191=CARTESIAN_POINT('',(120.000001728535,94.8000014901161,24.0415287297993));
#6192=CARTESIAN_POINT('',(126.9,94.8000014901161,21.4999995529652));
#6193=CARTESIAN_POINT('',(123.450000864267,94.8000014901161,21.4999995529652));
#6194=CARTESIAN_POINT('',(126.9,94.8000014901161,20.1));
#6195=CARTESIAN_POINT('',(126.9,94.8000014901161,15.7499997764826));
#6196=CARTESIAN_POINT('',(128.874999905936,94.8000014901161,20.1));
#6197=CARTESIAN_POINT('Origin',(126.9,115.100001117587,21.4999995529652));
#6198=CARTESIAN_POINT('',(120.000001728535,87.8999972060323,21.4999995529652));
#6199=CARTESIAN_POINT('',(120.000001728535,96.5499991618097,21.4999995529652));
#6200=CARTESIAN_POINT('',(126.9,87.8999972060323,21.4999995529652));
#6201=CARTESIAN_POINT('',(133.9269830851,87.8999972060323,21.4999995529652));
#6202=CARTESIAN_POINT('',(126.9,118.550000558794,21.4999995529652));
#6203=CARTESIAN_POINT('Origin',(126.9,122.,10.));
#6204=CARTESIAN_POINT('',(126.9,87.8999972060323,20.1));
#6205=CARTESIAN_POINT('',(126.9,87.8999972060323,16.6457645511642));
#6206=CARTESIAN_POINT('',(126.9,110.999999580905,20.1));
#6207=CARTESIAN_POINT('Origin',(137.749998083338,99.9999991618097,20.1));
#6208=CARTESIAN_POINT('',(161.907930611865,77.9999972060323,20.1));
#6209=CARTESIAN_POINT('',(139.351982126769,77.9999972060323,20.1));
#6210=CARTESIAN_POINT('',(161.907930611865,87.8999972060323,20.1));
#6211=CARTESIAN_POINT('',(139.351982126769,87.8999972060323,20.1));
#6212=CARTESIAN_POINT('',(161.907930611865,87.499998183921,20.1));
#6213=CARTESIAN_POINT('',(145.219376965352,82.9499972060323,20.1));
#6214=CARTESIAN_POINT('Origin',(143.669376965352,82.9499972060323,20.1));
#6215=CARTESIAN_POINT('Origin',(137.749998083338,99.9999991618097,20.1));
#6216=CARTESIAN_POINT('',(161.907930611865,122.000001117587,20.1));
#6217=CARTESIAN_POINT('',(139.351982126769,122.000001117587,20.1));
#6218=CARTESIAN_POINT('',(161.907930611865,112.100001117587,20.1));
#6219=CARTESIAN_POINT('',(161.907930611865,112.500000139698,20.1));
#6220=CARTESIAN_POINT('',(126.9,112.100001117587,20.1));
#6221=CARTESIAN_POINT('',(139.351982126769,112.100001117587,20.1));
#6222=CARTESIAN_POINT('',(126.9,110.999999580905,20.1));
#6223=CARTESIAN_POINT('',(145.219376965352,117.050001117587,20.1));
#6224=CARTESIAN_POINT('Origin',(143.669376965352,117.050001117587,20.1));
#6225=CARTESIAN_POINT('Origin',(127.000001728535,122.000001117587,13.0000002980232));
#6226=CARTESIAN_POINT('',(120.000001728535,77.9999972060323,13.0000002980232));
#6227=CARTESIAN_POINT('',(133.976983949367,77.9999972060323,13.0000002980232));
#6228=CARTESIAN_POINT('',(120.000001728535,99.9999991618097,13.0000002980232));
#6229=CARTESIAN_POINT('Origin',(143.669376965352,82.9499972060323,26.5830579066335));
#6230=CARTESIAN_POINT('',(145.219376965352,82.9499972060323,26.5830579066335));
#6231=CARTESIAN_POINT('Origin',(143.669376965352,82.9499972060323,26.5830579066335));
#6232=CARTESIAN_POINT('',(145.219376965352,82.9499972060323,26.5830579066335));
#6233=CARTESIAN_POINT('Origin',(143.669376965352,117.050001117587,26.5830579066335));
#6234=CARTESIAN_POINT('',(145.219376965352,117.050001117587,26.5830579066335));
#6235=CARTESIAN_POINT('Origin',(143.669376965352,117.050001117587,26.5830579066335));
#6236=CARTESIAN_POINT('',(145.219376965352,117.050001117587,26.5830579066335));
#6237=CARTESIAN_POINT('Origin',(140.9539661702,112.100001117587,23.2915291023284));
#6238=CARTESIAN_POINT('',(126.9,112.100001117587,21.4999995529652));
#6239=CARTESIAN_POINT('',(120.000001728535,112.100001117587,21.4999995529652));
#6240=CARTESIAN_POINT('',(133.9269830851,112.100001117587,21.4999995529652));
#6241=CARTESIAN_POINT('',(126.9,112.100001117587,16.6457645511642));
#6242=CARTESIAN_POINT('',(161.907930611865,112.100001117587,26.5830579066335));
#6243=CARTESIAN_POINT('',(161.907930611865,112.100001117587,26.5830579066335));
#6244=CARTESIAN_POINT('',(156.056662092781,112.100001117587,29.1756504992261));
#6245=CARTESIAN_POINT('Origin',(158.407930611865,112.100001117587,26.5830579066335));
#6246=CARTESIAN_POINT('',(149.338752038256,112.100001117587,26.5830579066335));
#6247=CARTESIAN_POINT('Origin',(149.338752038256,112.100001117587,36.5830579066335));
#6248=CARTESIAN_POINT('',(138.000001892447,112.100001117587,26.5830579066335));
#6249=CARTESIAN_POINT('',(154.907930611865,112.100001117587,26.5830579066335));
#6250=CARTESIAN_POINT('',(137.999997161329,112.100001117587,33.1999992579222));
#6251=CARTESIAN_POINT('',(138.000001892447,112.100001117587,26.0000003874302));
#6252=CARTESIAN_POINT('',(120.000001728535,112.100001117587,35.5727259286087));
#6253=CARTESIAN_POINT('',(140.093660364981,112.100001117587,32.9240163810772));
#6254=CARTESIAN_POINT('',(120.000001728535,112.100001117587,24.9372935044809));
#6255=CARTESIAN_POINT('',(159.957930611865,112.100001117587,26.5830579066335));
#6256=CARTESIAN_POINT('Origin',(158.407930611865,112.100001117587,26.5830579066335));
#6257=CARTESIAN_POINT('Origin',(126.9,122.,10.));
#6258=CARTESIAN_POINT('',(126.9,118.550000558794,21.4999995529652));
#6259=CARTESIAN_POINT('Origin',(140.9539661702,87.8999972060323,23.2915291023284));
#6260=CARTESIAN_POINT('',(120.000001728535,87.8999972060323,35.5727259286087));
#6261=CARTESIAN_POINT('',(120.000001728535,87.8999972060323,24.9372935044809));
#6262=CARTESIAN_POINT('',(137.999997161329,87.8999972060323,33.1999992579222));
#6263=CARTESIAN_POINT('',(140.093660364981,87.8999972060323,32.9240163810772));
#6264=CARTESIAN_POINT('',(138.000001892447,87.8999972060323,26.5830579066335));
#6265=CARTESIAN_POINT('',(138.000001892447,87.8999972060323,26.0000003874302));
#6266=CARTESIAN_POINT('',(149.338752038256,87.8999972060323,26.5830579066335));
#6267=CARTESIAN_POINT('',(154.907930611865,87.8999972060323,26.5830579066335));
#6268=CARTESIAN_POINT('',(156.056662092781,87.8999972060323,29.1756504992261));
#6269=CARTESIAN_POINT('Origin',(149.338752038256,87.8999972060323,36.5830579066335));
#6270=CARTESIAN_POINT('',(161.907930611865,87.8999972060323,26.5830579066335));
#6271=CARTESIAN_POINT('Origin',(158.407930611865,87.8999972060323,26.5830579066335));
#6272=CARTESIAN_POINT('',(161.907930611865,87.8999972060323,26.5830579066335));
#6273=CARTESIAN_POINT('',(159.957930611865,87.8999972060323,26.5830579066335));
#6274=CARTESIAN_POINT('Origin',(158.407930611865,87.8999972060323,26.5830579066335));
#6275=CARTESIAN_POINT('Origin',(137.999997161329,84.8999972060323,33.1999992579222));
#6276=CARTESIAN_POINT('',(137.999997161329,84.8999972060323,33.1999992579222));
#6277=CARTESIAN_POINT('',(120.000001728535,81.4499972060323,35.5727259286087));
#6278=CARTESIAN_POINT('',(128.53765410467,96.0000011175871,34.4473081153908));
#6279=CARTESIAN_POINT('Origin',(128.53765410467,100.000001117587,34.4473081153908));
#6280=CARTESIAN_POINT('Origin',(126.9,115.100001117587,21.4999995529652));
#6281=CARTESIAN_POINT('',(120.000001728535,96.5499991618097,21.4999995529652));
#6282=CARTESIAN_POINT('Origin',(140.9539661702,122.000001117587,23.2915291023284));
#6283=CARTESIAN_POINT('',(120.000001728535,122.000001117587,41.2727278687737));
#6284=CARTESIAN_POINT('',(120.000001728535,122.000001117587,24.9372935044809));
#6285=CARTESIAN_POINT('',(138.000001892447,122.000001117587,38.0000005662441));
#6286=CARTESIAN_POINT('',(138.000001892447,122.000001117587,38.0000005662441));
#6287=CARTESIAN_POINT('',(137.999997161329,122.000001117587,33.1999992579222));
#6288=CARTESIAN_POINT('',(138.000001892447,122.000001117587,26.0000003874302));
#6289=CARTESIAN_POINT('',(138.000001892447,122.000001117587,26.5830579066335));
#6290=CARTESIAN_POINT('',(138.000001892447,122.000001117587,26.0000003874302));
#6291=CARTESIAN_POINT('',(149.338752038256,122.000001117587,26.5830579066335));
#6292=CARTESIAN_POINT('',(154.907930611865,122.000001117587,26.5830579066335));
#6293=CARTESIAN_POINT('',(156.056662092781,122.000001117587,29.1756504992261));
#6294=CARTESIAN_POINT('Origin',(149.338752038256,122.000001117587,36.5830579066335));
#6295=CARTESIAN_POINT('',(161.907930611865,122.000001117587,26.5830579066335));
#6296=CARTESIAN_POINT('Origin',(158.407930611865,122.000001117587,26.5830579066335));
#6297=CARTESIAN_POINT('',(161.907930611865,122.000001117587,24.5546214857861));
#6298=CARTESIAN_POINT('',(159.957930611865,122.000001117587,26.5830579066335));
#6299=CARTESIAN_POINT('Origin',(158.407930611865,122.000001117587,26.5830579066335));
#6300=CARTESIAN_POINT('Origin',(128.90990751612,100.000001117587,37.2827175752295));
#6301=CARTESIAN_POINT('',(127.000001728535,103.505623185735,37.5334640564862));
#6302=CARTESIAN_POINT('',(127.000001728535,96.4943790494391,37.5334640564862));
#6303=CARTESIAN_POINT('',(127.000001728535,111.000001117587,37.5334640564862));
#6304=CARTESIAN_POINT('',(128.90990751612,96.0000011175871,37.2827175752295));
#6305=CARTESIAN_POINT('Origin',(128.90990751612,100.000001117587,37.2827175752295));
#6306=CARTESIAN_POINT('Origin',(128.90990751612,100.000001117587,37.2827175752295));
#6307=CARTESIAN_POINT('Origin',(127.000001728535,122.000001117587,34.6499992255121));
#6308=CARTESIAN_POINT('',(127.000001728535,96.50893575891,37.7351803294909));
#6309=CARTESIAN_POINT('Origin',(127.000001728535,100.000001117587,22.7351949174054));
#6310=CARTESIAN_POINT('',(127.000001728535,103.491066476264,37.7351803294909));
#6311=CARTESIAN_POINT('',(127.000001728535,111.000001117587,37.7351803294909));
#6312=CARTESIAN_POINT('Origin',(127.000001728535,100.000001117587,22.7351949174054));
#6313=CARTESIAN_POINT('Origin',(149.338752038256,74.9999972060323,36.5830579066335));
#6314=CARTESIAN_POINT('',(149.338752038256,77.9999972060323,26.5830579066335));
#6315=CARTESIAN_POINT('',(156.056662092781,77.9999972060323,29.1756504992261));
#6316=CARTESIAN_POINT('Origin',(149.338752038256,77.9999972060323,36.5830579066335));
#6317=CARTESIAN_POINT('',(156.056662092781,74.9999972060323,29.1756504992261));
#6318=CARTESIAN_POINT('',(149.338752038256,84.8999972060323,26.5830579066335));
#6319=CARTESIAN_POINT('Origin',(158.407930611865,74.9999972060323,26.5830579066335));
#6320=CARTESIAN_POINT('',(161.907930611865,77.9999972060323,26.5830579066335));
#6321=CARTESIAN_POINT('Origin',(158.407930611865,77.9999972060323,26.5830579066335));
#6322=CARTESIAN_POINT('',(161.907930611865,84.8999972060323,26.5830579066335));
#6323=CARTESIAN_POINT('Origin',(149.338752038256,125.000001117587,36.5830579066335));
#6324=CARTESIAN_POINT('',(149.338752038256,125.000001117587,26.5830579066335));
#6325=CARTESIAN_POINT('',(156.056662092781,115.100001117587,29.1756504992261));
#6326=CARTESIAN_POINT('Origin',(154.907930611865,122.000001117587,26.5830579066335));
#6327=CARTESIAN_POINT('',(138.000001892447,122.000001117587,26.5830579066335));
#6328=CARTESIAN_POINT('Origin',(161.907930611865,125.000001117587,20.0000002980232));
#6329=CARTESIAN_POINT('',(161.907930611865,125.000001117587,26.5830579066335));
#6330=CARTESIAN_POINT('Origin',(158.407930611865,125.000001117587,26.5830579066335));
#6331=CARTESIAN_POINT('Origin',(158.407930611865,125.000001117587,26.5830579066335));
#6332=CARTESIAN_POINT('',(159.957930611865,125.000001117587,26.5830579066335));
#6333=CARTESIAN_POINT('Origin',(161.907930611865,74.9999972060323,20.0000002980232));
#6334=CARTESIAN_POINT('',(161.907930611865,77.9999972060323,24.5546214857861));
#6335=CARTESIAN_POINT('Origin',(158.407930611865,74.9999972060323,26.5830579066335));
#6336=CARTESIAN_POINT('',(159.957930611865,77.9999972060323,26.5830579066335));
#6337=CARTESIAN_POINT('Origin',(158.407930611865,77.9999972060323,26.5830579066335));
#6338=CARTESIAN_POINT('',(159.957930611865,74.9999972060323,26.5830579066335));
#6339=CARTESIAN_POINT('Origin',(120.000001728535,77.9999972060323,26.5830579066335));
#6340=CARTESIAN_POINT('',(120.000001728535,77.9999972060323,41.2727278687737));
#6341=CARTESIAN_POINT('',(120.000001728535,77.9999972060323,24.9372935044809));
#6342=CARTESIAN_POINT('',(120.000001728535,77.9999972060323,41.2727278687737));
#6343=CARTESIAN_POINT('Origin',(138.000001892447,77.9999972060323,38.0000005662441));
#6344=CARTESIAN_POINT('',(127.000001728535,78.0000011175871,40.0000005960464));
#6345=CARTESIAN_POINT('',(138.000001892447,77.9999972060323,38.0000005662441));
#6346=CARTESIAN_POINT('',(138.000001892447,77.9999972060323,38.0000005662441));
#6347=CARTESIAN_POINT('',(138.000001892447,77.9999972060323,38.0000005662441));
#6348=CARTESIAN_POINT('',(138.000001892447,77.9999972060323,38.0000005662441));
#6349=CARTESIAN_POINT('Origin',(128.532413596541,100.000001117587,34.4073917953081));
#6350=CARTESIAN_POINT('',(128.532413596541,96.0000011175871,34.4073917953081));
#6351=CARTESIAN_POINT('Origin',(128.935941579539,100.000001117587,37.4810159048793));
#6352=CARTESIAN_POINT('Origin',(138.000001892447,77.9999972060323,26.5830579066335));
#6353=CARTESIAN_POINT('',(138.000001892447,77.9999972060323,26.5830579066335));
#6354=CARTESIAN_POINT('',(137.999997161329,77.9999972060323,33.1999992579222));
#6355=CARTESIAN_POINT('',(138.000001892447,77.9999972060323,26.0000003874302));
#6356=CARTESIAN_POINT('',(138.000001892447,77.9999972060323,26.5830579066335));
#6357=CARTESIAN_POINT('',(138.000001892447,77.9999972060323,26.0000003874302));
#6358=CARTESIAN_POINT('Origin',(128.935941579539,100.000001117587,37.4810159048793));
#6359=CARTESIAN_POINT('Origin',(154.907930611865,77.9999972060323,26.5830579066335));
#6360=CARTESIAN_POINT('',(154.907930611865,77.9999972060323,26.5830579066335));
#6361=CARTESIAN_POINT('Origin',(140.9539661702,77.9999972060323,23.2915291023284));
#6362=CARTESIAN_POINT('',(0.,0.,0.));
#6363=CARTESIAN_POINT('Origin',(113.464234972446,94.0000011175871,39.4236923796221));
#6364=CARTESIAN_POINT('',(113.464234972446,92.4500011175871,39.4236923796221));
#6365=CARTESIAN_POINT('Origin',(113.464234972446,94.0000011175871,39.4236923796221));
#6366=CARTESIAN_POINT('',(113.073724021158,92.4500011175871,36.4492174348755));
#6367=CARTESIAN_POINT('',(113.464234972446,92.4500011175871,39.4236923796221));
#6368=CARTESIAN_POINT('Origin',(113.073724021158,94.0000011175871,36.4492174348755));
#6369=CARTESIAN_POINT('Origin',(113.464234972445,106.000001117587,39.4236923796222));
#6370=CARTESIAN_POINT('',(113.464234972445,104.450001117587,39.4236923796222));
#6371=CARTESIAN_POINT('Origin',(113.464234972445,106.000001117587,39.4236923796222));
#6372=CARTESIAN_POINT('',(113.073724021157,104.450001117587,36.4492174348757));
#6373=CARTESIAN_POINT('',(113.464234972445,104.450001117587,39.4236923796222));
#6374=CARTESIAN_POINT('Origin',(113.073724021157,106.000001117587,36.4492174348757));
#6375=CARTESIAN_POINT('Origin',(92.9054482317392,100.000001117587,36.4747454913511));
#6376=CARTESIAN_POINT('',(107.777822955471,150.000001117587,34.5221907349085));
#6377=CARTESIAN_POINT('',(107.777822955471,50.0000011175871,34.5221907349085));
#6378=CARTESIAN_POINT('Origin',(134.217600242105,100.000001117587,31.0509822790107));
#6379=CARTESIAN_POINT('',(107.777822955471,125.000001117587,34.5221907349085));
#6380=CARTESIAN_POINT('Origin',(134.38682165433,100.000001117587,32.3399214217341));
#6381=CARTESIAN_POINT('',(108.506776731209,50.0000011175871,40.0745439651015));
#6382=CARTESIAN_POINT('',(108.116265779921,50.0000011175871,37.1000690203554));
#6383=CARTESIAN_POINT('',(108.506776731209,150.000001117587,40.0745439651024));
#6384=CARTESIAN_POINT('Origin',(134.946554017844,100.000001117587,36.6033355092041));
#6385=CARTESIAN_POINT('',(107.947044367696,150.000001117587,35.811129877632));
#6386=CARTESIAN_POINT('Origin',(118.031182262409,112.00000166893,35.7983658493939));
#6387=CARTESIAN_POINT('',(108.116265779921,112.000004179776,37.1000690203554));
#6388=CARTESIAN_POINT('',(118.031182262409,112.00000166893,35.7983658493939));
#6389=CARTESIAN_POINT('',(108.116265779921,112.00000166893,37.1000690203556));
#6390=CARTESIAN_POINT('',(108.506776731209,112.00000166893,40.0745439651021));
#6391=CARTESIAN_POINT('',(108.031655073808,112.00000166893,36.4555994489936));
#6392=CARTESIAN_POINT('',(118.421693213697,112.00000166893,38.7728407941404));
#6393=CARTESIAN_POINT('',(115.942960991976,112.00000166893,39.098266994016));
#6394=CARTESIAN_POINT('',(118.031182262409,112.00000166893,35.7983658493939));
#6395=CARTESIAN_POINT('Origin',(118.031182262409,88.0000041797757,35.7983658493939));
#6396=CARTESIAN_POINT('',(118.031182262409,88.0000041797757,35.7983658493939));
#6397=CARTESIAN_POINT('',(118.031182262409,112.00000166893,35.7983658493939));
#6398=CARTESIAN_POINT('',(118.421693213697,88.0000041797757,38.7728407941402));
#6399=CARTESIAN_POINT('',(118.421693213697,94.0000073074871,38.7728407941403));
#6400=CARTESIAN_POINT('',(118.031182262409,88.0000041797757,35.7983658493939));
#6401=CARTESIAN_POINT('Origin',(108.116265779921,88.0000041797757,37.1000690203554));
#6402=CARTESIAN_POINT('',(108.116265779921,88.0000041797757,37.1000690203554));
#6403=CARTESIAN_POINT('',(118.031182262409,88.0000041797757,35.7983658493939));
#6404=CARTESIAN_POINT('',(108.506776731209,88.0000041797757,40.0745439651019));
#6405=CARTESIAN_POINT('',(110.985502750732,88.0000041797757,39.7491185794966));
#6406=CARTESIAN_POINT('',(108.116265779921,88.0000041797757,37.1000690203554));
#6407=CARTESIAN_POINT('Origin',(113.464228770254,100.000010435199,39.4236931938915));
#6408=CARTESIAN_POINT('',(108.506776731209,125.000005776393,40.0745439651022));
#6409=CARTESIAN_POINT('',(108.506776731209,125.000005776393,40.0745439651022));
#6410=CARTESIAN_POINT('Origin',(113.073717818965,100.000010435199,36.449218249145));
#6411=CARTESIAN_POINT('',(108.116265779921,125.000001117587,37.1000690203554));
#6412=CARTESIAN_POINT('Origin',(107.947044367696,150.000001117587,35.811129877632));
#6413=CARTESIAN_POINT('',(0.,0.,0.));
#6414=CARTESIAN_POINT('Origin',(112.08601645832,106.000001117587,28.9259677316332));
#6415=CARTESIAN_POINT('',(112.08601645832,109.100001117587,28.9259677316332));
#6416=CARTESIAN_POINT('Origin',(112.08601645832,106.000001117587,28.9259677316332));
#6417=CARTESIAN_POINT('',(112.489544441318,109.100001117587,31.9995918412045));
#6418=CARTESIAN_POINT('',(112.08601645832,109.100001117587,28.9259677316332));
#6419=CARTESIAN_POINT('Origin',(112.489544441318,106.000001117587,31.9995918412045));
#6420=CARTESIAN_POINT('Origin',(112.489544441318,106.000001117587,31.9995918412045));
#6421=CARTESIAN_POINT('',(112.489544441318,104.450001117587,31.9995918412044));
#6422=CARTESIAN_POINT('Origin',(112.489544441318,106.000001117587,31.9995918412044));
#6423=CARTESIAN_POINT('Origin',(112.086016458321,94.0000011175871,28.9259677316331));
#6424=CARTESIAN_POINT('',(112.086016458321,97.1000011175871,28.9259677316331));
#6425=CARTESIAN_POINT('Origin',(112.086016458321,94.0000011175871,28.9259677316331));
#6426=CARTESIAN_POINT('',(112.489544441319,97.1000011175871,31.9995918412043));
#6427=CARTESIAN_POINT('',(112.086016458321,97.1000011175871,28.9259677316331));
#6428=CARTESIAN_POINT('Origin',(112.489544441319,94.0000011175871,31.9995918412043));
#6429=CARTESIAN_POINT('Origin',(112.489544441319,94.0000011175871,31.9995918412043));
#6430=CARTESIAN_POINT('',(112.489544441319,92.4500011175871,31.9995918412043));
#6431=CARTESIAN_POINT('Origin',(112.489544441319,94.0000011175871,31.9995918412043));
#6432=CARTESIAN_POINT('Origin',(113.464234972446,94.0000011175871,39.4236923796221));
#6433=CARTESIAN_POINT('',(113.072137174063,92.4500011175871,36.437130611427));
#6434=CARTESIAN_POINT('Origin',(113.072137174063,94.0000011175871,36.437130611427));
#6435=CARTESIAN_POINT('',(113.464234972446,92.4500011175871,39.4236923796221));
#6436=CARTESIAN_POINT('Origin',(113.464234972445,106.000001117587,39.4236923796222));
#6437=CARTESIAN_POINT('',(113.072137174063,104.450001117587,36.4371306114271));
#6438=CARTESIAN_POINT('Origin',(113.072137174063,106.000001117587,36.4371306114271));
#6439=CARTESIAN_POINT('',(113.464234972445,104.450001117587,39.4236923796222));
#6440=CARTESIAN_POINT('Origin',(141.95443177634,88.0000011175871,29.109242673549));
#6441=CARTESIAN_POINT('',(155.499364071203,88.0000011175871,23.2263441039845));
#6442=CARTESIAN_POINT('',(107.128558217084,88.0000011175871,29.5768193171131));
#6443=CARTESIAN_POINT('',(131.712805505741,88.0000011175871,26.3492184888183));
#6444=CARTESIAN_POINT('',(158.230303124974,88.0000011175871,23.0875681732913));
#6445=CARTESIAN_POINT('',(148.595253050968,88.0000011175871,23.5771847538772));
#6446=CARTESIAN_POINT('',(159.331398222262,88.0000011175871,29.9590329617172));
#6447=CARTESIAN_POINT('Origin',(158.407930611865,88.0000011175871,26.5830579066335));
#6448=CARTESIAN_POINT('',(156.485484786946,88.0000011175871,30.7375069837783));
#6449=CARTESIAN_POINT('',(151.355904985961,88.0000011175871,32.1406573992484));
#6450=CARTESIAN_POINT('',(108.114678932827,88.0000011175871,37.0879821969069));
#6451=CARTESIAN_POINT('',(149.448141786677,88.0000011175871,31.6614211402691));
#6452=CARTESIAN_POINT('',(107.886495427792,88.0000011175871,35.3499358853015));
#6453=CARTESIAN_POINT('',(159.957930611865,88.0000011175871,26.5830579066335));
#6454=CARTESIAN_POINT('Origin',(158.407930611865,88.0000011175871,26.5830579066335));
#6455=CARTESIAN_POINT('Origin',(158.407930611865,125.000001117587,26.5830579066335));
#6456=CARTESIAN_POINT('',(158.230303124974,112.000001117587,23.0875681732913));
#6457=CARTESIAN_POINT('',(158.230303124974,125.000001117587,23.0875681732913));
#6458=CARTESIAN_POINT('',(159.331398222262,112.000001117587,29.9590329617172));
#6459=CARTESIAN_POINT('Origin',(158.407930611865,112.000001117587,26.5830579066335));
#6460=CARTESIAN_POINT('',(159.331398222262,125.000001117587,29.9590329617172));
#6461=CARTESIAN_POINT('Origin',(155.499364071203,125.000001117587,23.2263441039845));
#6462=CARTESIAN_POINT('',(155.499364071203,112.000001117587,23.2263441039845));
#6463=CARTESIAN_POINT('',(155.499364071203,125.000001117587,23.2263441039845));
#6464=CARTESIAN_POINT('',(148.595253050968,112.000001117587,23.5771847538772));
#6465=CARTESIAN_POINT('Origin',(122.000932940816,125.000001117587,27.6242645606705));
#6466=CARTESIAN_POINT('',(107.128558217084,112.000001117587,29.5768193171131));
#6467=CARTESIAN_POINT('',(107.128558217084,125.000001117587,29.5768193171131));
#6468=CARTESIAN_POINT('',(131.712805505741,112.000001117587,26.3492184888183));
#6469=CARTESIAN_POINT('Origin',(141.95443177634,112.000001117587,29.109242673549));
#6470=CARTESIAN_POINT('',(108.114678932827,112.000001117587,37.0879821969069));
#6471=CARTESIAN_POINT('',(107.886495427792,112.000001117587,35.3499358853015));
#6472=CARTESIAN_POINT('',(156.485484786946,112.000001117587,30.7375069837783));
#6473=CARTESIAN_POINT('',(149.448141786677,112.000001117587,31.6614211402691));
#6474=CARTESIAN_POINT('',(151.355904985961,112.000001117587,32.1406573992484));
#6475=CARTESIAN_POINT('',(159.957930611865,112.000001117587,26.5830579066335));
#6476=CARTESIAN_POINT('Origin',(158.407930611865,112.000001117587,26.5830579066335));
#6477=CARTESIAN_POINT('Origin',(156.485484786946,125.000001117587,30.7375069837783));
#6478=CARTESIAN_POINT('',(156.485484786946,125.000001117587,30.7375069837783));
#6479=CARTESIAN_POINT('',(108.114678932827,125.000001117587,37.0879821969069));
#6480=CARTESIAN_POINT('',(128.532413596541,96.0000011175871,34.4073917953081));
#6481=CARTESIAN_POINT('Origin',(128.532413596541,100.000001117587,34.4073917953081));
#6482=CARTESIAN_POINT('Origin',(108.114678932827,125.000001117587,37.0879821969069));
#6483=CARTESIAN_POINT('Origin',(128.128885613543,100.000001117587,31.3337676857368));
#6484=CARTESIAN_POINT('',(128.128885613543,96.0000011175871,31.3337676857368));
#6485=CARTESIAN_POINT('Origin',(128.128885613543,100.000001117587,31.3337676857368));
#6486=CARTESIAN_POINT('Origin',(128.532413596541,100.000001117587,34.4073917953081));
#6487=CARTESIAN_POINT('',(128.532413596541,96.0000011175871,34.4073917953081));
#6488=CARTESIAN_POINT('Origin',(158.407930611865,125.000001117587,26.5830579066335));
#6489=CARTESIAN_POINT('',(159.957930611865,125.000001117587,26.5830579066335));
#6490=CARTESIAN_POINT('Origin',(159.331398222262,125.000001117587,29.9590329617172));
#6491=CARTESIAN_POINT('',(0.,0.,0.));
#6492=CARTESIAN_POINT('Origin',(287.91398354168,106.000001117587,28.9259677316332));
#6493=CARTESIAN_POINT('',(287.91398354168,109.100001117587,28.9259677316332));
#6494=CARTESIAN_POINT('Origin',(287.91398354168,106.000001117587,28.9259677316332));
#6495=CARTESIAN_POINT('',(287.510455558682,109.100001117587,31.9995918412045));
#6496=CARTESIAN_POINT('',(287.91398354168,109.100001117587,28.9259677316332));
#6497=CARTESIAN_POINT('Origin',(287.510455558682,106.000001117587,31.9995918412045));
#6498=CARTESIAN_POINT('Origin',(287.510455558682,106.000001117587,31.9995918412045));
#6499=CARTESIAN_POINT('',(287.510455558682,104.450001117587,31.9995918412044));
#6500=CARTESIAN_POINT('Origin',(287.510455558682,106.000001117587,31.9995918412044));
#6501=CARTESIAN_POINT('Origin',(287.913983541679,94.0000011175871,28.9259677316331));
#6502=CARTESIAN_POINT('',(287.913983541679,97.1000011175871,28.9259677316331));
#6503=CARTESIAN_POINT('Origin',(287.913983541679,94.0000011175871,28.9259677316331));
#6504=CARTESIAN_POINT('',(287.510455558681,97.1000011175871,31.9995918412043));
#6505=CARTESIAN_POINT('',(287.913983541679,97.1000011175871,28.9259677316331));
#6506=CARTESIAN_POINT('Origin',(287.510455558681,94.0000011175871,31.9995918412043));
#6507=CARTESIAN_POINT('Origin',(287.510455558681,94.0000011175871,31.9995918412043));
#6508=CARTESIAN_POINT('',(287.510455558681,92.4500011175871,31.9995918412043));
#6509=CARTESIAN_POINT('Origin',(287.510455558681,94.0000011175871,31.9995918412043));
#6510=CARTESIAN_POINT('Origin',(286.535765027554,94.0000011175871,39.4236923796221));
#6511=CARTESIAN_POINT('',(286.927862825937,92.4500011175871,36.437130611427));
#6512=CARTESIAN_POINT('Origin',(286.927862825937,94.0000011175871,36.437130611427));
#6513=CARTESIAN_POINT('',(286.535765027554,92.4500011175871,39.4236923796221));
#6514=CARTESIAN_POINT('Origin',(286.535765027555,106.000001117587,39.4236923796222));
#6515=CARTESIAN_POINT('',(286.927862825937,104.450001117587,36.4371306114271));
#6516=CARTESIAN_POINT('Origin',(286.927862825937,106.000001117587,36.4371306114271));
#6517=CARTESIAN_POINT('',(286.535765027555,104.450001117587,39.4236923796222));
#6518=CARTESIAN_POINT('Origin',(258.04556822366,88.0000011175871,29.109242673549));
#6519=CARTESIAN_POINT('',(244.500635928797,88.0000011175871,23.2263441039845));
#6520=CARTESIAN_POINT('',(292.871441782916,88.0000011175871,29.5768193171131));
#6521=CARTESIAN_POINT('',(268.287194494259,88.0000011175871,26.3492184888183));
#6522=CARTESIAN_POINT('',(291.885321067173,88.0000011175871,37.0879821969069));
#6523=CARTESIAN_POINT('',(292.113504572208,88.0000011175871,35.3499358853015));
#6524=CARTESIAN_POINT('',(243.514515213054,88.0000011175871,30.7375069837783));
#6525=CARTESIAN_POINT('',(250.551858213323,88.0000011175871,31.6614211402691));
#6526=CARTESIAN_POINT('',(240.668601777738,88.0000011175871,29.9590329617172));
#6527=CARTESIAN_POINT('',(248.644095014039,88.0000011175871,32.1406573992484));
#6528=CARTESIAN_POINT('',(241.769696875026,88.0000011175871,23.0875681732913));
#6529=CARTESIAN_POINT('Origin',(241.592069388135,88.0000011175871,26.5830579066335));
#6530=CARTESIAN_POINT('',(251.404746949032,88.0000011175871,23.5771847538772));
#6531=CARTESIAN_POINT('',(240.042069388135,88.0000011175871,26.5830579066335));
#6532=CARTESIAN_POINT('Origin',(241.592069388135,88.0000011175871,26.5830579066335));
#6533=CARTESIAN_POINT('Origin',(241.592069388135,125.000001117587,26.5830579066335));
#6534=CARTESIAN_POINT('',(240.668601777738,112.000001117587,29.9590329617172));
#6535=CARTESIAN_POINT('',(240.668601777738,125.000001117587,29.9590329617172));
#6536=CARTESIAN_POINT('',(241.769696875026,112.000001117587,23.0875681732913));
#6537=CARTESIAN_POINT('Origin',(241.592069388135,112.000001117587,26.5830579066335));
#6538=CARTESIAN_POINT('',(241.769696875026,125.000001117587,23.0875681732913));
#6539=CARTESIAN_POINT('Origin',(244.500635928797,125.000001117587,23.2263441039845));
#6540=CARTESIAN_POINT('',(244.500635928797,112.000001117587,23.2263441039845));
#6541=CARTESIAN_POINT('',(251.404746949032,112.000001117587,23.5771847538772));
#6542=CARTESIAN_POINT('',(244.500635928797,125.000001117587,23.2263441039845));
#6543=CARTESIAN_POINT('Origin',(277.999067059184,125.000001117587,27.6242645606705));
#6544=CARTESIAN_POINT('',(292.871441782916,112.000001117587,29.5768193171131));
#6545=CARTESIAN_POINT('',(268.287194494259,112.000001117587,26.3492184888183));
#6546=CARTESIAN_POINT('',(292.871441782916,125.000001117587,29.5768193171131));
#6547=CARTESIAN_POINT('Origin',(258.04556822366,112.000001117587,29.109242673549));
#6548=CARTESIAN_POINT('',(243.514515213054,112.000001117587,30.7375069837783));
#6549=CARTESIAN_POINT('',(248.644095014039,112.000001117587,32.1406573992484));
#6550=CARTESIAN_POINT('',(291.885321067173,112.000001117587,37.0879821969069));
#6551=CARTESIAN_POINT('',(250.551858213323,112.000001117587,31.6614211402691));
#6552=CARTESIAN_POINT('',(292.113504572208,112.000001117587,35.3499358853015));
#6553=CARTESIAN_POINT('',(240.042069388135,112.000001117587,26.5830579066335));
#6554=CARTESIAN_POINT('Origin',(241.592069388135,112.000001117587,26.5830579066335));
#6555=CARTESIAN_POINT('Origin',(243.514515213054,125.000001117587,30.7375069837783));
#6556=CARTESIAN_POINT('',(291.885321067173,125.000001117587,37.0879821969069));
#6557=CARTESIAN_POINT('',(243.514515213054,125.000001117587,30.7375069837783));
#6558=CARTESIAN_POINT('',(271.467586403459,96.0000011175871,34.4073917953081));
#6559=CARTESIAN_POINT('Origin',(271.467586403459,100.000001117587,34.4073917953081));
#6560=CARTESIAN_POINT('Origin',(291.885321067173,125.000001117587,37.0879821969069));
#6561=CARTESIAN_POINT('Origin',(271.871114386457,100.000001117587,31.3337676857368));
#6562=CARTESIAN_POINT('',(271.871114386457,96.0000011175871,31.3337676857368));
#6563=CARTESIAN_POINT('Origin',(271.871114386457,100.000001117587,31.3337676857368));
#6564=CARTESIAN_POINT('Origin',(271.467586403459,100.000001117587,34.4073917953081));
#6565=CARTESIAN_POINT('',(271.467586403459,96.0000011175871,34.4073917953081));
#6566=CARTESIAN_POINT('Origin',(241.592069388135,125.000001117587,26.5830579066335));
#6567=CARTESIAN_POINT('',(240.042069388135,125.000001117587,26.5830579066335));
#6568=CARTESIAN_POINT('Origin',(240.668601777738,125.000001117587,29.9590329617172));
#6569=CARTESIAN_POINT('',(0.,0.,0.));
#6570=CARTESIAN_POINT('Origin',(147.163250494204,94.8499972060323,14.9000000000003));
#6571=CARTESIAN_POINT('',(147.163250494204,94.8499972060323,15.9243295220742));
#6572=CARTESIAN_POINT('',(147.163250494204,94.8499972060323,14.9000000000003));
#6573=CARTESIAN_POINT('',(147.163250494204,94.8499972060323,15.9243295220742));
#6574=CARTESIAN_POINT('',(147.163250494204,105.149997206032,15.9243295220742));
#6575=CARTESIAN_POINT('',(147.163250494204,94.8499972060323,15.9243295220742));
#6576=CARTESIAN_POINT('',(147.163250494204,105.149997206032,14.9000000000003));
#6577=CARTESIAN_POINT('',(147.163250494204,105.149997206032,15.9243295220742));
#6578=CARTESIAN_POINT('',(147.163250494204,99.9999972060323,14.9000000000002));
#6579=CARTESIAN_POINT('Origin',(147.785449724108,94.8499972060323,16.3868298390109));
#6580=CARTESIAN_POINT('',(147.785449724108,94.8499972060323,16.3868298390109));
#6581=CARTESIAN_POINT('',(147.785449724108,94.8499972060323,14.9000000000003));
#6582=CARTESIAN_POINT('',(147.785449724108,94.8499972060323,16.3868298390109));
#6583=CARTESIAN_POINT('',(147.785449724108,105.149997206032,14.9000000000003));
#6584=CARTESIAN_POINT('',(147.785449724108,99.9999972060323,14.9000000000002));
#6585=CARTESIAN_POINT('',(147.785449724108,105.149997206032,16.3868298390109));
#6586=CARTESIAN_POINT('',(147.785449724108,105.149997206032,16.3868298390109));
#6587=CARTESIAN_POINT('',(147.785449724108,94.8499972060323,16.3868298390109));
#6588=CARTESIAN_POINT('Origin',(96.1854497241084,94.8499972060323,25.3868298390109));
#6589=CARTESIAN_POINT('',(96.1854497241084,94.8499972060323,25.3868298390109));
#6590=CARTESIAN_POINT('',(147.785449724108,94.8499972060323,16.3868298390109));
#6591=CARTESIAN_POINT('',(96.1854497241084,105.149997206032,25.3868298390109));
#6592=CARTESIAN_POINT('',(147.785449724108,105.149997206032,16.3868298390109));
#6593=CARTESIAN_POINT('',(96.1854497241084,94.8499972060323,25.3868298390109));
#6594=CARTESIAN_POINT('Origin',(96.1854497241084,94.8499972060323,24.8158064005792));
#6595=CARTESIAN_POINT('',(96.1854497241084,94.8499972060323,24.8158064005792));
#6596=CARTESIAN_POINT('',(96.1854497241084,94.8499972060323,16.3868298390109));
#6597=CARTESIAN_POINT('',(96.1854497241084,105.149997206032,24.8158064005792));
#6598=CARTESIAN_POINT('',(96.1854497241084,105.149997206032,16.3868298390109));
#6599=CARTESIAN_POINT('',(96.1854497241084,94.8499972060323,24.8158064005792));
#6600=CARTESIAN_POINT('Origin',(147.163250494204,94.8499972060323,15.9243295220742));
#6601=CARTESIAN_POINT('',(96.1854497241084,94.8499972060323,24.8158064005792));
#6602=CARTESIAN_POINT('',(96.1854497241084,105.149997206032,24.8158064005792));
#6603=CARTESIAN_POINT('Origin',(158.7,105.149997206032,14.9000000000002));
#6604=CARTESIAN_POINT('',(134.,105.149997206032,14.9000000000002));
#6605=CARTESIAN_POINT('',(130.9,105.149997206032,14.9000000000002));
#6606=CARTESIAN_POINT('',(134.,94.8499972060323,14.9000000000003));
#6607=CARTESIAN_POINT('',(134.,105.149997206032,14.9000000000002));
#6608=CARTESIAN_POINT('',(130.9,94.8499972060323,14.9000000000003));
#6609=CARTESIAN_POINT('',(138.300004164875,102.349995559454,14.9000000000002));
#6610=CARTESIAN_POINT('',(138.300004164875,97.3499954849482,14.9000000000002));
#6611=CARTESIAN_POINT('',(138.300004164875,101.24999634549,14.9000000000002));
#6612=CARTESIAN_POINT('',(135.300004120171,97.3499954849482,14.9000000000002));
#6613=CARTESIAN_POINT('',(147.000002060086,97.3499954849482,14.9000000000002));
#6614=CARTESIAN_POINT('',(135.300004120171,102.349995559454,14.9000000000002));
#6615=CARTESIAN_POINT('',(135.300004120171,103.749996382743,14.9000000000002));
#6616=CARTESIAN_POINT('',(148.500002082437,102.349995559454,14.9000000000002));
#6617=CARTESIAN_POINT('Origin',(158.7,105.149997206032,14.9000000000002));
#6618=CARTESIAN_POINT('',(155.6,94.8499972060323,14.9000000000003));
#6619=CARTESIAN_POINT('',(130.9,94.8499972060323,14.9000000000003));
#6620=CARTESIAN_POINT('',(155.6,105.149997206032,14.9000000000002));
#6621=CARTESIAN_POINT('',(155.6,105.149997206032,14.9000000000002));
#6622=CARTESIAN_POINT('',(130.9,105.149997206032,14.9000000000002));
#6623=CARTESIAN_POINT('Origin',(133.7,94.8499972060323,1.81455027589196));
#6624=CARTESIAN_POINT('',(132.15,94.8499972060323,1.81455027589196));
#6625=CARTESIAN_POINT('Origin',(133.7,94.8499972060323,1.81455027589196));
#6626=CARTESIAN_POINT('',(132.15,105.149997206032,1.81455027589196));
#6627=CARTESIAN_POINT('',(132.15,94.8499972060323,1.81455027589196));
#6628=CARTESIAN_POINT('Origin',(133.7,105.149997206032,1.81455027589196));
#6629=CARTESIAN_POINT('Origin',(155.885449724108,94.8499972060323,12.1000000000003));
#6630=CARTESIAN_POINT('',(154.335449724108,94.8499972060323,12.1000000000003));
#6631=CARTESIAN_POINT('Origin',(155.885449724108,94.8499972060323,12.1000000000003));
#6632=CARTESIAN_POINT('',(154.335449724108,105.149997206032,12.1000000000003));
#6633=CARTESIAN_POINT('',(154.335449724108,94.8499972060323,12.1000000000003));
#6634=CARTESIAN_POINT('Origin',(155.885449724108,105.149997206032,12.1000000000003));
#6635=CARTESIAN_POINT('Origin',(137.050004164875,98.5999955035747,15.1500000000002));
#6636=CARTESIAN_POINT('',(138.300004164875,102.349995559454,15.1500000000002));
#6637=CARTESIAN_POINT('',(137.050004164875,102.349995559454,16.4000000000002));
#6638=CARTESIAN_POINT('Origin',(137.050004164875,102.349995559454,15.1500000000002));
#6639=CARTESIAN_POINT('',(137.050004164875,97.3499954849482,16.4000000000002));
#6640=CARTESIAN_POINT('',(137.050004164875,98.5999955035747,16.4000000000002));
#6641=CARTESIAN_POINT('',(138.300004164875,97.3499954849482,15.1500000000002));
#6642=CARTESIAN_POINT('Origin',(137.050004164875,97.3499954849482,15.1500000000002));
#6643=CARTESIAN_POINT('',(138.300004164875,98.5999955035747,15.1500000000002));
#6644=CARTESIAN_POINT('Origin',(138.300004164875,97.3499954849482,14.9000000000002));
#6645=CARTESIAN_POINT('',(138.300004164875,97.3499954849482,14.9000000000002));
#6646=CARTESIAN_POINT('',(138.300004164875,102.349995559454,14.9000000000002));
#6647=CARTESIAN_POINT('Origin',(135.300004120171,97.3499954849482,14.9000000000002));
#6648=CARTESIAN_POINT('',(136.550004120171,97.3499954849482,16.4000000000002));
#6649=CARTESIAN_POINT('',(135.300004120171,97.3499954849482,16.4000000000002));
#6650=CARTESIAN_POINT('',(135.300004120171,97.3499954849482,15.1500000000002));
#6651=CARTESIAN_POINT('Origin',(136.550004120171,97.3499954849482,15.1500000000002));
#6652=CARTESIAN_POINT('',(135.300004120171,97.3499954849482,14.9000000000002));
#6653=CARTESIAN_POINT('Origin',(136.550004120171,101.099995540828,15.1500000000002));
#6654=CARTESIAN_POINT('',(136.550004120171,102.349995559454,16.4000000000002));
#6655=CARTESIAN_POINT('',(136.550004120171,101.099995540828,16.4000000000002));
#6656=CARTESIAN_POINT('',(135.300004120171,102.349995559454,15.1500000000002));
#6657=CARTESIAN_POINT('Origin',(136.550004120171,102.349995559454,15.1500000000002));
#6658=CARTESIAN_POINT('',(135.300004120171,101.099995540828,15.1500000000002));
#6659=CARTESIAN_POINT('Origin',(135.300004120171,102.349995559454,14.9000000000002));
#6660=CARTESIAN_POINT('',(135.300004120171,102.349995559454,14.9000000000002));
#6661=CARTESIAN_POINT('Origin',(136.800004142523,99.8499955222011,16.4000000000002));
#6662=CARTESIAN_POINT('',(138.300004164875,102.349995559454,16.4000000000002));
#6663=CARTESIAN_POINT('Origin',(138.300004164875,102.349995559454,14.9000000000002));
#6664=CARTESIAN_POINT('Origin',(155.6,105.149997206032,11.8000000000002));
#6665=CARTESIAN_POINT('',(158.7,94.8499972060323,11.8000000000003));
#6666=CARTESIAN_POINT('Origin',(155.6,94.8499972060323,11.8000000000003));
#6667=CARTESIAN_POINT('',(158.7,105.149997206032,11.8000000000002));
#6668=CARTESIAN_POINT('',(158.7,105.149997206032,11.8000000000002));
#6669=CARTESIAN_POINT('Origin',(155.6,105.149997206032,11.8000000000002));
#6670=CARTESIAN_POINT('Origin',(158.7,105.149997206032,-0.999999999999761));
#6671=CARTESIAN_POINT('',(158.7,94.8499972060323,2.10000000000028));
#6672=CARTESIAN_POINT('',(158.7,94.8499972060323,14.9000000000003));
#6673=CARTESIAN_POINT('',(158.7,105.149997206032,2.10000000000026));
#6674=CARTESIAN_POINT('',(158.7,105.149997206032,2.10000000000026));
#6675=CARTESIAN_POINT('',(158.7,105.149997206032,14.9000000000002));
#6676=CARTESIAN_POINT('Origin',(144.8,94.8499972060323,6.95000000000027));
#6677=CARTESIAN_POINT('',(130.9,94.8499972060323,11.8000000000003));
#6678=CARTESIAN_POINT('Origin',(134.,94.8499972060323,11.8000000000003));
#6679=CARTESIAN_POINT('',(130.9,94.8499972060323,2.10000000000024));
#6680=CARTESIAN_POINT('',(130.9,94.8499972060323,-0.999999999999761));
#6681=CARTESIAN_POINT('',(134.,94.8499972060323,-0.999999999999761));
#6682=CARTESIAN_POINT('Origin',(134.,94.8499972060323,2.10000000000024));
#6683=CARTESIAN_POINT('',(155.6,94.8499972060323,-0.999999999999761));
#6684=CARTESIAN_POINT('',(158.7,94.8499972060323,-0.999999999999761));
#6685=CARTESIAN_POINT('Origin',(155.6,94.8499972060323,2.10000000000028));
#6686=CARTESIAN_POINT('Origin',(134.,105.149997206032,11.8000000000002));
#6687=CARTESIAN_POINT('',(130.9,105.149997206032,11.8000000000002));
#6688=CARTESIAN_POINT('Origin',(134.,105.149997206032,11.8000000000002));
#6689=CARTESIAN_POINT('',(130.9,105.149997206032,11.8000000000002));
#6690=CARTESIAN_POINT('Origin',(130.9,105.149997206032,14.9000000000002));
#6691=CARTESIAN_POINT('',(130.9,105.149997206032,2.10000000000023));
#6692=CARTESIAN_POINT('',(130.9,105.149997206032,-0.999999999999761));
#6693=CARTESIAN_POINT('',(130.9,105.149997206032,2.10000000000023));
#6694=CARTESIAN_POINT('Origin',(134.,105.149997206032,2.10000000000023));
#6695=CARTESIAN_POINT('',(134.,105.149997206032,-0.999999999999761));
#6696=CARTESIAN_POINT('Origin',(134.,105.149997206032,2.10000000000023));
#6697=CARTESIAN_POINT('',(134.,105.149997206032,-0.999999999999761));
#6698=CARTESIAN_POINT('Origin',(155.6,105.149997206032,2.10000000000026));
#6699=CARTESIAN_POINT('',(155.6,105.149997206032,-0.999999999999761));
#6700=CARTESIAN_POINT('',(155.6,105.149997206032,-0.999999999999761));
#6701=CARTESIAN_POINT('Origin',(155.6,105.149997206032,2.10000000000026));
#6702=CARTESIAN_POINT('Origin',(130.9,105.149997206032,-0.999999999999761));
#6703=CARTESIAN_POINT('',(158.7,105.149997206032,-0.999999999999761));
#6704=CARTESIAN_POINT('Origin',(144.8,105.149997206032,6.95000000000026));
#6705=CARTESIAN_POINT('',(0.,0.,0.));
#6706=CARTESIAN_POINT('Origin',(252.836749505796,94.8499972060323,14.9000000000003));
#6707=CARTESIAN_POINT('',(252.836749505796,94.8499972060323,15.9243295220742));
#6708=CARTESIAN_POINT('',(252.836749505796,94.8499972060323,14.9000000000003));
#6709=CARTESIAN_POINT('',(252.836749505796,94.8499972060323,15.9243295220742));
#6710=CARTESIAN_POINT('',(252.836749505796,105.149997206032,14.9000000000003));
#6711=CARTESIAN_POINT('',(252.836749505796,99.9999972060323,14.9000000000002));
#6712=CARTESIAN_POINT('',(252.836749505796,105.149997206032,15.9243295220742));
#6713=CARTESIAN_POINT('',(252.836749505796,105.149997206032,15.9243295220742));
#6714=CARTESIAN_POINT('',(252.836749505796,94.8499972060323,15.9243295220742));
#6715=CARTESIAN_POINT('Origin',(252.214550275892,94.8499972060323,16.3868298390109));
#6716=CARTESIAN_POINT('',(252.214550275892,94.8499972060323,16.3868298390109));
#6717=CARTESIAN_POINT('',(252.214550275892,94.8499972060323,14.9000000000003));
#6718=CARTESIAN_POINT('',(252.214550275892,94.8499972060323,16.3868298390109));
#6719=CARTESIAN_POINT('',(252.214550275892,105.149997206032,16.3868298390109));
#6720=CARTESIAN_POINT('',(252.214550275892,94.8499972060323,16.3868298390109));
#6721=CARTESIAN_POINT('',(252.214550275892,105.149997206032,14.9000000000003));
#6722=CARTESIAN_POINT('',(252.214550275892,105.149997206032,16.3868298390109));
#6723=CARTESIAN_POINT('',(252.214550275892,99.9999972060323,14.9000000000002));
#6724=CARTESIAN_POINT('Origin',(303.814550275892,94.8499972060323,25.3868298390109));
#6725=CARTESIAN_POINT('',(303.814550275892,94.8499972060323,25.3868298390109));
#6726=CARTESIAN_POINT('',(252.214550275892,94.8499972060323,16.3868298390109));
#6727=CARTESIAN_POINT('',(303.814550275892,105.149997206032,25.3868298390109));
#6728=CARTESIAN_POINT('',(303.814550275892,94.8499972060323,25.3868298390109));
#6729=CARTESIAN_POINT('',(252.214550275892,105.149997206032,16.3868298390109));
#6730=CARTESIAN_POINT('Origin',(303.814550275892,94.8499972060323,24.8158064005792));
#6731=CARTESIAN_POINT('',(303.814550275892,94.8499972060323,24.8158064005792));
#6732=CARTESIAN_POINT('',(303.814550275892,94.8499972060323,16.3868298390109));
#6733=CARTESIAN_POINT('',(303.814550275892,105.149997206032,24.8158064005792));
#6734=CARTESIAN_POINT('',(303.814550275892,94.8499972060323,24.8158064005792));
#6735=CARTESIAN_POINT('',(303.814550275892,105.149997206032,16.3868298390109));
#6736=CARTESIAN_POINT('Origin',(252.836749505796,94.8499972060323,15.9243295220742));
#6737=CARTESIAN_POINT('',(303.814550275892,94.8499972060323,24.8158064005792));
#6738=CARTESIAN_POINT('',(303.814550275892,105.149997206032,24.8158064005792));
#6739=CARTESIAN_POINT('Origin',(241.3,105.149997206032,14.9000000000002));
#6740=CARTESIAN_POINT('',(266.,94.8499972060323,14.9000000000003));
#6741=CARTESIAN_POINT('',(269.1,94.8499972060323,14.9000000000003));
#6742=CARTESIAN_POINT('',(266.,105.149997206032,14.9000000000002));
#6743=CARTESIAN_POINT('',(266.,105.149997206032,14.9000000000002));
#6744=CARTESIAN_POINT('',(269.1,105.149997206032,14.9000000000002));
#6745=CARTESIAN_POINT('',(261.699995835125,102.349995559454,14.9000000000002));
#6746=CARTESIAN_POINT('',(261.699995835125,97.3499954849482,14.9000000000002));
#6747=CARTESIAN_POINT('',(261.699995835125,101.24999634549,14.9000000000002));
#6748=CARTESIAN_POINT('',(264.699995879829,102.349995559454,14.9000000000002));
#6749=CARTESIAN_POINT('',(251.499997917563,102.349995559454,14.9000000000002));
#6750=CARTESIAN_POINT('',(264.699995879829,97.3499954849482,14.9000000000002));
#6751=CARTESIAN_POINT('',(264.699995879829,103.749996382743,14.9000000000002));
#6752=CARTESIAN_POINT('',(252.999997939914,97.3499954849482,14.9000000000002));
#6753=CARTESIAN_POINT('Origin',(241.3,105.149997206032,14.9000000000002));
#6754=CARTESIAN_POINT('',(244.4,105.149997206032,14.9000000000002));
#6755=CARTESIAN_POINT('',(269.1,105.149997206032,14.9000000000002));
#6756=CARTESIAN_POINT('',(244.4,94.8499972060323,14.9000000000003));
#6757=CARTESIAN_POINT('',(244.4,105.149997206032,14.9000000000002));
#6758=CARTESIAN_POINT('',(269.1,94.8499972060323,14.9000000000003));
#6759=CARTESIAN_POINT('Origin',(266.3,94.8499972060323,1.81455027589196));
#6760=CARTESIAN_POINT('',(267.85,94.8499972060323,1.81455027589196));
#6761=CARTESIAN_POINT('Origin',(266.3,94.8499972060323,1.81455027589196));
#6762=CARTESIAN_POINT('',(267.85,105.149997206032,1.81455027589196));
#6763=CARTESIAN_POINT('',(267.85,94.8499972060323,1.81455027589196));
#6764=CARTESIAN_POINT('Origin',(266.3,105.149997206032,1.81455027589196));
#6765=CARTESIAN_POINT('Origin',(244.114550275892,94.8499972060323,12.1000000000003));
#6766=CARTESIAN_POINT('',(245.664550275892,94.8499972060323,12.1000000000003));
#6767=CARTESIAN_POINT('Origin',(244.114550275892,94.8499972060323,12.1000000000003));
#6768=CARTESIAN_POINT('',(245.664550275892,105.149997206032,12.1000000000003));
#6769=CARTESIAN_POINT('',(245.664550275892,94.8499972060323,12.1000000000003));
#6770=CARTESIAN_POINT('Origin',(244.114550275892,105.149997206032,12.1000000000003));
#6771=CARTESIAN_POINT('Origin',(262.949995835125,98.5999955035747,15.1500000000002));
#6772=CARTESIAN_POINT('',(261.699995835125,102.349995559454,15.1500000000002));
#6773=CARTESIAN_POINT('',(262.949995835125,102.349995559454,16.4000000000002));
#6774=CARTESIAN_POINT('Origin',(262.949995835125,102.349995559454,15.1500000000002));
#6775=CARTESIAN_POINT('',(261.699995835125,97.3499954849482,15.1500000000002));
#6776=CARTESIAN_POINT('',(261.699995835125,98.5999955035747,15.1500000000002));
#6777=CARTESIAN_POINT('',(262.949995835125,97.3499954849482,16.4000000000002));
#6778=CARTESIAN_POINT('Origin',(262.949995835125,97.3499954849482,15.1500000000002));
#6779=CARTESIAN_POINT('',(262.949995835125,98.5999955035747,16.4000000000002));
#6780=CARTESIAN_POINT('Origin',(261.699995835125,97.3499954849482,14.9000000000002));
#6781=CARTESIAN_POINT('',(261.699995835125,102.349995559454,14.9000000000002));
#6782=CARTESIAN_POINT('',(261.699995835125,97.3499954849482,14.9000000000002));
#6783=CARTESIAN_POINT('Origin',(264.699995879829,97.3499954849482,14.9000000000002));
#6784=CARTESIAN_POINT('',(264.699995879829,97.3499954849482,15.1500000000002));
#6785=CARTESIAN_POINT('',(264.699995879829,97.3499954849482,14.9000000000002));
#6786=CARTESIAN_POINT('',(263.449995879829,97.3499954849482,16.4000000000002));
#6787=CARTESIAN_POINT('Origin',(263.449995879829,97.3499954849482,15.1500000000002));
#6788=CARTESIAN_POINT('',(264.699995879829,97.3499954849482,16.4000000000002));
#6789=CARTESIAN_POINT('Origin',(263.449995879829,101.099995540828,15.1500000000002));
#6790=CARTESIAN_POINT('',(264.699995879829,102.349995559454,15.1500000000002));
#6791=CARTESIAN_POINT('',(264.699995879829,101.099995540828,15.1500000000002));
#6792=CARTESIAN_POINT('',(263.449995879829,102.349995559454,16.4000000000002));
#6793=CARTESIAN_POINT('Origin',(263.449995879829,102.349995559454,15.1500000000002));
#6794=CARTESIAN_POINT('',(263.449995879829,101.099995540828,16.4000000000002));
#6795=CARTESIAN_POINT('Origin',(264.699995879829,102.349995559454,14.9000000000002));
#6796=CARTESIAN_POINT('',(264.699995879829,102.349995559454,14.9000000000002));
#6797=CARTESIAN_POINT('Origin',(263.199995857477,99.8499955222011,16.4000000000002));
#6798=CARTESIAN_POINT('',(261.699995835125,102.349995559454,16.4000000000002));
#6799=CARTESIAN_POINT('Origin',(261.699995835125,102.349995559454,14.9000000000002));
#6800=CARTESIAN_POINT('Origin',(244.4,105.149997206032,11.8000000000002));
#6801=CARTESIAN_POINT('',(241.3,94.8499972060323,11.8000000000003));
#6802=CARTESIAN_POINT('Origin',(244.4,94.8499972060323,11.8000000000003));
#6803=CARTESIAN_POINT('',(241.3,105.149997206032,11.8000000000002));
#6804=CARTESIAN_POINT('Origin',(244.4,105.149997206032,11.8000000000002));
#6805=CARTESIAN_POINT('',(241.3,105.149997206032,11.8000000000002));
#6806=CARTESIAN_POINT('Origin',(241.3,105.149997206032,-0.999999999999761));
#6807=CARTESIAN_POINT('',(241.3,105.149997206032,2.10000000000026));
#6808=CARTESIAN_POINT('',(241.3,105.149997206032,14.9000000000002));
#6809=CARTESIAN_POINT('',(241.3,94.8499972060323,2.10000000000028));
#6810=CARTESIAN_POINT('',(241.3,105.149997206032,2.10000000000026));
#6811=CARTESIAN_POINT('',(241.3,94.8499972060323,14.9000000000003));
#6812=CARTESIAN_POINT('Origin',(255.2,94.8499972060323,6.95000000000027));
#6813=CARTESIAN_POINT('',(244.4,94.8499972060323,-0.999999999999761));
#6814=CARTESIAN_POINT('Origin',(244.4,94.8499972060323,2.10000000000028));
#6815=CARTESIAN_POINT('',(266.,94.8499972060323,-0.999999999999761));
#6816=CARTESIAN_POINT('',(241.3,94.8499972060323,-0.999999999999761));
#6817=CARTESIAN_POINT('',(269.1,94.8499972060323,2.10000000000024));
#6818=CARTESIAN_POINT('Origin',(266.,94.8499972060323,2.10000000000024));
#6819=CARTESIAN_POINT('',(269.1,94.8499972060323,11.8000000000003));
#6820=CARTESIAN_POINT('',(269.1,94.8499972060323,-0.999999999999761));
#6821=CARTESIAN_POINT('Origin',(266.,94.8499972060323,11.8000000000003));
#6822=CARTESIAN_POINT('Origin',(266.,105.149997206032,11.8000000000002));
#6823=CARTESIAN_POINT('',(269.1,105.149997206032,11.8000000000002));
#6824=CARTESIAN_POINT('',(269.1,105.149997206032,11.8000000000002));
#6825=CARTESIAN_POINT('Origin',(266.,105.149997206032,11.8000000000002));
#6826=CARTESIAN_POINT('Origin',(269.1,105.149997206032,14.9000000000002));
#6827=CARTESIAN_POINT('',(269.1,105.149997206032,2.10000000000023));
#6828=CARTESIAN_POINT('',(269.1,105.149997206032,2.10000000000023));
#6829=CARTESIAN_POINT('',(269.1,105.149997206032,-0.999999999999761));
#6830=CARTESIAN_POINT('Origin',(266.,105.149997206032,2.10000000000023));
#6831=CARTESIAN_POINT('',(266.,105.149997206032,-0.999999999999761));
#6832=CARTESIAN_POINT('',(266.,105.149997206032,-0.999999999999761));
#6833=CARTESIAN_POINT('Origin',(266.,105.149997206032,2.10000000000023));
#6834=CARTESIAN_POINT('Origin',(244.4,105.149997206032,2.10000000000026));
#6835=CARTESIAN_POINT('',(244.4,105.149997206032,-0.999999999999761));
#6836=CARTESIAN_POINT('Origin',(244.4,105.149997206032,2.10000000000026));
#6837=CARTESIAN_POINT('',(244.4,105.149997206032,-0.999999999999761));
#6838=CARTESIAN_POINT('Origin',(269.1,105.149997206032,-0.999999999999761));
#6839=CARTESIAN_POINT('',(241.3,105.149997206032,-0.999999999999761));
#6840=CARTESIAN_POINT('Origin',(255.2,105.149997206032,6.95000000000026));
#6841=CARTESIAN_POINT('Origin',(200.,100.,21.));
#6842=CARTESIAN_POINT('',(231.118252748452,122.000769756726,20.));
#6843=CARTESIAN_POINT('',(229.159791891075,122.955041600317,20.9571821616078));
#6844=CARTESIAN_POINT('Ctrl Pts',(231.11825274839,122.000769754229,20.));
#6845=CARTESIAN_POINT('Ctrl Pts',(230.972256257152,122.004388179656,20.0000000006646));
#6846=CARTESIAN_POINT('Ctrl Pts',(230.826880275293,122.020875509948,20.0204077108041));
#6847=CARTESIAN_POINT('Ctrl Pts',(230.470447813326,122.091098893655,20.1054410595794));
#6848=CARTESIAN_POINT('Ctrl Pts',(230.251061279514,122.162720113879,20.1917279500891));
#6849=CARTESIAN_POINT('Ctrl Pts',(229.705285218872,122.429760830724,20.4816716051346));
#6850=CARTESIAN_POINT('Ctrl Pts',(229.406142654446,122.660734447131,20.7119894111178));
#6851=CARTESIAN_POINT('Ctrl Pts',(229.162775532681,122.95146279825,20.9542049050095));
#6852=CARTESIAN_POINT('Ctrl Pts',(229.161282488717,122.953251240454,20.9556934640213));
#6853=CARTESIAN_POINT('Ctrl Pts',(229.159791891083,122.955041600309,20.9571821615814));
#6854=CARTESIAN_POINT('',(237.111014510562,100.,20.9571821616078));
#6855=CARTESIAN_POINT('Origin',(200.,100.,20.9571821616078));
#6856=CARTESIAN_POINT('',(229.15979065462,77.0449568290138,20.9571821616078));
#6857=CARTESIAN_POINT('Origin',(200.,100.,20.9571821616078));
#6858=CARTESIAN_POINT('',(231.118251570782,77.9992285722005,20.));
#6859=CARTESIAN_POINT('Ctrl Pts',(229.159790654626,77.0449568290217,20.9571821616127));
#6860=CARTESIAN_POINT('Ctrl Pts',(229.161281252371,77.0467471888133,20.9556934640422));
#6861=CARTESIAN_POINT('Ctrl Pts',(229.162774296407,77.0485356309086,20.9542049050318));
#6862=CARTESIAN_POINT('Ctrl Pts',(229.362836024026,77.2875309783969,20.7550898946616));
#6863=CARTESIAN_POINT('Ctrl Pts',(229.607299239913,77.4942056013458,20.5567490483637));
#6864=CARTESIAN_POINT('Ctrl Pts',(230.111149085253,77.7807177047038,20.2563877577885));
#6865=CARTESIAN_POINT('Ctrl Pts',(230.341878823796,77.8700712194181,20.1517999296218));
#6866=CARTESIAN_POINT('Ctrl Pts',(230.739713856947,77.9671344468609,20.0352247072964));
#6867=CARTESIAN_POINT('Ctrl Pts',(230.915975546406,77.9923872671935,20.0029253681578));
#6868=CARTESIAN_POINT('Ctrl Pts',(231.102150857285,77.998790801865,20.0000625667022));
#6869=CARTESIAN_POINT('Ctrl Pts',(231.110200890212,77.9990290425639,20.0000000000096));
#6870=CARTESIAN_POINT('Ctrl Pts',(231.118251570766,77.9992285728504,20.));
#6871=CARTESIAN_POINT('Origin',(200.,100.,20.));
#6872=CARTESIAN_POINT('Origin',(200.,100.,0.428178383921859));
#6873=CARTESIAN_POINT('',(236.509179460345,100.,35.));
#6874=CARTESIAN_POINT('Origin',(200.,100.,35.));
#6875=CARTESIAN_POINT('',(237.990828958177,100.,0.428178383921859));
#6876=CARTESIAN_POINT('',(229.210725807305,122.956640032495,19.9999999982845));
#6877=CARTESIAN_POINT('Ctrl Pts',(229.210725824991,122.956640033237,19.9999999996673));
#6878=CARTESIAN_POINT('Ctrl Pts',(229.193752607393,122.956107772785,20.3190610224611));
#6879=CARTESIAN_POINT('Ctrl Pts',(229.176774636744,122.955574962354,20.6381217436338));
#6880=CARTESIAN_POINT('Ctrl Pts',(229.159791891081,122.955041600309,20.9571821616082));
#6881=CARTESIAN_POINT('',(230.268628847971,122.989298182252,-2.77555756156289E-16));
#6882=CARTESIAN_POINT('Ctrl Pts',(229.210725824991,122.956640033238,19.9999999996674));
#6883=CARTESIAN_POINT('Ctrl Pts',(229.565368423999,122.967761214535,13.3334602164357));
#6884=CARTESIAN_POINT('Ctrl Pts',(229.917935985611,122.978642291851,6.6667887545955));
#6885=CARTESIAN_POINT('Ctrl Pts',(230.268628848201,122.989298182262,1.90715889261672E-11));
#6886=CARTESIAN_POINT('',(169.731371152029,122.989298182252,-2.77555756156289E-16));
#6887=CARTESIAN_POINT('Origin',(200.,100.,0.));
#6888=CARTESIAN_POINT('',(170.789274192695,122.956640032495,19.9999999982845));
#6889=CARTESIAN_POINT('Ctrl Pts',(170.789274175009,122.956640033238,19.9999999996674));
#6890=CARTESIAN_POINT('Ctrl Pts',(170.434631576001,122.967761214535,13.3334602164357));
#6891=CARTESIAN_POINT('Ctrl Pts',(170.082064014389,122.978642291851,6.66678875459549));
#6892=CARTESIAN_POINT('Ctrl Pts',(169.731371151799,122.989298182262,1.90669095095908E-11));
#6893=CARTESIAN_POINT('',(170.840208108925,122.955041600317,20.9571821616078));
#6894=CARTESIAN_POINT('Ctrl Pts',(170.789274175009,122.956640033238,19.9999999996673));
#6895=CARTESIAN_POINT('Ctrl Pts',(170.806247392607,122.956107772785,20.3190610224626));
#6896=CARTESIAN_POINT('Ctrl Pts',(170.823225363256,122.955574962354,20.6381217436368));
#6897=CARTESIAN_POINT('Ctrl Pts',(170.840208108919,122.955041600309,20.9571821616128));
#6898=CARTESIAN_POINT('',(170.84020934538,77.0449568290138,20.9571821616078));
#6899=CARTESIAN_POINT('Origin',(200.,100.,20.9571821616078));
#6900=CARTESIAN_POINT('',(170.789275427166,77.0433583967267,19.9999999982845));
#6901=CARTESIAN_POINT('Ctrl Pts',(170.840209345374,77.0449568290217,20.9571821616128));
#6902=CARTESIAN_POINT('Ctrl Pts',(170.823226599048,77.0444234669402,20.6381217436369));
#6903=CARTESIAN_POINT('Ctrl Pts',(170.806248627738,77.0438906564728,20.3190610224627));
#6904=CARTESIAN_POINT('Ctrl Pts',(170.78927540948,77.0433583959842,19.9999999996673));
#6905=CARTESIAN_POINT('',(169.731372346747,77.0107002447351,5.55111512312578E-16));
#6906=CARTESIAN_POINT('Ctrl Pts',(169.731372346516,77.0107002447252,1.90704787031426E-11));
#6907=CARTESIAN_POINT('Ctrl Pts',(170.082065221843,77.0213561358655,6.6667887546319));
#6908=CARTESIAN_POINT('Ctrl Pts',(170.434632796683,77.0322372139262,13.333460216474));
#6909=CARTESIAN_POINT('Ctrl Pts',(170.78927540948,77.0433583959843,19.9999999996673));
#6910=CARTESIAN_POINT('',(230.268627653253,77.0107002447351,5.55111512312578E-16));
#6911=CARTESIAN_POINT('Origin',(200.,100.,0.));
#6912=CARTESIAN_POINT('',(229.210724572834,77.0433583967267,19.9999999982845));
#6913=CARTESIAN_POINT('Ctrl Pts',(230.268627653484,77.0107002447252,1.90671914021556E-11));
#6914=CARTESIAN_POINT('Ctrl Pts',(229.917934778157,77.0213561358655,6.6667887546319));
#6915=CARTESIAN_POINT('Ctrl Pts',(229.565367203317,77.0322372139262,13.333460216474));
#6916=CARTESIAN_POINT('Ctrl Pts',(229.21072459052,77.0433583959842,19.9999999996673));
#6917=CARTESIAN_POINT('Ctrl Pts',(229.159790654626,77.0449568290217,20.9571821616127));
#6918=CARTESIAN_POINT('Ctrl Pts',(229.176773400952,77.0444234669402,20.6381217436369));
#6919=CARTESIAN_POINT('Ctrl Pts',(229.193751372262,77.0438906564728,20.3190610224627));
#6920=CARTESIAN_POINT('Ctrl Pts',(229.21072459052,77.0433583959842,19.9999999996673));
#6921=CARTESIAN_POINT('Origin',(200.,100.,21.));
#6922=CARTESIAN_POINT('',(168.881747251548,122.000769756726,20.));
#6923=CARTESIAN_POINT('Ctrl Pts',(170.840208108919,122.955041600309,20.9571821616127));
#6924=CARTESIAN_POINT('Ctrl Pts',(170.838717511271,122.953251240438,20.9556934640389));
#6925=CARTESIAN_POINT('Ctrl Pts',(170.837224467335,122.951462798267,20.9542049050277));
#6926=CARTESIAN_POINT('Ctrl Pts',(170.63716270216,122.712467379793,20.7550898440668));
#6927=CARTESIAN_POINT('Ctrl Pts',(170.392699423317,122.505792698888,20.5567489461157));
#6928=CARTESIAN_POINT('Ctrl Pts',(169.888849510878,122.219280584336,20.2563876550745));
#6929=CARTESIAN_POINT('Ctrl Pts',(169.65811979371,122.129927085399,20.1517998548672));
#6930=CARTESIAN_POINT('Ctrl Pts',(169.260284797885,122.032863873031,20.0352246736328));
#6931=CARTESIAN_POINT('Ctrl Pts',(169.084023123921,122.00761105639,20.0029253513857));
#6932=CARTESIAN_POINT('Ctrl Pts',(168.897847875303,122.001207523454,20.0000625660584));
#6933=CARTESIAN_POINT('Ctrl Pts',(168.889797887267,122.000969283851,20.0000000000367));
#6934=CARTESIAN_POINT('Ctrl Pts',(168.88174725161,122.000769754229,20.));
#6935=CARTESIAN_POINT('',(168.881748429218,77.9992285722005,20.));
#6936=CARTESIAN_POINT('Origin',(200.,100.,20.));
#6937=CARTESIAN_POINT('Ctrl Pts',(168.881748429234,77.9992285728504,20.));
#6938=CARTESIAN_POINT('Ctrl Pts',(169.027744984213,77.9956101539792,20.0000000001729));
#6939=CARTESIAN_POINT('Ctrl Pts',(169.173121029366,77.9791228188811,20.0204077274905));
#6940=CARTESIAN_POINT('Ctrl Pts',(169.529553573928,77.9088994129108,20.1054411257612));
#6941=CARTESIAN_POINT('Ctrl Pts',(169.748940129979,77.8372781780966,20.1917280439957));
#6942=CARTESIAN_POINT('Ctrl Pts',(170.294716129111,77.5702374626082,20.4816717131384));
#6943=CARTESIAN_POINT('Ctrl Pts',(170.593858623658,77.3392639002711,20.7119894687173));
#6944=CARTESIAN_POINT('Ctrl Pts',(170.837225703593,77.0485356309086,20.9542049050318));
#6945=CARTESIAN_POINT('Ctrl Pts',(170.838718747629,77.0467471888133,20.9556934640422));
#6946=CARTESIAN_POINT('Ctrl Pts',(170.840209345374,77.0449568290217,20.9571821616127));
#6947=CARTESIAN_POINT('Origin',(135.749998083338,99.9999991618097,20.));
#6948=CARTESIAN_POINT('',(168.819621487162,122.,19.9999999989701));
#6949=CARTESIAN_POINT('Ctrl Pts',(168.819621461872,122.,20.0000000016913));
#6950=CARTESIAN_POINT('Ctrl Pts',(168.840344155003,121.999999584229,19.9999999917797));
#6951=CARTESIAN_POINT('Ctrl Pts',(168.861048443339,122.000272205508,20.0000003200724));
#6952=CARTESIAN_POINT('Ctrl Pts',(168.881730312528,122.000814250676,20.0000009284456));
#6953=CARTESIAN_POINT('',(125.,122.,20.));
#6954=CARTESIAN_POINT('',(100.,122.,20.));
#6955=CARTESIAN_POINT('',(125.,105.200001490116,20.));
#6956=CARTESIAN_POINT('',(125.,110.999999580905,20.));
#6957=CARTESIAN_POINT('',(160.000001728535,105.200001490116,20.));
#6958=CARTESIAN_POINT('',(127.874999905936,105.200001490116,20.));
#6959=CARTESIAN_POINT('',(160.000001728535,94.8000014901161,20.));
#6960=CARTESIAN_POINT('',(160.000001728535,100.000000325963,20.));
#6961=CARTESIAN_POINT('',(125.,94.8000014901161,20.));
#6962=CARTESIAN_POINT('',(127.874999905936,94.8000014901161,20.));
#6963=CARTESIAN_POINT('',(125.,77.9999983236194,20.));
#6964=CARTESIAN_POINT('',(125.,110.999999580905,20.));
#6965=CARTESIAN_POINT('',(168.819622804379,77.9999983236194,19.9999999989701));
#6966=CARTESIAN_POINT('',(171.499996166676,77.9999983236194,20.));
#6967=CARTESIAN_POINT('Ctrl Pts',(168.88173149023,77.9991840766056,20.0000009284413));
#6968=CARTESIAN_POINT('Ctrl Pts',(168.861045540397,77.999726227497,20.0000003156293));
#6969=CARTESIAN_POINT('Ctrl Pts',(168.840341298547,77.999998739307,19.9999999917817));
#6970=CARTESIAN_POINT('Ctrl Pts',(168.819622779089,77.9999983236194,20.0000000016913));
#6971=CARTESIAN_POINT('',(145.219376965352,82.9499972060323,20.));
#6972=CARTESIAN_POINT('Origin',(143.669376965352,82.9499972060323,20.));
#6973=CARTESIAN_POINT('',(145.219376965352,117.050001117587,20.));
#6974=CARTESIAN_POINT('Origin',(143.669376965352,117.050001117587,20.));
#6975=CARTESIAN_POINT('Origin',(256.330623034648,82.9499972060323,0.));
#6976=CARTESIAN_POINT('',(259.430623034648,82.9499972060323,0.));
#6977=CARTESIAN_POINT('Origin',(256.330623034648,82.9499972060323,0.));
#6978=CARTESIAN_POINT('',(259.430623034648,82.9499972060323,3.1));
#6979=CARTESIAN_POINT('',(259.430623034648,82.9499972060323,0.));
#6980=CARTESIAN_POINT('Origin',(256.330623034648,82.9499972060323,3.1));
#6981=CARTESIAN_POINT('Origin',(256.330623034648,82.9499972060323,3.1));
#6982=CARTESIAN_POINT('',(254.780623034648,82.9499972060323,3.1));
#6983=CARTESIAN_POINT('Origin',(256.330623034648,82.9499972060323,3.1));
#6984=CARTESIAN_POINT('Origin',(256.330623034648,117.050001117587,0.));
#6985=CARTESIAN_POINT('',(259.430623034648,117.050001117587,0.));
#6986=CARTESIAN_POINT('Origin',(256.330623034648,117.050001117587,0.));
#6987=CARTESIAN_POINT('',(259.430623034648,117.050001117587,3.1));
#6988=CARTESIAN_POINT('',(259.430623034648,117.050001117587,0.));
#6989=CARTESIAN_POINT('Origin',(256.330623034648,117.050001117587,3.1));
#6990=CARTESIAN_POINT('Origin',(256.330623034648,117.050001117587,3.1));
#6991=CARTESIAN_POINT('',(254.780623034648,117.050001117587,3.1));
#6992=CARTESIAN_POINT('Origin',(256.330623034648,117.050001117587,3.1));
#6993=CARTESIAN_POINT('Origin',(143.669376965352,117.050001117587,0.));
#6994=CARTESIAN_POINT('',(140.569376965352,117.050001117587,0.));
#6995=CARTESIAN_POINT('Origin',(143.669376965352,117.050001117587,0.));
#6996=CARTESIAN_POINT('',(140.569376965352,117.050001117587,3.1));
#6997=CARTESIAN_POINT('',(140.569376965352,117.050001117587,0.));
#6998=CARTESIAN_POINT('Origin',(143.669376965352,117.050001117587,3.1));
#6999=CARTESIAN_POINT('Origin',(143.669376965352,117.050001117587,3.1));
#7000=CARTESIAN_POINT('',(145.219376965352,117.050001117587,3.1));
#7001=CARTESIAN_POINT('Origin',(143.669376965352,117.050001117587,3.1));
#7002=CARTESIAN_POINT('Origin',(143.669376965352,82.9499972060323,0.));
#7003=CARTESIAN_POINT('',(140.569376965352,82.9499972060323,0.));
#7004=CARTESIAN_POINT('Origin',(143.669376965352,82.9499972060323,0.));
#7005=CARTESIAN_POINT('',(140.569376965352,82.9499972060323,3.1));
#7006=CARTESIAN_POINT('',(140.569376965352,82.9499972060323,0.));
#7007=CARTESIAN_POINT('Origin',(143.669376965352,82.9499972060323,3.1));
#7008=CARTESIAN_POINT('Origin',(143.669376965352,82.9499972060323,3.1));
#7009=CARTESIAN_POINT('',(145.219376965352,82.9499972060323,3.1));
#7010=CARTESIAN_POINT('Origin',(143.669376965352,82.9499972060323,3.1));
#7011=CARTESIAN_POINT('Origin',(155.885449724108,105.149997206032,12.1000000000003));
#7012=CARTESIAN_POINT('',(157.535449724108,105.200001490116,12.1000000000003));
#7013=CARTESIAN_POINT('Origin',(155.885449724108,105.200001490116,12.1000000000003));
#7014=CARTESIAN_POINT('',(157.535449724108,122.,12.1000000000003));
#7015=CARTESIAN_POINT('',(157.535449724108,105.149997206032,12.1000000000003));
#7016=CARTESIAN_POINT('Origin',(155.885449724108,122.,12.1000000000003));
#7017=CARTESIAN_POINT('Origin',(155.885449724108,105.149997206032,12.1000000000003));
#7018=CARTESIAN_POINT('',(157.535449724108,77.9999983236194,12.1000000000003));
#7019=CARTESIAN_POINT('Origin',(155.885449724108,77.9999983236194,12.1000000000003));
#7020=CARTESIAN_POINT('',(157.535449724108,94.8000014901161,12.1000000000003));
#7021=CARTESIAN_POINT('',(157.535449724108,105.149997206032,12.1000000000003));
#7022=CARTESIAN_POINT('Origin',(155.885449724108,94.8000014901161,12.1000000000003));
#7023=CARTESIAN_POINT('Origin',(131.5,110.999999580905,6.5));
#7024=CARTESIAN_POINT('',(138.,77.9999983236194,0.));
#7025=CARTESIAN_POINT('',(125.,77.9999983236194,13.));
#7026=CARTESIAN_POINT('',(122.75,77.9999983236194,15.25));
#7027=CARTESIAN_POINT('',(125.,94.8000014901161,13.));
#7028=CARTESIAN_POINT('',(125.,110.999999580905,13.));
#7029=CARTESIAN_POINT('',(138.,94.8000014901161,0.));
#7030=CARTESIAN_POINT('',(124.875000543892,94.8000014901161,13.1249994561076));
#7031=CARTESIAN_POINT('',(138.,110.999999580905,0.));
#7032=CARTESIAN_POINT('Origin',(120.000001728535,94.8000014901161,21.4999995529652));
#7033=CARTESIAN_POINT('',(125.,94.8000014901161,15.7499997764826));
#7034=CARTESIAN_POINT('',(160.000001728535,94.8000014901161,0.));
#7035=CARTESIAN_POINT('',(160.000001728535,94.8000014901161,15.0000002235174));
#7036=CARTESIAN_POINT('',(127.874999905936,94.8000014901161,0.));
#7037=CARTESIAN_POINT('Origin',(131.5,110.999999580905,6.5));
#7038=CARTESIAN_POINT('',(125.,122.,13.));
#7039=CARTESIAN_POINT('',(138.,122.,0.));
#7040=CARTESIAN_POINT('',(140.624999041669,122.,-2.62499904166906));
#7041=CARTESIAN_POINT('',(138.,105.200001490116,0.));
#7042=CARTESIAN_POINT('',(138.,110.999999580905,0.));
#7043=CARTESIAN_POINT('',(125.,105.200001490116,13.));
#7044=CARTESIAN_POINT('',(129.000000413507,105.200001490116,8.99999958649278));
#7045=CARTESIAN_POINT('',(125.,110.999999580905,13.));
#7046=CARTESIAN_POINT('Origin',(125.,122.,10.));
#7047=CARTESIAN_POINT('',(125.,105.200001490116,7.5000000372529));
#7048=CARTESIAN_POINT('',(125.,122.,10.));
#7049=CARTESIAN_POINT('Origin',(120.000001728535,105.200001490116,5.00000007450581));
#7050=CARTESIAN_POINT('',(160.000001728535,105.200001490116,0.));
#7051=CARTESIAN_POINT('',(127.874999905936,105.200001490116,0.));
#7052=CARTESIAN_POINT('',(160.000001728535,105.200001490116,15.0000002235174));
#7053=CARTESIAN_POINT('Ctrl Pts',(169.725740450152,122.989469258086,-0.107044595980467));
#7054=CARTESIAN_POINT('Ctrl Pts',(170.095073320891,122.978248882625,6.9144999477244));
#7055=CARTESIAN_POINT('Ctrl Pts',(170.46648452325,122.966778805816,13.9359144691734));
#7056=CARTESIAN_POINT('Ctrl Pts',(170.840208108919,122.955041600309,20.9571821616128));
#7057=CARTESIAN_POINT('Ctrl Pts',(169.262164986924,122.377230421908,-0.0820980148425218));
#7058=CARTESIAN_POINT('Ctrl Pts',(169.630810128109,122.372468418295,6.93958976070426));
#7059=CARTESIAN_POINT('Ctrl Pts',(170.001846002077,122.367308767678,13.9611385905284));
#7060=CARTESIAN_POINT('Ctrl Pts',(170.375032116379,122.362370533958,20.9825544076644));
#7061=CARTESIAN_POINT('Ctrl Pts',(168.503799505657,122.,-0.041287774630678));
#7062=CARTESIAN_POINT('Ctrl Pts',(168.876895491595,122.000116397322,6.98033545985955));
#7063=CARTESIAN_POINT('Ctrl Pts',(169.252455626855,121.99988284022,14.0018214451893));
#7064=CARTESIAN_POINT('Ctrl Pts',(169.630379512354,122.,21.0231702377919));
#7065=CARTESIAN_POINT('Ctrl Pts',(167.736560133488,122.,-2.13370987545147E-15));
#7066=CARTESIAN_POINT('Ctrl Pts',(168.114413459575,122.,7.02154454370486));
#7067=CARTESIAN_POINT('Ctrl Pts',(168.49468398607,122.,14.0429590651539));
#7068=CARTESIAN_POINT('Ctrl Pts',(168.877647282423,122.,21.0642267575932));
#7069=CARTESIAN_POINT('',(167.736560133488,122.,0.));
#7070=CARTESIAN_POINT('Ctrl Pts',(167.736560133488,122.,-2.13717932240343E-15));
#7071=CARTESIAN_POINT('Ctrl Pts',(167.823300510468,122.,-2.08806720857294E-15));
#7072=CARTESIAN_POINT('Ctrl Pts',(167.909780090922,122.004789322962,6.02764716003194E-6));
#7073=CARTESIAN_POINT('Ctrl Pts',(167.995707512074,122.014142237928,1.5075762781841E-5));
#7074=CARTESIAN_POINT('Ctrl Pts',(168.083635300611,122.023712886253,2.43345161156326E-5));
#7075=CARTESIAN_POINT('Ctrl Pts',(168.170985730338,122.038062272429,3.67125232790887E-5));
#7076=CARTESIAN_POINT('Ctrl Pts',(168.257442387848,122.057002826331,4.92162506406935E-5));
#7077=CARTESIAN_POINT('Ctrl Pts',(168.303306616012,122.067050564825,5.58493292390699E-5));
#7078=CARTESIAN_POINT('Ctrl Pts',(168.348919175958,122.078391226955,6.25256097163227E-5));
#7079=CARTESIAN_POINT('Ctrl Pts',(168.394231143091,122.091002494384,6.88891512083956E-5));
#7080=CARTESIAN_POINT('Ctrl Pts',(168.479506512595,122.114736411889,8.08650901583839E-5));
#7081=CARTESIAN_POINT('Ctrl Pts',(168.563420167864,122.142884521124,9.15644759391039E-5));
#7082=CARTESIAN_POINT('Ctrl Pts',(168.645661791189,122.175243475667,9.91324201108021E-5));
#7083=CARTESIAN_POINT('Ctrl Pts',(168.728350674204,122.207778409908,0.000106741521499729));
#7084=CARTESIAN_POINT('Ctrl Pts',(168.809350133474,122.244570487309,0.00011113962017378));
#7085=CARTESIAN_POINT('Ctrl Pts',(168.8883275372,122.285462280576,0.000111369279430971));
#7086=CARTESIAN_POINT('Ctrl Pts',(168.92806010198,122.306034441071,0.000111484818191215));
#7087=CARTESIAN_POINT('Ctrl Pts',(168.967280540321,122.32764496716,0.000110564168302385));
#7088=CARTESIAN_POINT('Ctrl Pts',(169.005943822306,122.35027803723,0.00010862950874));
#7089=CARTESIAN_POINT('Ctrl Pts',(169.082950588072,122.395356970938,0.000104776191894871));
#7090=CARTESIAN_POINT('Ctrl Pts',(169.157413809693,122.444293502941,9.66716456845004E-5));
#7091=CARTESIAN_POINT('Ctrl Pts',(169.229021155594,122.496894210501,8.57359865156608E-5));
#7092=CARTESIAN_POINT('Ctrl Pts',(169.300210805655,122.549188090649,7.48641166031645E-5));
#7093=CARTESIAN_POINT('Ctrl Pts',(169.368578588257,122.605103992043,6.11516696855779E-5));
#7094=CARTESIAN_POINT('Ctrl Pts',(169.43379244154,122.664496301747,4.73486723909892E-5));
#7095=CARTESIAN_POINT('Ctrl Pts',(169.497260832135,122.722298963618,3.39151152622448E-5));
#7096=CARTESIAN_POINT('Ctrl Pts',(169.55774245355,122.78339495419,2.03641366049918E-5));
#7097=CARTESIAN_POINT('Ctrl Pts',(169.614897395375,122.847684783196,1.10502485155019E-5));
#7098=CARTESIAN_POINT('Ctrl Pts',(169.655441519182,122.893290197242,4.44323572245314E-6));
#7099=CARTESIAN_POINT('Ctrl Pts',(169.694310956341,122.940503500452,4.53698424489381E-9));
#7100=CARTESIAN_POINT('Ctrl Pts',(169.731371151799,122.989298182262,1.90613635986381E-11));
#7101=CARTESIAN_POINT('Ctrl Pts',(167.736560133488,122.,-2.13370987545147E-15));
#7102=CARTESIAN_POINT('Ctrl Pts',(168.095322833139,122.,6.66678867776637));
#7103=CARTESIAN_POINT('Ctrl Pts',(168.456264650681,122.,13.3334601398384));
#7104=CARTESIAN_POINT('Ctrl Pts',(168.819621461799,122.,20.0000000003525));
#7105=CARTESIAN_POINT('Origin',(171.499996166676,122.,10.));
#7106=CARTESIAN_POINT('',(153.624997125007,122.,0.));
#7107=CARTESIAN_POINT('Ctrl Pts',(170.840209345374,77.0449568290217,20.9571821616128));
#7108=CARTESIAN_POINT('Ctrl Pts',(170.466485745125,77.0332196227116,13.9359144692161));
#7109=CARTESIAN_POINT('Ctrl Pts',(170.095074528813,77.0217495451179,6.91449994776486));
#7110=CARTESIAN_POINT('Ctrl Pts',(169.725741644665,77.0105291688897,-0.107044595980464));
#7111=CARTESIAN_POINT('Ctrl Pts',(170.375033348721,77.6376278350791,20.9825544089646));
#7112=CARTESIAN_POINT('Ctrl Pts',(170.001847219309,77.6326896011532,13.9611385918664));
#7113=CARTESIAN_POINT('Ctrl Pts',(169.630811330918,77.627529950343,6.93958976203418));
#7114=CARTESIAN_POINT('Ctrl Pts',(169.262166175857,77.6227679465281,-0.0820980135579216));
#7115=CARTESIAN_POINT('Ctrl Pts',(169.630380787178,77.9999983236194,21.0231702384971));
#7116=CARTESIAN_POINT('Ctrl Pts',(169.252456885988,78.0001154833936,14.0018214459353));
#7117=CARTESIAN_POINT('Ctrl Pts',(168.876896735743,77.9998819263025,6.98033546060087));
#7118=CARTESIAN_POINT('Ctrl Pts',(168.503800735395,77.9999983236194,-0.0412877739316838));
#7119=CARTESIAN_POINT('Ctrl Pts',(168.877648602096,77.9999983236194,21.0642267575932));
#7120=CARTESIAN_POINT('Ctrl Pts',(168.494685289507,77.9999983236194,14.0429590651966));
#7121=CARTESIAN_POINT('Ctrl Pts',(168.114414747485,77.9999983236194,7.02154454374532));
#7122=CARTESIAN_POINT('Ctrl Pts',(167.736561406487,77.9999983236194,3.72965547335014E-16));
#7123=CARTESIAN_POINT('',(167.736561406487,77.9999983236194,0.));
#7124=CARTESIAN_POINT('Ctrl Pts',(168.819622779016,77.9999983236194,20.0000000003525));
#7125=CARTESIAN_POINT('Ctrl Pts',(168.45626595255,77.9999983236194,13.3334601398767));
#7126=CARTESIAN_POINT('Ctrl Pts',(168.095324120295,77.9999983236194,6.66678867780274));
#7127=CARTESIAN_POINT('Ctrl Pts',(167.736561406487,77.9999983236194,3.72965547335014E-16));
#7128=CARTESIAN_POINT('Ctrl Pts',(169.731372346516,77.0107002447252,1.90638616004435E-11));
#7129=CARTESIAN_POINT('Ctrl Pts',(169.679011750974,77.0796399330239,6.40222344406167E-9));
#7130=CARTESIAN_POINT('Ctrl Pts',(169.623000364047,77.1454781573347,8.69148646193664E-6));
#7131=CARTESIAN_POINT('Ctrl Pts',(169.563694629206,77.2081216393739,2.01748130315739E-5));
#7132=CARTESIAN_POINT('Ctrl Pts',(169.502966465495,77.2722676050704,3.19335634752015E-5));
#7133=CARTESIAN_POINT('Ctrl Pts',(169.438783395177,77.3330642684453,4.66606035491547E-5));
#7134=CARTESIAN_POINT('Ctrl Pts',(169.371487094093,77.3903756011119,6.02505540875618E-5));
#7135=CARTESIAN_POINT('Ctrl Pts',(169.335868142153,77.420709654708,6.7443516959299E-5));
#7136=CARTESIAN_POINT('Ctrl Pts',(169.299376416358,77.4500666715357,7.43515062553148E-5));
#7137=CARTESIAN_POINT('Ctrl Pts',(169.262059055363,77.4784217746067,8.05554409981715E-5));
#7138=CARTESIAN_POINT('Ctrl Pts',(169.191652578349,77.5319192047405,9.22603734283991E-5));
#7139=CARTESIAN_POINT('Ctrl Pts',(169.118556391298,77.58166485885,0.000101382091041637));
#7140=CARTESIAN_POINT('Ctrl Pts',(169.043121248755,77.6275376699077,0.000106464391728962));
#7141=CARTESIAN_POINT('Ctrl Pts',(168.967185690901,77.6737147881653,0.000111580406955601));
#7142=CARTESIAN_POINT('Ctrl Pts',(168.888879240736,77.7159679643187,0.000112646384515535));
#7143=CARTESIAN_POINT('Ctrl Pts',(168.808530255409,77.7541304648698,0.000109761142555995));
#7144=CARTESIAN_POINT('Ctrl Pts',(168.768324971091,77.7732263399287,0.000108317415882462));
#7145=CARTESIAN_POINT('Ctrl Pts',(168.727607886743,77.7912972612676,0.00010590500307749));
#7146=CARTESIAN_POINT('Ctrl Pts',(168.686418368351,77.8083177606451,0.00010263178139492));
#7147=CARTESIAN_POINT('Ctrl Pts',(168.603898333736,77.8424170230931,9.60741333066781E-5));
#7148=CARTESIAN_POINT('Ctrl Pts',(168.519840819599,77.8721554402511,8.62080822698486E-5));
#7149=CARTESIAN_POINT('Ctrl Pts',(168.434590545835,77.897403840768,7.46140987408078E-5));
#7150=CARTESIAN_POINT('Ctrl Pts',(168.349779744048,77.9225220837617,6.30798831238012E-5));
#7151=CARTESIAN_POINT('Ctrl Pts',(168.263787598253,77.9431968338444,4.98812571906478E-5));
#7152=CARTESIAN_POINT('Ctrl Pts',(168.176932766799,77.9592541204832,3.76926121039567E-5));
#7153=CARTESIAN_POINT('Ctrl Pts',(168.092341504784,77.9748929297306,2.58216217066814E-5));
#7154=CARTESIAN_POINT('Ctrl Pts',(168.00693115896,77.9861519746059,1.49505257772119E-5));
#7155=CARTESIAN_POINT('Ctrl Pts',(167.920988378229,77.9928225799951,7.96758804127995E-6));
#7156=CARTESIAN_POINT('Ctrl Pts',(167.859748443864,77.997575828991,2.99178152223686E-6));
#7157=CARTESIAN_POINT('Ctrl Pts',(167.798237983373,77.9999983236194,-5.63278324249921E-16));
#7158=CARTESIAN_POINT('Ctrl Pts',(167.736561406487,77.9999983236194,-2.91433543964104E-16));
#7159=CARTESIAN_POINT('Origin',(100.,77.9999983236194,10.));
#7160=CARTESIAN_POINT('',(117.874999041669,77.9999983236194,0.));
#7161=CARTESIAN_POINT('',(125.,77.9999983236194,10.));
#7162=CARTESIAN_POINT('Origin',(160.000001728535,100.000001490116,13.2499998137355));
#7163=CARTESIAN_POINT('',(160.000001728535,100.000000325963,0.));
#7164=CARTESIAN_POINT('Origin',(125.,122.,10.));
#7165=CARTESIAN_POINT('Origin',(143.669376965352,82.9499972060323,26.5830579066335));
#7166=CARTESIAN_POINT('',(145.219376965352,82.9499972060323,26.5830579066335));
#7167=CARTESIAN_POINT('Origin',(143.669376965352,117.050001117587,26.5830579066335));
#7168=CARTESIAN_POINT('',(145.219376965352,117.050001117587,26.5830579066335));
#7169=CARTESIAN_POINT('Origin',(244.114550275892,105.149997206032,12.1000000000003));
#7170=CARTESIAN_POINT('',(242.464550275892,105.200001490116,12.1000000000003));
#7171=CARTESIAN_POINT('Origin',(244.114550275892,105.200001490116,12.1000000000003));
#7172=CARTESIAN_POINT('',(242.464550275892,122.,12.1000000000003));
#7173=CARTESIAN_POINT('',(242.464550275892,105.149997206032,12.1000000000003));
#7174=CARTESIAN_POINT('Origin',(244.114550275892,122.,12.1000000000003));
#7175=CARTESIAN_POINT('Origin',(244.114550275892,105.149997206032,12.1000000000003));
#7176=CARTESIAN_POINT('',(242.464550275892,77.9999983236194,12.1000000000003));
#7177=CARTESIAN_POINT('Origin',(244.114550275892,77.9999983236194,12.1000000000003));
#7178=CARTESIAN_POINT('',(242.464550275892,94.8000014901161,12.1000000000003));
#7179=CARTESIAN_POINT('',(242.464550275892,105.149997206032,12.1000000000003));
#7180=CARTESIAN_POINT('Origin',(244.114550275892,94.8000014901161,12.1000000000003));
#7181=CARTESIAN_POINT('Origin',(268.5,110.999999580905,6.5));
#7182=CARTESIAN_POINT('',(262.,77.9999983236194,0.));
#7183=CARTESIAN_POINT('',(275.,77.9999983236194,13.));
#7184=CARTESIAN_POINT('',(277.25,77.9999983236194,15.25));
#7185=CARTESIAN_POINT('',(262.,94.8000014901161,0.));
#7186=CARTESIAN_POINT('',(262.,110.999999580905,0.));
#7187=CARTESIAN_POINT('',(275.,94.8000014901161,13.));
#7188=CARTESIAN_POINT('',(275.124999456108,94.8000014901161,13.1249994561076));
#7189=CARTESIAN_POINT('',(275.,110.999999580905,13.));
#7190=CARTESIAN_POINT('Origin',(264.250001916662,99.9999991618097,0.));
#7191=CARTESIAN_POINT('',(232.263439866512,122.,0.));
#7192=CARTESIAN_POINT('Ctrl Pts',(232.263439866512,122.,2.58126853225349E-15));
#7193=CARTESIAN_POINT('Ctrl Pts',(232.176699489532,122.,2.63712152445287E-15));
#7194=CARTESIAN_POINT('Ctrl Pts',(232.090219909078,122.004789322962,6.02764716443066E-6));
#7195=CARTESIAN_POINT('Ctrl Pts',(232.004292487926,122.014142237928,1.50757627864068E-5));
#7196=CARTESIAN_POINT('Ctrl Pts',(231.916364699389,122.023712886253,2.43345161203692E-5));
#7197=CARTESIAN_POINT('Ctrl Pts',(231.829014269662,122.038062272429,3.67125232836338E-5));
#7198=CARTESIAN_POINT('Ctrl Pts',(231.742557612152,122.057002826331,4.92162506453286E-5));
#7199=CARTESIAN_POINT('Ctrl Pts',(231.696693383988,122.067050564825,5.58493292437515E-5));
#7200=CARTESIAN_POINT('Ctrl Pts',(231.651080824042,122.078391226955,6.25256097210673E-5));
#7201=CARTESIAN_POINT('Ctrl Pts',(231.605768856909,122.091002494384,6.88891512131418E-5));
#7202=CARTESIAN_POINT('Ctrl Pts',(231.520493487405,122.114736411889,8.08650901631353E-5));
#7203=CARTESIAN_POINT('Ctrl Pts',(231.436579832136,122.142884521124,9.15644759428081E-5));
#7204=CARTESIAN_POINT('Ctrl Pts',(231.354338208811,122.175243475667,9.91324201147573E-5));
#7205=CARTESIAN_POINT('Ctrl Pts',(231.271649325797,122.207778409908,0.000106741521503935));
#7206=CARTESIAN_POINT('Ctrl Pts',(231.190649866526,122.244570487309,0.000111139620178154));
#7207=CARTESIAN_POINT('Ctrl Pts',(231.1116724628,122.285462280575,0.000111369279435433));
#7208=CARTESIAN_POINT('Ctrl Pts',(231.07193989802,122.306034441071,0.00011148481819572));
#7209=CARTESIAN_POINT('Ctrl Pts',(231.032719459679,122.32764496716,0.00011056416830718));
#7210=CARTESIAN_POINT('Ctrl Pts',(230.994056177695,122.35027803723,0.000108629508744795));
#7211=CARTESIAN_POINT('Ctrl Pts',(230.917049411928,122.395356970938,0.000104776191899666));
#7212=CARTESIAN_POINT('Ctrl Pts',(230.842586190307,122.444293502941,9.66716456882298E-5));
#7213=CARTESIAN_POINT('Ctrl Pts',(230.770978844406,122.496894210501,8.57359865195605E-5));
#7214=CARTESIAN_POINT('Ctrl Pts',(230.699789194345,122.549188090649,7.48641166072334E-5));
#7215=CARTESIAN_POINT('Ctrl Pts',(230.631421411743,122.605103992043,6.11516696897479E-5));
#7216=CARTESIAN_POINT('Ctrl Pts',(230.56620755846,122.664496301747,4.73486723950693E-5));
#7217=CARTESIAN_POINT('Ctrl Pts',(230.502739167866,122.722298963618,3.39151152662364E-5));
#7218=CARTESIAN_POINT('Ctrl Pts',(230.44225754645,122.78339495419,2.03641366097848E-5));
#7219=CARTESIAN_POINT('Ctrl Pts',(230.385102604625,122.847684783196,1.10502485200868E-5));
#7220=CARTESIAN_POINT('Ctrl Pts',(230.344558480818,122.893290197242,4.44323572689088E-6));
#7221=CARTESIAN_POINT('Ctrl Pts',(230.30568904366,122.940503500452,4.5369889248371E-9));
#7222=CARTESIAN_POINT('Ctrl Pts',(230.268628848201,122.989298182262,1.90660265353415E-11));
#7223=CARTESIAN_POINT('',(262.,122.,0.));
#7224=CARTESIAN_POINT('',(246.375002874993,122.,0.));
#7225=CARTESIAN_POINT('',(262.,105.200001490116,0.));
#7226=CARTESIAN_POINT('',(262.,110.999999580905,0.));
#7227=CARTESIAN_POINT('',(239.999998271465,105.200001490116,0.));
#7228=CARTESIAN_POINT('',(272.125000094064,105.200001490116,0.));
#7229=CARTESIAN_POINT('',(239.999998271465,94.8000014901161,0.));
#7230=CARTESIAN_POINT('',(239.999998271465,100.000000325963,0.));
#7231=CARTESIAN_POINT('',(272.125000094064,94.8000014901161,0.));
#7232=CARTESIAN_POINT('',(232.263438593513,77.9999983236194,0.));
#7233=CARTESIAN_POINT('',(282.125000958331,77.9999983236194,0.));
#7234=CARTESIAN_POINT('Ctrl Pts',(230.268627653484,77.0107002447252,1.90603088867647E-11));
#7235=CARTESIAN_POINT('Ctrl Pts',(230.320988249026,77.0796399330239,6.40221988077611E-9));
#7236=CARTESIAN_POINT('Ctrl Pts',(230.376999635953,77.1454781573347,8.69148645595512E-6));
#7237=CARTESIAN_POINT('Ctrl Pts',(230.436305370794,77.2081216393739,2.01748130254191E-5));
#7238=CARTESIAN_POINT('Ctrl Pts',(230.497033534505,77.2722676050704,3.19335634688675E-5));
#7239=CARTESIAN_POINT('Ctrl Pts',(230.561216604823,77.3330642684453,4.66606035464116E-5));
#7240=CARTESIAN_POINT('Ctrl Pts',(230.628512905907,77.3903756011119,6.02505540916592E-5));
#7241=CARTESIAN_POINT('Ctrl Pts',(230.664131857847,77.420709654708,6.74435169670166E-5));
#7242=CARTESIAN_POINT('Ctrl Pts',(230.700623583642,77.4500666715357,7.43515062517326E-5));
#7243=CARTESIAN_POINT('Ctrl Pts',(230.737940944637,77.4784217746066,8.05554409945876E-5));
#7244=CARTESIAN_POINT('Ctrl Pts',(230.808347421651,77.5319192047405,9.22603734248147E-5));
#7245=CARTESIAN_POINT('Ctrl Pts',(230.881443608702,77.58166485885,0.000101382091025772));
#7246=CARTESIAN_POINT('Ctrl Pts',(230.956878751245,77.6275376699077,0.000106464391712774));
#7247=CARTESIAN_POINT('Ctrl Pts',(231.032814309099,77.6737147881653,0.000111580406939087));
#7248=CARTESIAN_POINT('Ctrl Pts',(231.111120759264,77.7159679643187,0.000112646384514519));
#7249=CARTESIAN_POINT('Ctrl Pts',(231.191469744591,77.7541304648698,0.000109761142555558));
#7250=CARTESIAN_POINT('Ctrl Pts',(231.231675028909,77.7732263399287,0.000108317415882316));
#7251=CARTESIAN_POINT('Ctrl Pts',(231.272392113257,77.7912972612676,0.000105905003073921));
#7252=CARTESIAN_POINT('Ctrl Pts',(231.313581631649,77.8083177606451,0.000102631781391353));
#7253=CARTESIAN_POINT('Ctrl Pts',(231.396101666264,77.8424170230931,9.60741333031124E-5));
#7254=CARTESIAN_POINT('Ctrl Pts',(231.480159180401,77.8721554402511,8.62080822619545E-5));
#7255=CARTESIAN_POINT('Ctrl Pts',(231.565409454165,77.897403840768,7.46140987329946E-5));
#7256=CARTESIAN_POINT('Ctrl Pts',(231.650220255951,77.9225220837617,6.30798831160737E-5));
#7257=CARTESIAN_POINT('Ctrl Pts',(231.736212401747,77.9431968338444,4.98812571975751E-5));
#7258=CARTESIAN_POINT('Ctrl Pts',(231.823067233201,77.9592541204832,3.76926121139765E-5));
#7259=CARTESIAN_POINT('Ctrl Pts',(231.907658495216,77.9748929297306,2.5821621719704E-5));
#7260=CARTESIAN_POINT('Ctrl Pts',(231.99306884104,77.9861519746058,1.49505257663709E-5));
#7261=CARTESIAN_POINT('Ctrl Pts',(232.079011621771,77.9928225799951,7.96758802995567E-6));
#7262=CARTESIAN_POINT('Ctrl Pts',(232.140251556136,77.997575828991,2.99178151056739E-6));
#7263=CARTESIAN_POINT('Ctrl Pts',(232.201762016627,77.9999983236194,-4.07846712497147E-15));
#7264=CARTESIAN_POINT('Ctrl Pts',(232.263438593513,77.9999983236194,-3.80251385934116E-15));
#7265=CARTESIAN_POINT('',(228.200183589207,100.,0.));
#7266=CARTESIAN_POINT('Origin',(200.,100.,0.));
#7267=CARTESIAN_POINT('Origin',(279.999998271465,94.8000014901161,21.4999995529652));
#7268=CARTESIAN_POINT('',(239.999998271465,94.8000014901161,20.));
#7269=CARTESIAN_POINT('',(239.999998271465,94.8000014901161,15.0000002235174));
#7270=CARTESIAN_POINT('',(275.,94.8000014901161,20.));
#7271=CARTESIAN_POINT('',(272.125000094064,94.8000014901161,20.));
#7272=CARTESIAN_POINT('',(275.,94.8000014901161,15.7499997764826));
#7273=CARTESIAN_POINT('Origin',(268.5,110.999999580905,6.5));
#7274=CARTESIAN_POINT('',(275.,122.,13.));
#7275=CARTESIAN_POINT('',(259.375000958331,122.,-2.62499904166906));
#7276=CARTESIAN_POINT('',(275.,105.200001490116,13.));
#7277=CARTESIAN_POINT('',(275.,110.999999580905,13.));
#7278=CARTESIAN_POINT('',(270.999999586493,105.200001490116,8.99999958649278));
#7279=CARTESIAN_POINT('Origin',(275.,122.,10.));
#7280=CARTESIAN_POINT('',(275.,122.,20.));
#7281=CARTESIAN_POINT('',(275.,122.,10.));
#7282=CARTESIAN_POINT('',(275.,105.200001490116,20.));
#7283=CARTESIAN_POINT('',(275.,110.999999580905,20.));
#7284=CARTESIAN_POINT('',(275.,105.200001490116,7.5000000372529));
#7285=CARTESIAN_POINT('Origin',(279.999998271465,105.200001490116,5.00000007450581));
#7286=CARTESIAN_POINT('',(239.999998271465,105.200001490116,20.));
#7287=CARTESIAN_POINT('',(272.125000094064,105.200001490116,20.));
#7288=CARTESIAN_POINT('',(239.999998271465,105.200001490116,15.0000002235174));
#7289=CARTESIAN_POINT('Ctrl Pts',(230.274259549848,122.989469258086,-0.107044595980462));
#7290=CARTESIAN_POINT('Ctrl Pts',(229.904926679109,122.978248882625,6.91449994772287));
#7291=CARTESIAN_POINT('Ctrl Pts',(229.53351547675,122.966778805816,13.9359144691704));
#7292=CARTESIAN_POINT('Ctrl Pts',(229.159791891081,122.955041600309,20.9571821616082));
#7293=CARTESIAN_POINT('Ctrl Pts',(230.737835013076,122.377230421908,-0.0820980148425172));
#7294=CARTESIAN_POINT('Ctrl Pts',(230.369189871891,122.372468418295,6.93958976070275));
#7295=CARTESIAN_POINT('Ctrl Pts',(229.998153997923,122.367308767678,13.9611385905254));
#7296=CARTESIAN_POINT('Ctrl Pts',(229.624967883621,122.362370533958,20.9825544076599));
#7297=CARTESIAN_POINT('Ctrl Pts',(231.496200494343,122.,-0.0412877746306735));
#7298=CARTESIAN_POINT('Ctrl Pts',(231.123104508405,122.000116397322,6.98033545985803));
#7299=CARTESIAN_POINT('Ctrl Pts',(230.747544373145,121.99988284022,14.0018214451862));
#7300=CARTESIAN_POINT('Ctrl Pts',(230.369620487647,122.,21.0231702377873));
#7301=CARTESIAN_POINT('Ctrl Pts',(232.263439866512,122.,2.30718222304915E-15));
#7302=CARTESIAN_POINT('Ctrl Pts',(231.885586540425,122.,7.02154454370334));
#7303=CARTESIAN_POINT('Ctrl Pts',(231.50531601393,122.,14.0429590651508));
#7304=CARTESIAN_POINT('Ctrl Pts',(231.122352717577,122.,21.0642267575886));
#7305=CARTESIAN_POINT('',(231.180378512838,122.,19.9999999989701));
#7306=CARTESIAN_POINT('Ctrl Pts',(231.180378538128,122.,20.0000000016913));
#7307=CARTESIAN_POINT('Ctrl Pts',(231.159655844997,121.999999584229,19.9999999917797));
#7308=CARTESIAN_POINT('Ctrl Pts',(231.138951556661,122.000272205508,20.0000003200724));
#7309=CARTESIAN_POINT('Ctrl Pts',(231.118269687472,122.000814250676,20.0000009284456));
#7310=CARTESIAN_POINT('Ctrl Pts',(232.263439866512,122.,2.30718222304915E-15));
#7311=CARTESIAN_POINT('Ctrl Pts',(231.904677166861,122.,6.66678867776637));
#7312=CARTESIAN_POINT('Ctrl Pts',(231.543735349319,122.,13.3334601398384));
#7313=CARTESIAN_POINT('Ctrl Pts',(231.180378538201,122.,20.0000000003525));
#7314=CARTESIAN_POINT('Origin',(228.500003833324,122.,10.));
#7315=CARTESIAN_POINT('',(300.,122.,20.));
#7316=CARTESIAN_POINT('Ctrl Pts',(229.159790654626,77.0449568290217,20.9571821616127));
#7317=CARTESIAN_POINT('Ctrl Pts',(229.533514254875,77.0332196227116,13.9359144692161));
#7318=CARTESIAN_POINT('Ctrl Pts',(229.904925471187,77.0217495451179,6.91449994776486));
#7319=CARTESIAN_POINT('Ctrl Pts',(230.274258355335,77.0105291688897,-0.107044595980468));
#7320=CARTESIAN_POINT('Ctrl Pts',(229.624966651279,77.6376278350791,20.9825544089646));
#7321=CARTESIAN_POINT('Ctrl Pts',(229.998152780691,77.6326896011532,13.9611385918664));
#7322=CARTESIAN_POINT('Ctrl Pts',(230.369188669082,77.627529950343,6.93958976203418));
#7323=CARTESIAN_POINT('Ctrl Pts',(230.737833824143,77.6227679465281,-0.082098013557925));
#7324=CARTESIAN_POINT('Ctrl Pts',(230.369619212822,77.9999983236194,21.0231702384971));
#7325=CARTESIAN_POINT('Ctrl Pts',(230.747543114012,78.0001154833936,14.0018214459353));
#7326=CARTESIAN_POINT('Ctrl Pts',(231.123103264257,77.9998819263025,6.98033546060087));
#7327=CARTESIAN_POINT('Ctrl Pts',(231.496199264605,77.9999983236194,-0.0412877739316872));
#7328=CARTESIAN_POINT('Ctrl Pts',(231.122351397904,77.9999983236194,21.0642267575932));
#7329=CARTESIAN_POINT('Ctrl Pts',(231.505314710493,77.9999983236194,14.0429590651966));
#7330=CARTESIAN_POINT('Ctrl Pts',(231.885585252515,77.9999983236194,7.02154454374532));
#7331=CARTESIAN_POINT('Ctrl Pts',(232.263438593513,77.9999983236194,-2.92300905702092E-15));
#7332=CARTESIAN_POINT('',(231.180377195621,77.9999983236194,19.9999999989701));
#7333=CARTESIAN_POINT('Ctrl Pts',(231.180377220984,77.9999983236194,20.0000000003525));
#7334=CARTESIAN_POINT('Ctrl Pts',(231.54373404745,77.9999983236194,13.3334601398767));
#7335=CARTESIAN_POINT('Ctrl Pts',(231.904675879705,77.9999983236194,6.66678867780274));
#7336=CARTESIAN_POINT('Ctrl Pts',(232.263438593513,77.9999983236194,-2.92300905702092E-15));
#7337=CARTESIAN_POINT('Ctrl Pts',(231.11826850977,77.9991840766056,20.0000009284413));
#7338=CARTESIAN_POINT('Ctrl Pts',(231.138954459602,77.999726227497,20.0000003156293));
#7339=CARTESIAN_POINT('Ctrl Pts',(231.159658701452,77.999998739307,19.9999999917817));
#7340=CARTESIAN_POINT('Ctrl Pts',(231.180377220911,77.9999983236194,20.0000000016913));
#7341=CARTESIAN_POINT('Origin',(300.,77.9999983236194,10.));
#7342=CARTESIAN_POINT('',(275.,77.9999983236194,20.));
#7343=CARTESIAN_POINT('',(275.,77.9999983236194,10.));
#7344=CARTESIAN_POINT('',(228.500003833324,77.9999983236194,20.));
#7345=CARTESIAN_POINT('Origin',(239.999998271465,100.000001490116,13.2499998137355));
#7346=CARTESIAN_POINT('',(239.999998271465,100.000000325963,20.));
#7347=CARTESIAN_POINT('Origin',(264.250001916662,99.9999991618097,20.));
#7348=CARTESIAN_POINT('',(275.,110.999999580905,20.));
#7349=CARTESIAN_POINT('',(254.780623034648,117.050001117587,20.));
#7350=CARTESIAN_POINT('Origin',(256.330623034648,117.050001117587,20.));
#7351=CARTESIAN_POINT('',(254.780623034648,82.9499972060323,20.));
#7352=CARTESIAN_POINT('Origin',(256.330623034648,82.9499972060323,20.));
#7353=CARTESIAN_POINT('Origin',(275.,122.,10.));
#7354=CARTESIAN_POINT('Origin',(256.330623034648,82.9499972060323,26.5830579066335));
#7355=CARTESIAN_POINT('',(254.780623034648,82.9499972060323,26.5830579066335));
#7356=CARTESIAN_POINT('Origin',(256.330623034648,117.050001117587,26.5830579066335));
#7357=CARTESIAN_POINT('',(254.780623034648,117.050001117587,26.5830579066335));
#7358=CARTESIAN_POINT('Origin',(200.,100.,0.00856356767843719));
#7359=CARTESIAN_POINT('',(226.700183589207,100.,35.));
#7360=CARTESIAN_POINT('',(228.199816579164,100.,0.00856356767843719));
#7361=CARTESIAN_POINT('Origin',(200.,100.,35.));
#7362=CARTESIAN_POINT('Origin',(200.,100.,35.));
#7363=CARTESIAN_POINT('',(0.,0.,0.));
#7364=CARTESIAN_POINT('',(0.,0.,0.));
#7365=CARTESIAN_POINT('',(0.,0.,0.));
#7366=CARTESIAN_POINT('',(0.,0.,0.));
#7367=CARTESIAN_POINT('',(0.,0.,0.));
#7368=CARTESIAN_POINT('',(0.,0.,0.));
#7369=CARTESIAN_POINT('',(0.,0.,0.));
#7370=CARTESIAN_POINT('',(0.,0.,0.));
#7371=UNCERTAINTY_MEASURE_WITH_UNIT(LENGTH_MEASURE(0.01),#7391,
'DISTANCE_ACCURACY_VALUE',
'Maximum model space distance between geometric entities at asserted c
onnectivities');
#7372=UNCERTAINTY_MEASURE_WITH_UNIT(LENGTH_MEASURE(0.01),#7391,
'DISTANCE_ACCURACY_VALUE',
'Maximum model space distance between geometric entities at asserted c
onnectivities');
#7373=UNCERTAINTY_MEASURE_WITH_UNIT(LENGTH_MEASURE(0.01),#7391,
'DISTANCE_ACCURACY_VALUE',
'Maximum model space distance between geometric entities at asserted c
onnectivities');
#7374=UNCERTAINTY_MEASURE_WITH_UNIT(LENGTH_MEASURE(0.01),#7391,
'DISTANCE_ACCURACY_VALUE',
'Maximum model space distance between geometric entities at asserted c
onnectivities');
#7375=UNCERTAINTY_MEASURE_WITH_UNIT(LENGTH_MEASURE(0.01),#7391,
'DISTANCE_ACCURACY_VALUE',
'Maximum model space distance between geometric entities at asserted c
onnectivities');
#7376=UNCERTAINTY_MEASURE_WITH_UNIT(LENGTH_MEASURE(0.01),#7391,
'DISTANCE_ACCURACY_VALUE',
'Maximum model space distance between geometric entities at asserted c
onnectivities');
#7377=UNCERTAINTY_MEASURE_WITH_UNIT(LENGTH_MEASURE(0.01),#7391,
'DISTANCE_ACCURACY_VALUE',
'Maximum model space distance between geometric entities at asserted c
onnectivities');
#7378=UNCERTAINTY_MEASURE_WITH_UNIT(LENGTH_MEASURE(0.01),#7391,
'DISTANCE_ACCURACY_VALUE',
'Maximum model space distance between geometric entities at asserted c
onnectivities');
#7379=UNCERTAINTY_MEASURE_WITH_UNIT(LENGTH_MEASURE(0.01),#7391,
'DISTANCE_ACCURACY_VALUE',
'Maximum model space distance between geometric entities at asserted c
onnectivities');
#7380=UNCERTAINTY_MEASURE_WITH_UNIT(LENGTH_MEASURE(0.01),#7391,
'DISTANCE_ACCURACY_VALUE',
'Maximum model space distance between geometric entities at asserted c
onnectivities');
#7381=(
GEOMETRIC_REPRESENTATION_CONTEXT(3)
GLOBAL_UNCERTAINTY_ASSIGNED_CONTEXT((#7371))
GLOBAL_UNIT_ASSIGNED_CONTEXT((#7391,#7393,#7394))
REPRESENTATION_CONTEXT('','3D')
);
#7382=(
GEOMETRIC_REPRESENTATION_CONTEXT(3)
GLOBAL_UNCERTAINTY_ASSIGNED_CONTEXT((#7372))
GLOBAL_UNIT_ASSIGNED_CONTEXT((#7391,#7393,#7394))
REPRESENTATION_CONTEXT('','3D')
);
#7383=(
GEOMETRIC_REPRESENTATION_CONTEXT(3)
GLOBAL_UNCERTAINTY_ASSIGNED_CONTEXT((#7373))
GLOBAL_UNIT_ASSIGNED_CONTEXT((#7391,#7393,#7394))
REPRESENTATION_CONTEXT('','3D')
);
#7384=(
GEOMETRIC_REPRESENTATION_CONTEXT(3)
GLOBAL_UNCERTAINTY_ASSIGNED_CONTEXT((#7374))
GLOBAL_UNIT_ASSIGNED_CONTEXT((#7391,#7393,#7394))
REPRESENTATION_CONTEXT('','3D')
);
#7385=(
GEOMETRIC_REPRESENTATION_CONTEXT(3)
GLOBAL_UNCERTAINTY_ASSIGNED_CONTEXT((#7375))
GLOBAL_UNIT_ASSIGNED_CONTEXT((#7391,#7393,#7394))
REPRESENTATION_CONTEXT('','3D')
);
#7386=(
GEOMETRIC_REPRESENTATION_CONTEXT(3)
GLOBAL_UNCERTAINTY_ASSIGNED_CONTEXT((#7376))
GLOBAL_UNIT_ASSIGNED_CONTEXT((#7391,#7393,#7394))
REPRESENTATION_CONTEXT('','3D')
);
#7387=(
GEOMETRIC_REPRESENTATION_CONTEXT(3)
GLOBAL_UNCERTAINTY_ASSIGNED_CONTEXT((#7377))
GLOBAL_UNIT_ASSIGNED_CONTEXT((#7391,#7393,#7394))
REPRESENTATION_CONTEXT('','3D')
);
#7388=(
GEOMETRIC_REPRESENTATION_CONTEXT(3)
GLOBAL_UNCERTAINTY_ASSIGNED_CONTEXT((#7378))
GLOBAL_UNIT_ASSIGNED_CONTEXT((#7391,#7393,#7394))
REPRESENTATION_CONTEXT('','3D')
);
#7389=(
GEOMETRIC_REPRESENTATION_CONTEXT(3)
GLOBAL_UNCERTAINTY_ASSIGNED_CONTEXT((#7379))
GLOBAL_UNIT_ASSIGNED_CONTEXT((#7391,#7393,#7394))
REPRESENTATION_CONTEXT('','3D')
);
#7390=(
GEOMETRIC_REPRESENTATION_CONTEXT(3)
GLOBAL_UNCERTAINTY_ASSIGNED_CONTEXT((#7380))
GLOBAL_UNIT_ASSIGNED_CONTEXT((#7391,#7393,#7394))
REPRESENTATION_CONTEXT('','3D')
);
#7391=(
LENGTH_UNIT()
NAMED_UNIT(*)
SI_UNIT(.MILLI.,.METRE.)
);
#7392=(
LENGTH_UNIT()
NAMED_UNIT(*)
SI_UNIT($,.METRE.)
);
#7393=(
NAMED_UNIT(*)
PLANE_ANGLE_UNIT()
SI_UNIT($,.RADIAN.)
);
#7394=(
NAMED_UNIT(*)
SI_UNIT($,.STERADIAN.)
SOLID_ANGLE_UNIT()
);
#7395=SHAPE_DEFINITION_REPRESENTATION(#7404,#7421);
#7396=SHAPE_DEFINITION_REPRESENTATION(#7405,#7422);
#7397=SHAPE_DEFINITION_REPRESENTATION(#7406,#7423);
#7398=SHAPE_DEFINITION_REPRESENTATION(#7407,#7424);
#7399=SHAPE_DEFINITION_REPRESENTATION(#7408,#7425);
#7400=SHAPE_DEFINITION_REPRESENTATION(#7409,#7426);
#7401=SHAPE_DEFINITION_REPRESENTATION(#7410,#7427);
#7402=SHAPE_DEFINITION_REPRESENTATION(#7411,#7428);
#7403=SHAPE_DEFINITION_REPRESENTATION(#7412,#7429);
#7404=PRODUCT_DEFINITION_SHAPE('',$,#7431);
#7405=PRODUCT_DEFINITION_SHAPE('',$,#7432);
#7406=PRODUCT_DEFINITION_SHAPE('',$,#7433);
#7407=PRODUCT_DEFINITION_SHAPE('',$,#7434);
#7408=PRODUCT_DEFINITION_SHAPE('',$,#7435);
#7409=PRODUCT_DEFINITION_SHAPE('',$,#7436);
#7410=PRODUCT_DEFINITION_SHAPE('',$,#7437);
#7411=PRODUCT_DEFINITION_SHAPE('',$,#7438);
#7412=PRODUCT_DEFINITION_SHAPE('',$,#7439);
#7413=PRODUCT_DEFINITION_SHAPE($,$,#35);
#7414=PRODUCT_DEFINITION_SHAPE($,$,#36);
#7415=PRODUCT_DEFINITION_SHAPE($,$,#37);
#7416=PRODUCT_DEFINITION_SHAPE($,$,#38);
#7417=PRODUCT_DEFINITION_SHAPE($,$,#39);
#7418=PRODUCT_DEFINITION_SHAPE($,$,#40);
#7419=PRODUCT_DEFINITION_SHAPE($,$,#41);
#7420=PRODUCT_DEFINITION_SHAPE($,$,#42);
#7421=SHAPE_REPRESENTATION('',(#4333,#4710,#4711,#4712,#4713,#4714,#4715,
#4716,#4717),#7381);
#7422=SHAPE_REPRESENTATION('',(#4334),#7382);
#7423=SHAPE_REPRESENTATION('',(#4351),#7383);
#7424=SHAPE_REPRESENTATION('',(#4410),#7384);
#7425=SHAPE_REPRESENTATION('',(#4469),#7385);
#7426=SHAPE_REPRESENTATION('',(#4486),#7386);
#7427=SHAPE_REPRESENTATION('',(#4518),#7387);
#7428=SHAPE_REPRESENTATION('',(#4550),#7388);
#7429=SHAPE_REPRESENTATION('',(#4592),#7389);
#7430=PRODUCT_DEFINITION_CONTEXT('part definition',#7459,'design');
#7431=PRODUCT_DEFINITION('2026-06-24-20-51-46-703','PD (1)',#7440,#7430);
#7432=PRODUCT_DEFINITION('2026-06-24-20-51-46-701','Bile\X2\015F\X0\en
2',#7441,#7430);
#7433=PRODUCT_DEFINITION('2026-06-24-20-51-46-701_1','Bile\X2\015F\X0\e
n3',#7442,#7430);
#7434=PRODUCT_DEFINITION('2026-06-24-20-51-46-702','Bile\X2\015F\X0\en
4',#7443,#7430);
#7435=PRODUCT_DEFINITION('2026-06-24-20-51-46-703_1','Bile\X2\015F\X0\e
n6',#7444,#7430);
#7436=PRODUCT_DEFINITION('2026-06-24-20-51-46-703_2','Bile\X2\015F\X0\e
n7',#7445,#7430);
#7437=PRODUCT_DEFINITION('2026-06-24-20-51-46-703_3','Bile\X2\015F\X0\e
n8',#7446,#7430);
#7438=PRODUCT_DEFINITION('2026-06-24-20-51-46-704','Switch',#7447,#7430);
#7439=PRODUCT_DEFINITION('2026-06-24-20-51-46-701_2','Switch (2)',#7448,
#7430);
#7440=PRODUCT_DEFINITION_FORMATION('',$,#7461);
#7441=PRODUCT_DEFINITION_FORMATION('',$,#7462);
#7442=PRODUCT_DEFINITION_FORMATION('',$,#7463);
#7443=PRODUCT_DEFINITION_FORMATION('',$,#7464);
#7444=PRODUCT_DEFINITION_FORMATION('',$,#7465);
#7445=PRODUCT_DEFINITION_FORMATION('',$,#7466);
#7446=PRODUCT_DEFINITION_FORMATION('',$,#7467);
#7447=PRODUCT_DEFINITION_FORMATION('',$,#7468);
#7448=PRODUCT_DEFINITION_FORMATION('',$,#7469);
#7449=PRODUCT_RELATED_PRODUCT_CATEGORY('PD (1)','PD (1)',(#7461));
#7450=PRODUCT_RELATED_PRODUCT_CATEGORY('Bile\X2\015F\X0\en2',
'Bile\X2\015F\X0\en2',(#7462));
#7451=PRODUCT_RELATED_PRODUCT_CATEGORY('Bile\X2\015F\X0\en3',
'Bile\X2\015F\X0\en3',(#7463));
#7452=PRODUCT_RELATED_PRODUCT_CATEGORY('Bile\X2\015F\X0\en4',
'Bile\X2\015F\X0\en4',(#7464));
#7453=PRODUCT_RELATED_PRODUCT_CATEGORY('Bile\X2\015F\X0\en6',
'Bile\X2\015F\X0\en6',(#7465));
#7454=PRODUCT_RELATED_PRODUCT_CATEGORY('Bile\X2\015F\X0\en7',
'Bile\X2\015F\X0\en7',(#7466));
#7455=PRODUCT_RELATED_PRODUCT_CATEGORY('Bile\X2\015F\X0\en8',
'Bile\X2\015F\X0\en8',(#7467));
#7456=PRODUCT_RELATED_PRODUCT_CATEGORY('Switch','Switch',(#7468));
#7457=PRODUCT_RELATED_PRODUCT_CATEGORY('Switch (2)','Switch (2)',(#7469));
#7458=APPLICATION_PROTOCOL_DEFINITION('international standard',
'automotive_design',2009,#7459);
#7459=APPLICATION_CONTEXT(
'Core Data for Automotive Mechanical Design Process');
#7460=PRODUCT_CONTEXT('part definition',#7459,'mechanical');
#7461=PRODUCT('2026-06-24-20-51-46-703','PD (1)',$,(#7460));
#7462=PRODUCT('2026-06-24-20-51-46-701','Bile\X2\015F\X0\en2',$,(#7460));
#7463=PRODUCT('2026-06-24-20-51-46-701_1','Bile\X2\015F\X0\en3',$,(#7460));
#7464=PRODUCT('2026-06-24-20-51-46-702','Bile\X2\015F\X0\en4',$,(#7460));
#7465=PRODUCT('2026-06-24-20-51-46-703_1','Bile\X2\015F\X0\en6',$,(#7460));
#7466=PRODUCT('2026-06-24-20-51-46-703_2','Bile\X2\015F\X0\en7',$,(#7460));
#7467=PRODUCT('2026-06-24-20-51-46-703_3','Bile\X2\015F\X0\en8',$,(#7460));
#7468=PRODUCT('2026-06-24-20-51-46-704','Switch',$,(#7460));
#7469=PRODUCT('2026-06-24-20-51-46-701_2','Switch (2)',$,(#7460));
#7470=PRESENTATION_STYLE_ASSIGNMENT((#7472));
#7471=PRESENTATION_STYLE_ASSIGNMENT((#7473));
#7472=SURFACE_STYLE_USAGE(.BOTH.,#7474);
#7473=SURFACE_STYLE_USAGE(.BOTH.,#7475);
#7474=SURFACE_SIDE_STYLE('',(#7476));
#7475=SURFACE_SIDE_STYLE('',(#7477));
#7476=SURFACE_STYLE_FILL_AREA(#7478);
#7477=SURFACE_STYLE_FILL_AREA(#7479);
#7478=FILL_AREA_STYLE('\X\C7elik - Saten',(#7480));
#7479=FILL_AREA_STYLE('Toz Boya (Sar\X2\0131\X0\)',(#7481));
#7480=FILL_AREA_STYLE_COLOUR('\X\C7elik - Saten',#7482);
#7481=FILL_AREA_STYLE_COLOUR('Toz Boya (Sar\X2\0131\X0\)',#7483);
#7482=COLOUR_RGB('\X\C7elik - Saten',0.627450980392157,0.627450980392157,
0.627450980392157);
#7483=COLOUR_RGB('Toz Boya (Sar\X2\0131\X0\)',0.909803921568627,0.67843137254902,
0.137254901960784);
ENDSEC;
END-ISO-10303-21;
